delta_A,delta_B,payoff_A,payoff_B,accepted_by,rounds,success,guess_A_about_B,guess_B_about_A,guess_error_A,guess_error_B
0.4,0.5,576.9230769230769,423.0769230769231,B,1,True,0.5,0.5,0.0,0.09999999999999998
0.2,0.7,505.6179775280898,494.3820224719102,B,1,True,0.5,0.5,0.19999999999999996,0.3
0.8,0.3,803.5714285714286,196.42857142857144,B,1,True,0.5,0.5,0.2,0.30000000000000004
0.2,0.2,505.6179775280898,494.3820224719102,B,1,True,0.5,0.5,0.3,0.3
0.1,0.7,476.19047619047615,523.8095238095239,B,1,True,0.5,0.5,0.19999999999999996,0.4
0.9,0.5,4.880795256477697,8.274385993495924e-13,B,49,True,0.7022400861828735,0.5552756030218612,0.20224008618287348,0.34472439697813884
0.1,0.4,476.19047619047615,523.8095238095239,B,1,True,0.5,0.5,0.09999999999999998,0.4
0.9,0.9,0.0,0.0,,50,False,0.7089175046708379,0.7089175046708379,0.1910824953291621,0.1910824953291621
0.6,0.5,671.6417910447761,328.35820895522386,B,1,True,0.5,0.5,0.0,0.09999999999999998
0.3,0.2,538.9221556886226,461.07784431137736,B,1,True,0.5,0.5,0.3,0.2
0.5,0.4,620.6896551724137,379.3103448275863,B,1,True,0.5,0.5,0.09999999999999998,0.0
0.1,0.5,476.19047619047615,523.8095238095239,B,1,True,0.5,0.5,0.0,0.4
0.5,0.4,620.6896551724137,379.3103448275863,B,1,True,0.5,0.5,0.09999999999999998,0.0
0.3,0.5,538.9221556886226,461.07784431137736,B,1,True,0.5,0.5,0.0,0.2
0.5,0.6,620.6896551724137,379.3103448275863,B,1,True,0.5,0.5,0.09999999999999998,0.0
0.2,0.6,505.6179775280898,494.3820224719102,B,1,True,0.5,0.5,0.09999999999999998,0.3
0.7,0.9,0.0,0.0,,50,False,0.6125045463769366,0.7089175046708379,0.2874954536230634,0.008917504670837961
0.4,0.3,576.9230769230769,423.0769230769231,B,1,True,0.5,0.5,0.2,0.09999999999999998
0.4,0.8,78.57142857142858,642.8571428571429,A,2,True,0.5019230769230769,0.5,0.29807692307692313,0.09999999999999998
0.5,0.2,620.6896551724137,379.3103448275863,B,1,True,0.5,0.5,0.3,0.0
0.9,0.5,4.880795256477697,8.274385993495924e-13,B,49,True,0.7022400861828735,0.5552756030218612,0.20224008618287348,0.34472439697813884
0.1,0.5,476.19047619047615,523.8095238095239,B,1,True,0.5,0.5,0.0,0.4
0.5,0.9,4.137192996747962e-13,4.392715730829927,A,50,True,0.5569262265369214,0.7022400861828735,0.34307377346307866,0.20224008618287348
0.4,0.7,107.3170731707317,512.1951219512196,A,2,True,0.5019230769230769,0.5,0.19807692307692304,0.09999999999999998
0.7,0.5,731.7073170731708,268.29268292682923,B,1,True,0.5,0.5,0.0,0.19999999999999996
0.7,0.8,0.0,0.0,,50,False,0.6125045463769366,0.6523143680786596,0.1874954536230634,0.04768563192134034
0.3,0.4,538.9221556886226,461.07784431137736,B,1,True,0.5,0.5,0.09999999999999998,0.2
0.5,0.5,620.6896551724137,379.3103448275863,B,1,True,0.5,0.5,0.0,0.0
0.1,0.2,476.19047619047615,523.8095238095239,B,1,True,0.5,0.5,0.3,0.4
0.1,0.8,19.642857142857146,642.8571428571429,A,2,True,0.4994047619047619,0.5,0.30059523809523814,0.4
0.5,0.9,4.137192996747962e-13,4.392715730829927,A,50,True,0.5569262265369214,0.7022400861828735,0.34307377346307866,0.20224008618287348
0.9,0.8,0.0,0.0,,50,False,0.7089175046708379,0.6523143680786596,0.09108249532916213,0.2476856319213404
0.6,0.3,671.6417910447761,328.35820895522386,B,1,True,0.5,0.5,0.2,0.09999999999999998
0.4,0.2,576.9230769230769,423.0769230769231,B,1,True,0.5,0.5,0.3,0.09999999999999998
0.7,0.4,731.7073170731708,268.29268292682923,B,1,True,0.5,0.5,0.09999999999999998,0.19999999999999996
0.8,0.5,13.668664096943806,0.000920245056859165,B,19,True,0.563850487638366,0.524684301019414,0.06385048763836598,0.27531569898058605
0.3,0.6,538.9221556886226,461.07784431137736,B,1,True,0.5,0.5,0.09999999999999998,0.2
0.7,0.6,0.007317168167396026,2.685806844622088e-05,B,33,True,0.5793390003957641,0.5579508101514167,0.02066099960423584,0.14204918984858328
0.9,0.4,103.01632350800304,1.6785541524710594e-06,B,21,True,0.5930723649628478,0.517220569092728,0.19307236496284774,0.38277943090727207
0.6,0.2,671.6417910447761,328.35820895522386,B,1,True,0.5,0.5,0.3,0.09999999999999998
0.1,0.4,476.19047619047615,523.8095238095239,B,1,True,0.5,0.5,0.09999999999999998,0.4
0.5,0.4,620.6896551724137,379.3103448275863,B,1,True,0.5,0.5,0.09999999999999998,0.0
0.2,0.6,505.6179775280898,494.3820224719102,B,1,True,0.5,0.5,0.09999999999999998,0.3
0.3,0.5,538.9221556886226,461.07784431137736,B,1,True,0.5,0.5,0.0,0.2
0.8,0.1,803.5714285714286,196.42857142857144,B,1,True,0.5,0.5,0.4,0.30000000000000004
0.1,0.6,476.19047619047615,523.8095238095239,B,1,True,0.5,0.5,0.09999999999999998,0.4
0.2,0.5,505.6179775280898,494.3820224719102,B,1,True,0.5,0.5,0.0,0.3
0.6,0.1,671.6417910447761,328.35820895522386,B,1,True,0.5,0.5,0.4,0.09999999999999998
0.6,0.5,671.6417910447761,328.35820895522386,B,1,True,0.5,0.5,0.0,0.09999999999999998
0.6,0.3,671.6417910447761,328.35820895522386,B,1,True,0.5,0.5,0.2,0.09999999999999998
0.7,0.2,731.7073170731708,268.29268292682923,B,1,True,0.5,0.5,0.3,0.19999999999999996
0.5,0.4,620.6896551724137,379.3103448275863,B,1,True,0.5,0.5,0.09999999999999998,0.0
0.8,0.5,13.668664096943806,0.000920245056859165,B,19,True,0.563850487638366,0.524684301019414,0.06385048763836598,0.27531569898058605
0.3,0.5,538.9221556886226,461.07784431137736,B,1,True,0.5,0.5,0.0,0.2
0.7,0.3,731.7073170731708,268.29268292682923,B,1,True,0.5,0.5,0.2,0.19999999999999996
0.6,0.1,671.6417910447761,328.35820895522386,B,1,True,0.5,0.5,0.4,0.09999999999999998
0.6,0.1,671.6417910447761,328.35820895522386,B,1,True,0.5,0.5,0.4,0.09999999999999998
0.8,0.3,803.5714285714286,196.42857142857144,B,1,True,0.5,0.5,0.2,0.30000000000000004
0.6,0.6,3.94858699810842,2.0980306018915775,B,11,True,0.5205099499356485,0.5205099499356485,0.0794900500643515,0.0794900500643515
0.5,0.2,620.6896551724137,379.3103448275863,B,1,True,0.5,0.5,0.3,0.0
0.8,0.4,803.5714285714286,196.42857142857144,B,1,True,0.5,0.5,0.09999999999999998,0.30000000000000004
0.7,0.4,731.7073170731708,268.29268292682923,B,1,True,0.5,0.5,0.09999999999999998,0.19999999999999996
0.2,0.1,505.6179775280898,494.3820224719102,B,1,True,0.5,0.5,0.4,0.3
0.1,0.1,476.19047619047615,523.8095238095239,B,1,True,0.5,0.5,0.4,0.4
0.3,0.3,538.9221556886226,461.07784431137736,B,1,True,0.5,0.5,0.2,0.2
0.1,0.9,10.891089108910876,801.9801980198022,A,2,True,0.4994047619047619,0.5,0.4005952380952381,0.4
0.8,0.4,803.5714285714286,196.42857142857144,B,1,True,0.5,0.5,0.09999999999999998,0.30000000000000004
0.6,0.1,671.6417910447761,328.35820895522386,B,1,True,0.5,0.5,0.4,0.09999999999999998
0.2,0.9,21.782178217821752,801.9801980198022,A,2,True,0.5001404494382022,0.5,0.3998595505617978,0.3
0.5,0.7,134.14634146341461,512.1951219512196,A,2,True,0.5030172413793104,0.5,0.1969827586206896,0.0
0.4,0.8,78.57142857142858,642.8571428571429,A,2,True,0.5019230769230769,0.5,0.29807692307692313,0.09999999999999998
0.4,0.4,576.9230769230769,423.0769230769231,B,1,True,0.5,0.5,0.09999999999999998,0.09999999999999998
0.8,0.7,0.0,0.0,,50,False,0.6523143680786596,0.6125045463769366,0.04768563192134034,0.1874954536230634
0.8,0.1,803.5714285714286,196.42857142857144,B,1,True,0.5,0.5,0.4,0.30000000000000004
0.4,0.7,107.3170731707317,512.1951219512196,A,2,True,0.5019230769230769,0.5,0.19807692307692304,0.09999999999999998
0.8,0.4,803.5714285714286,196.42857142857144,B,1,True,0.5,0.5,0.09999999999999998,0.30000000000000004
0.7,0.4,731.7073170731708,268.29268292682923,B,1,True,0.5,0.5,0.09999999999999998,0.19999999999999996
0.8,0.4,803.5714285714286,196.42857142857144,B,1,True,0.5,0.5,0.09999999999999998,0.30000000000000004
0.1,0.1,476.19047619047615,523.8095238095239,B,1,True,0.5,0.5,0.4,0.4
0.5,0.5,620.6896551724137,379.3103448275863,B,1,True,0.5,0.5,0.0,0.0
0.4,0.9,6.714216609884239e-07,92.71469115720275,A,22,True,0.5187152929599038,0.5930723649628478,0.3812847070400962,0.19307236496284774
0.4,0.4,576.9230769230769,423.0769230769231,B,1,True,0.5,0.5,0.09999999999999998,0.09999999999999998
0.7,0.5,731.7073170731708,268.29268292682923,B,1,True,0.5,0.5,0.0,0.19999999999999996
0.3,0.6,538.9221556886226,461.07784431137736,B,1,True,0.5,0.5,0.09999999999999998,0.2
0.1,0.6,476.19047619047615,523.8095238095239,B,1,True,0.5,0.5,0.09999999999999998,0.4
0.2,0.7,505.6179775280898,494.3820224719102,B,1,True,0.5,0.5,0.19999999999999996,0.3
0.1,0.8,19.642857142857146,642.8571428571429,A,2,True,0.4994047619047619,0.5,0.30059523809523814,0.4
0.7,0.2,731.7073170731708,268.29268292682923,B,1,True,0.5,0.5,0.3,0.19999999999999996
0.7,0.4,731.7073170731708,268.29268292682923,B,1,True,0.5,0.5,0.09999999999999998,0.19999999999999996
0.3,0.6,538.9221556886226,461.07784431137736,B,1,True,0.5,0.5,0.09999999999999998,0.2
0.5,0.8,0.0004601225284295825,10.934931277555044,A,20,True,0.5271043534430553,0.563850487638366,0.27289564655694476,0.06385048763836598
0.6,0.7,4.4236988972639704e-05,0.0105157175991318,A,32,True,0.5579508101514167,0.5751765187977013,0.14204918984858328,0.024823481202298714
0.9,0.4,103.01632350800304,1.6785541524710594e-06,B,21,True,0.5930723649628478,0.517220569092728,0.19307236496284774,0.38277943090727207
0.5,0.6,620.6896551724137,379.3103448275863,B,1,True,0.5,0.5,0.09999999999999998,0.0
0.7,0.8,0.0,0.0,,50,False,0.6125045463769366,0.6523143680786596,0.1874954536230634,0.04768563192134034
0.2,0.5,505.6179775280898,494.3820224719102,B,1,True,0.5,0.5,0.0,0.3
0.4,0.1,576.9230769230769,423.0769230769231,B,1,True,0.5,0.5,0.4,0.09999999999999998
0.7,0.3,731.7073170731708,268.29268292682923,B,1,True,0.5,0.5,0.2,0.19999999999999996
0.5,0.1,620.6896551724137,379.3103448275863,B,1,True,0.5,0.5,0.4,0.0
0.3,0.8,58.92857142857143,642.8571428571429,A,2,True,0.5009730538922156,0.5,0.29902694610778446,0.2
0.8,0.7,0.0,0.0,,50,False,0.6523143680786596,0.6125045463769366,0.04768563192134034,0.1874954536230634
0.7,0.4,731.7073170731708,268.29268292682923,B,1,True,0.5,0.5,0.09999999999999998,0.19999999999999996
0.1,0.4,476.19047619047615,523.8095238095239,B,1,True,0.5,0.5,0.09999999999999998,0.4
0.3,0.1,538.9221556886226,461.07784431137736,B,1,True,0.5,0.5,0.4,0.2
0.5,0.2,620.6896551724137,379.3103448275863,B,1,True,0.5,0.5,0.3,0.0
0.7,0.7,0.0,0.0,,50,False,0.6125045463769366,0.6125045463769366,0.08749545362306332,0.08749545362306332
0.4,0.9,6.714216609884239e-07,92.71469115720275,A,22,True,0.5187152929599038,0.5930723649628478,0.3812847070400962,0.19307236496284774
0.1,0.4,476.19047619047615,523.8095238095239,B,1,True,0.5,0.5,0.09999999999999998,0.4
0.3,0.6,538.9221556886226,461.07784431137736,B,1,True,0.5,0.5,0.09999999999999998,0.2
0.9,0.8,0.0,0.0,,50,False,0.7089175046708379,0.6523143680786596,0.09108249532916213,0.2476856319213404
0.9,0.8,0.0,0.0,,50,False,0.7089175046708379,0.6523143680786596,0.09108249532916213,0.2476856319213404
0.1,0.2,476.19047619047615,523.8095238095239,B,1,True,0.5,0.5,0.3,0.4
0.1,0.2,476.19047619047615,523.8095238095239,B,1,True,0.5,0.5,0.3,0.4
0.8,0.9,0.0,0.0,,50,False,0.6523143680786596,0.7089175046708379,0.2476856319213404,0.09108249532916213
0.5,0.3,620.6896551724137,379.3103448275863,B,1,True,0.5,0.5,0.2,0.0
0.1,0.6,476.19047619047615,523.8095238095239,B,1,True,0.5,0.5,0.09999999999999998,0.4
0.2,0.9,21.782178217821752,801.9801980198022,A,2,True,0.5001404494382022,0.5,0.3998595505617978,0.3
0.1,0.5,476.19047619047615,523.8095238095239,B,1,True,0.5,0.5,0.0,0.4
0.6,0.2,671.6417910447761,328.35820895522386,B,1,True,0.5,0.5,0.3,0.09999999999999998
0.2,0.9,21.782178217821752,801.9801980198022,A,2,True,0.5001404494382022,0.5,0.3998595505617978,0.3
0.8,0.7,0.0,0.0,,50,False,0.6523143680786596,0.6125045463769366,0.04768563192134034,0.1874954536230634
0.4,0.5,576.9230769230769,423.0769230769231,B,1,True,0.5,0.5,0.0,0.09999999999999998
0.7,0.4,731.7073170731708,268.29268292682923,B,1,True,0.5,0.5,0.09999999999999998,0.19999999999999996
0.8,0.7,0.0,0.0,,50,False,0.6523143680786596,0.6125045463769366,0.04768563192134034,0.1874954536230634
0.2,0.2,505.6179775280898,494.3820224719102,B,1,True,0.5,0.5,0.3,0.3
0.2,0.6,505.6179775280898,494.3820224719102,B,1,True,0.5,0.5,0.09999999999999998,0.3
0.9,0.7,0.0,0.0,,50,False,0.7089175046708379,0.6125045463769366,0.008917504670837961,0.2874954536230634
0.7,0.8,0.0,0.0,,50,False,0.6125045463769366,0.6523143680786596,0.1874954536230634,0.04768563192134034
0.2,0.4,505.6179775280898,494.3820224719102,B,1,True,0.5,0.5,0.09999999999999998,0.3
0.5,0.8,0.0004601225284295825,10.934931277555044,A,20,True,0.5271043534430553,0.563850487638366,0.27289564655694476,0.06385048763836598
0.7,0.2,731.7073170731708,268.29268292682923,B,1,True,0.5,0.5,0.3,0.19999999999999996
0.9,0.3,891.0891089108912,108.91089108910876,B,1,True,0.5,0.5,0.2,0.4
0.6,0.3,671.6417910447761,328.35820895522386,B,1,True,0.5,0.5,0.2,0.09999999999999998
0.3,0.3,538.9221556886226,461.07784431137736,B,1,True,0.5,0.5,0.2,0.2
0.6,0.8,0.0,0.0,,50,False,0.5818128460684142,0.6523143680786596,0.21818715393158583,0.052314368078659634
0.6,0.5,671.6417910447761,328.35820895522386,B,1,True,0.5,0.5,0.0,0.09999999999999998
0.9,0.1,891.0891089108912,108.91089108910876,B,1,True,0.5,0.5,0.4,0.4
0.3,0.1,538.9221556886226,461.07784431137736,B,1,True,0.5,0.5,0.4,0.2
0.5,0.2,620.6896551724137,379.3103448275863,B,1,True,0.5,0.5,0.3,0.0
0.9,0.2,891.0891089108912,108.91089108910876,B,1,True,0.5,0.5,0.3,0.4
0.8,0.8,0.0,0.0,,50,False,0.6523143680786596,0.6523143680786596,0.14768563192134043,0.14768563192134043
0.9,0.2,891.0891089108912,108.91089108910876,B,1,True,0.5,0.5,0.3,0.4
0.9,0.4,103.01632350800304,1.6785541524710594e-06,B,21,True,0.5930723649628478,0.517220569092728,0.19307236496284774,0.38277943090727207
0.7,0.5,731.7073170731708,268.29268292682923,B,1,True,0.5,0.5,0.0,0.19999999999999996
0.6,0.4,671.6417910447761,328.35820895522386,B,1,True,0.5,0.5,0.09999999999999998,0.09999999999999998
0.3,0.1,538.9221556886226,461.07784431137736,B,1,True,0.5,0.5,0.4,0.2
0.1,0.6,476.19047619047615,523.8095238095239,B,1,True,0.5,0.5,0.09999999999999998,0.4
0.9,0.8,0.0,0.0,,50,False,0.7089175046708379,0.6523143680786596,0.09108249532916213,0.2476856319213404
0.5,0.9,4.137192996747962e-13,4.392715730829927,A,50,True,0.5569262265369214,0.7022400861828735,0.34307377346307866,0.20224008618287348
0.8,0.8,0.0,0.0,,50,False,0.6523143680786596,0.6523143680786596,0.14768563192134043,0.14768563192134043
0.7,0.3,731.7073170731708,268.29268292682923,B,1,True,0.5,0.5,0.2,0.19999999999999996
0.5,0.6,620.6896551724137,379.3103448275863,B,1,True,0.5,0.5,0.09999999999999998,0.0
0.6,0.3,671.6417910447761,328.35820895522386,B,1,True,0.5,0.5,0.2,0.09999999999999998
0.7,0.2,731.7073170731708,268.29268292682923,B,1,True,0.5,0.5,0.3,0.19999999999999996
0.3,0.3,538.9221556886226,461.07784431137736,B,1,True,0.5,0.5,0.2,0.2
0.5,0.6,620.6896551724137,379.3103448275863,B,1,True,0.5,0.5,0.09999999999999998,0.0
0.4,0.6,576.9230769230769,423.0769230769231,B,1,True,0.5,0.5,0.09999999999999998,0.09999999999999998
0.2,0.2,505.6179775280898,494.3820224719102,B,1,True,0.5,0.5,0.3,0.3
0.7,0.3,731.7073170731708,268.29268292682923,B,1,True,0.5,0.5,0.2,0.19999999999999996
0.6,0.6,3.94858699810842,2.0980306018915775,B,11,True,0.5205099499356485,0.5205099499356485,0.0794900500643515,0.0794900500643515
0.6,0.3,671.6417910447761,328.35820895522386,B,1,True,0.5,0.5,0.2,0.09999999999999998
0.5,0.1,620.6896551724137,379.3103448275863,B,1,True,0.5,0.5,0.4,0.0
0.1,0.9,10.891089108910876,801.9801980198022,A,2,True,0.4994047619047619,0.5,0.4005952380952381,0.4
0.2,0.6,505.6179775280898,494.3820224719102,B,1,True,0.5,0.5,0.09999999999999998,0.3
0.2,0.3,505.6179775280898,494.3820224719102,B,1,True,0.5,0.5,0.2,0.3
0.3,0.8,58.92857142857143,642.8571428571429,A,2,True,0.5009730538922156,0.5,0.29902694610778446,0.2
0.2,0.2,505.6179775280898,494.3820224719102,B,1,True,0.5,0.5,0.3,0.3
0.3,0.8,58.92857142857143,642.8571428571429,A,2,True,0.5009730538922156,0.5,0.29902694610778446,0.2
0.4,0.5,576.9230769230769,423.0769230769231,B,1,True,0.5,0.5,0.0,0.09999999999999998
0.7,0.4,731.7073170731708,268.29268292682923,B,1,True,0.5,0.5,0.09999999999999998,0.19999999999999996
0.8,0.4,803.5714285714286,196.42857142857144,B,1,True,0.5,0.5,0.09999999999999998,0.30000000000000004
0.5,0.6,620.6896551724137,379.3103448275863,B,1,True,0.5,0.5,0.09999999999999998,0.0
0.4,0.6,576.9230769230769,423.0769230769231,B,1,True,0.5,0.5,0.09999999999999998,0.09999999999999998
0.9,0.9,0.0,0.0,,50,False,0.7089175046708379,0.7089175046708379,0.1910824953291621,0.1910824953291621
0.8,0.7,0.0,0.0,,50,False,0.6523143680786596,0.6125045463769366,0.04768563192134034,0.1874954536230634
0.9,0.7,0.0,0.0,,50,False,0.7089175046708379,0.6125045463769366,0.008917504670837961,0.2874954536230634
0.6,0.5,671.6417910447761,328.35820895522386,B,1,True,0.5,0.5,0.0,0.09999999999999998
0.8,0.7,0.0,0.0,,50,False,0.6523143680786596,0.6125045463769366,0.04768563192134034,0.1874954536230634
0.1,0.5,476.19047619047615,523.8095238095239,B,1,True,0.5,0.5,0.0,0.4
0.3,0.9,32.67326732673263,801.9801980198022,A,2,True,0.5009730538922156,0.5,0.39902694610778444,0.2
0.8,0.9,0.0,0.0,,50,False,0.6523143680786596,0.7089175046708379,0.2476856319213404,0.09108249532916213
0.6,0.7,4.4236988972639704e-05,0.0105157175991318,A,32,True,0.5579508101514167,0.5751765187977013,0.14204918984858328,0.024823481202298714
0.7,0.1,731.7073170731708,268.29268292682923,B,1,True,0.5,0.5,0.4,0.19999999999999996
0.3,0.9,32.67326732673263,801.9801980198022,A,2,True,0.5009730538922156,0.5,0.39902694610778444,0.2
0.2,0.8,39.28571428571429,642.8571428571429,A,2,True,0.5001404494382022,0.5,0.2998595505617978,0.3
0.6,0.5,671.6417910447761,328.35820895522386,B,1,True,0.5,0.5,0.0,0.09999999999999998
0.2,0.5,505.6179775280898,494.3820224719102,B,1,True,0.5,0.5,0.0,0.3
0.8,0.4,803.5714285714286,196.42857142857144,B,1,True,0.5,0.5,0.09999999999999998,0.30000000000000004
0.8,0.2,803.5714285714286,196.42857142857144,B,1,True,0.5,0.5,0.3,0.30000000000000004
0.3,0.4,538.9221556886226,461.07784431137736,B,1,True,0.5,0.5,0.09999999999999998,0.2
0.2,0.5,505.6179775280898,494.3820224719102,B,1,True,0.5,0.5,0.0,0.3
0.3,0.1,538.9221556886226,461.07784431137736,B,1,True,0.5,0.5,0.4,0.2
0.3,0.7,80.48780487804876,512.1951219512196,A,2,True,0.5009730538922156,0.5,0.19902694610778437,0.2
0.9,0.9,0.0,0.0,,50,False,0.7089175046708379,0.7089175046708379,0.1910824953291621,0.1910824953291621
0.5,0.1,620.6896551724137,379.3103448275863,B,1,True,0.5,0.5,0.4,0.0
0.9,0.4,103.01632350800304,1.6785541524710594e-06,B,21,True,0.5930723649628478,0.517220569092728,0.19307236496284774,0.38277943090727207
0.3,0.2,538.9221556886226,461.07784431137736,B,1,True,0.5,0.5,0.3,0.2
0.4,0.1,576.9230769230769,423.0769230769231,B,1,True,0.5,0.5,0.4,0.09999999999999998
0.6,0.2,671.6417910447761,328.35820895522386,B,1,True,0.5,0.5,0.3,0.09999999999999998
0.2,0.5,505.6179775280898,494.3820224719102,B,1,True,0.5,0.5,0.0,0.3
0.1,0.5,476.19047619047615,523.8095238095239,B,1,True,0.5,0.5,0.0,0.4
0.3,0.3,538.9221556886226,461.07784431137736,B,1,True,0.5,0.5,0.2,0.2
0.7,0.3,731.7073170731708,268.29268292682923,B,1,True,0.5,0.5,0.2,0.19999999999999996
0.2,0.9,21.782178217821752,801.9801980198022,A,2,True,0.5001404494382022,0.5,0.3998595505617978,0.3
0.6,0.1,671.6417910447761,328.35820895522386,B,1,True,0.5,0.5,0.4,0.09999999999999998
0.9,0.3,891.0891089108912,108.91089108910876,B,1,True,0.5,0.5,0.2,0.4
0.9,0.7,0.0,0.0,,50,False,0.7089175046708379,0.6125045463769366,0.008917504670837961,0.2874954536230634
0.3,0.4,538.9221556886226,461.07784431137736,B,1,True,0.5,0.5,0.09999999999999998,0.2
0.5,0.8,0.0004601225284295825,10.934931277555044,A,20,True,0.5271043534430553,0.563850487638366,0.27289564655694476,0.06385048763836598
0.9,0.2,891.0891089108912,108.91089108910876,B,1,True,0.5,0.5,0.3,0.4
0.7,0.3,731.7073170731708,268.29268292682923,B,1,True,0.5,0.5,0.2,0.19999999999999996
0.3,0.5,538.9221556886226,461.07784431137736,B,1,True,0.5,0.5,0.0,0.2
0.9,0.7,0.0,0.0,,50,False,0.7089175046708379,0.6125045463769366,0.008917504670837961,0.2874954536230634
0.9,0.5,4.880795256477697,8.274385993495924e-13,B,49,True,0.7022400861828735,0.5552756030218612,0.20224008618287348,0.34472439697813884
0.7,0.6,0.007317168167396026,2.685806844622088e-05,B,33,True,0.5793390003957641,0.5579508101514167,0.02066099960423584,0.14204918984858328
0.3,0.7,80.48780487804876,512.1951219512196,A,2,True,0.5009730538922156,0.5,0.19902694610778437,0.2
0.1,0.7,476.19047619047615,523.8095238095239,B,1,True,0.5,0.5,0.19999999999999996,0.4
0.1,0.5,476.19047619047615,523.8095238095239,B,1,True,0.5,0.5,0.0,0.4
0.1,0.5,476.19047619047615,523.8095238095239,B,1,True,0.5,0.5,0.0,0.4
0.3,0.2,538.9221556886226,461.07784431137736,B,1,True,0.5,0.5,0.3,0.2
0.3,0.2,538.9221556886226,461.07784431137736,B,1,True,0.5,0.5,0.3,0.2
0.1,0.4,476.19047619047615,523.8095238095239,B,1,True,0.5,0.5,0.09999999999999998,0.4
0.4,0.9,6.714216609884239e-07,92.71469115720275,A,22,True,0.5187152929599038,0.5930723649628478,0.3812847070400962,0.19307236496284774
0.1,0.8,19.642857142857146,642.8571428571429,A,2,True,0.4994047619047619,0.5,0.30059523809523814,0.4
0.9,0.3,891.0891089108912,108.91089108910876,B,1,True,0.5,0.5,0.2,0.4
0.8,0.7,0.0,0.0,,50,False,0.6523143680786596,0.6125045463769366,0.04768563192134034,0.1874954536230634
0.6,0.3,671.6417910447761,328.35820895522386,B,1,True,0.5,0.5,0.2,0.09999999999999998
0.9,0.4,103.01632350800304,1.6785541524710594e-06,B,21,True,0.5930723649628478,0.517220569092728,0.19307236496284774,0.38277943090727207
0.2,0.8,39.28571428571429,642.8571428571429,A,2,True,0.5001404494382022,0.5,0.2998595505617978,0.3
0.6,0.5,671.6417910447761,328.35820895522386,B,1,True,0.5,0.5,0.0,0.09999999999999998
0.7,0.1,731.7073170731708,268.29268292682923,B,1,True,0.5,0.5,0.4,0.19999999999999996
0.4,0.5,576.9230769230769,423.0769230769231,B,1,True,0.5,0.5,0.0,0.09999999999999998
0.5,0.8,0.0004601225284295825,10.934931277555044,A,20,True,0.5271043534430553,0.563850487638366,0.27289564655694476,0.06385048763836598
0.6,0.2,671.6417910447761,328.35820895522386,B,1,True,0.5,0.5,0.3,0.09999999999999998
0.4,0.6,576.9230769230769,423.0769230769231,B,1,True,0.5,0.5,0.09999999999999998,0.09999999999999998
0.2,0.1,505.6179775280898,494.3820224719102,B,1,True,0.5,0.5,0.4,0.3
0.6,0.9,0.0,0.0,,50,False,0.5818128460684142,0.7089175046708379,0.3181871539315858,0.10891750467083794
0.8,0.6,0.0,0.0,,50,False,0.6523143680786596,0.5818128460684142,0.052314368078659634,0.21818715393158583
0.2,0.3,505.6179775280898,494.3820224719102,B,1,True,0.5,0.5,0.2,0.3
0.1,0.8,19.642857142857146,642.8571428571429,A,2,True,0.4994047619047619,0.5,0.30059523809523814,0.4
0.9,0.9,0.0,0.0,,50,False,0.7089175046708379,0.7089175046708379,0.1910824953291621,0.1910824953291621
0.4,0.1,576.9230769230769,423.0769230769231,B,1,True,0.5,0.5,0.4,0.09999999999999998
0.4,0.2,576.9230769230769,423.0769230769231,B,1,True,0.5,0.5,0.3,0.09999999999999998
0.6,0.3,671.6417910447761,328.35820895522386,B,1,True,0.5,0.5,0.2,0.09999999999999998
0.5,0.2,620.6896551724137,379.3103448275863,B,1,True,0.5,0.5,0.3,0.0
0.9,0.9,0.0,0.0,,50,False,0.7089175046708379,0.7089175046708379,0.1910824953291621,0.1910824953291621
0.1,0.2,476.19047619047615,523.8095238095239,B,1,True,0.5,0.5,0.3,0.4
0.4,0.5,576.9230769230769,423.0769230769231,B,1,True,0.5,0.5,0.0,0.09999999999999998
0.1,0.1,476.19047619047615,523.8095238095239,B,1,True,0.5,0.5,0.4,0.4
0.1,0.8,19.642857142857146,642.8571428571429,A,2,True,0.4994047619047619,0.5,0.30059523809523814,0.4
0.3,0.4,538.9221556886226,461.07784431137736,B,1,True,0.5,0.5,0.09999999999999998,0.2
0.6,0.4,671.6417910447761,328.35820895522386,B,1,True,0.5,0.5,0.09999999999999998,0.09999999999999998
0.6,0.5,671.6417910447761,328.35820895522386,B,1,True,0.5,0.5,0.0,0.09999999999999998
0.7,0.7,0.0,0.0,,50,False,0.6125045463769366,0.6125045463769366,0.08749545362306332,0.08749545362306332
0.1,0.3,476.19047619047615,523.8095238095239,B,1,True,0.5,0.5,0.2,0.4
0.7,0.8,0.0,0.0,,50,False,0.6125045463769366,0.6523143680786596,0.1874954536230634,0.04768563192134034
0.2,0.9,21.782178217821752,801.9801980198022,A,2,True,0.5001404494382022,0.5,0.3998595505617978,0.3
0.9,0.5,4.880795256477697,8.274385993495924e-13,B,49,True,0.7022400861828735,0.5552756030218612,0.20224008618287348,0.34472439697813884
0.9,0.5,4.880795256477697,8.274385993495924e-13,B,49,True,0.7022400861828735,0.5552756030218612,0.20224008618287348,0.34472439697813884
0.4,0.7,107.3170731707317,512.1951219512196,A,2,True,0.5019230769230769,0.5,0.19807692307692304,0.09999999999999998
0.6,0.3,671.6417910447761,328.35820895522386,B,1,True,0.5,0.5,0.2,0.09999999999999998
0.4,0.1,576.9230769230769,423.0769230769231,B,1,True,0.5,0.5,0.4,0.09999999999999998
0.8,0.7,0.0,0.0,,50,False,0.6523143680786596,0.6125045463769366,0.04768563192134034,0.1874954536230634
0.5,0.6,620.6896551724137,379.3103448275863,B,1,True,0.5,0.5,0.09999999999999998,0.0
0.7,0.7,0.0,0.0,,50,False,0.6125045463769366,0.6125045463769366,0.08749545362306332,0.08749545362306332
0.6,0.4,671.6417910447761,328.35820895522386,B,1,True,0.5,0.5,0.09999999999999998,0.09999999999999998
0.5,0.5,620.6896551724137,379.3103448275863,B,1,True,0.5,0.5,0.0,0.0
0.9,0.2,891.0891089108912,108.91089108910876,B,1,True,0.5,0.5,0.3,0.4
0.1,0.7,476.19047619047615,523.8095238095239,B,1,True,0.5,0.5,0.19999999999999996,0.4
0.5,0.5,620.6896551724137,379.3103448275863,B,1,True,0.5,0.5,0.0,0.0
0.3,0.6,538.9221556886226,461.07784431137736,B,1,True,0.5,0.5,0.09999999999999998,0.2
0.2,0.3,505.6179775280898,494.3820224719102,B,1,True,0.5,0.5,0.2,0.3
0.2,0.4,505.6179775280898,494.3820224719102,B,1,True,0.5,0.5,0.09999999999999998,0.3
0.5,0.4,620.6896551724137,379.3103448275863,B,1,True,0.5,0.5,0.09999999999999998,0.0
0.8,0.2,803.5714285714286,196.42857142857144,B,1,True,0.5,0.5,0.3,0.30000000000000004
0.6,0.1,671.6417910447761,328.35820895522386,B,1,True,0.5,0.5,0.4,0.09999999999999998
0.8,0.4,803.5714285714286,196.42857142857144,B,1,True,0.5,0.5,0.09999999999999998,0.30000000000000004
0.3,0.2,538.9221556886226,461.07784431137736,B,1,True,0.5,0.5,0.3,0.2
0.4,0.9,6.714216609884239e-07,92.71469115720275,A,22,True,0.5187152929599038,0.5930723649628478,0.3812847070400962,0.19307236496284774
0.2,0.2,505.6179775280898,494.3820224719102,B,1,True,0.5,0.5,0.3,0.3
0.6,0.5,671.6417910447761,328.35820895522386,B,1,True,0.5,0.5,0.0,0.09999999999999998
0.3,0.2,538.9221556886226,461.07784431137736,B,1,True,0.5,0.5,0.3,0.2
0.3,0.1,538.9221556886226,461.07784431137736,B,1,True,0.5,0.5,0.4,0.2
0.3,0.4,538.9221556886226,461.07784431137736,B,1,True,0.5,0.5,0.09999999999999998,0.2
0.5,0.1,620.6896551724137,379.3103448275863,B,1,True,0.5,0.5,0.4,0.0
0.6,0.6,3.94858699810842,2.0980306018915775,B,11,True,0.5205099499356485,0.5205099499356485,0.0794900500643515,0.0794900500643515
0.6,0.3,671.6417910447761,328.35820895522386,B,1,True,0.5,0.5,0.2,0.09999999999999998
0.3,0.4,538.9221556886226,461.07784431137736,B,1,True,0.5,0.5,0.09999999999999998,0.2
0.1,0.1,476.19047619047615,523.8095238095239,B,1,True,0.5,0.5,0.4,0.4
0.3,0.1,538.9221556886226,461.07784431137736,B,1,True,0.5,0.5,0.4,0.2
0.5,0.8,0.0004601225284295825,10.934931277555044,A,20,True,0.5271043534430553,0.563850487638366,0.27289564655694476,0.06385048763836598
0.2,0.4,505.6179775280898,494.3820224719102,B,1,True,0.5,0.5,0.09999999999999998,0.3
0.3,0.7,80.48780487804876,512.1951219512196,A,2,True,0.5009730538922156,0.5,0.19902694610778437,0.2
0.8,0.9,0.0,0.0,,50,False,0.6523143680786596,0.7089175046708379,0.2476856319213404,0.09108249532916213
0.8,0.9,0.0,0.0,,50,False,0.6523143680786596,0.7089175046708379,0.2476856319213404,0.09108249532916213
0.6,0.6,3.94858699810842,2.0980306018915775,B,11,True,0.5205099499356485,0.5205099499356485,0.0794900500643515,0.0794900500643515
0.7,0.7,0.0,0.0,,50,False,0.6125045463769366,0.6125045463769366,0.08749545362306332,0.08749545362306332
0.1,0.1,476.19047619047615,523.8095238095239,B,1,True,0.5,0.5,0.4,0.4
0.3,0.3,538.9221556886226,461.07784431137736,B,1,True,0.5,0.5,0.2,0.2
0.6,0.4,671.6417910447761,328.35820895522386,B,1,True,0.5,0.5,0.09999999999999998,0.09999999999999998
0.5,0.4,620.6896551724137,379.3103448275863,B,1,True,0.5,0.5,0.09999999999999998,0.0
0.6,0.4,671.6417910447761,328.35820895522386,B,1,True,0.5,0.5,0.09999999999999998,0.09999999999999998
0.6,0.7,4.4236988972639704e-05,0.0105157175991318,A,32,True,0.5579508101514167,0.5751765187977013,0.14204918984858328,0.024823481202298714
0.6,0.9,0.0,0.0,,50,False,0.5818128460684142,0.7089175046708379,0.3181871539315858,0.10891750467083794
0.2,0.4,505.6179775280898,494.3820224719102,B,1,True,0.5,0.5,0.09999999999999998,0.3
0.4,0.6,576.9230769230769,423.0769230769231,B,1,True,0.5,0.5,0.09999999999999998,0.09999999999999998
0.3,0.9,32.67326732673263,801.9801980198022,A,2,True,0.5009730538922156,0.5,0.39902694610778444,0.2
0.4,0.1,576.9230769230769,423.0769230769231,B,1,True,0.5,0.5,0.4,0.09999999999999998
0.1,0.2,476.19047619047615,523.8095238095239,B,1,True,0.5,0.5,0.3,0.4
0.4,0.5,576.9230769230769,423.0769230769231,B,1,True,0.5,0.5,0.0,0.09999999999999998
0.6,0.9,0.0,0.0,,50,False,0.5818128460684142,0.7089175046708379,0.3181871539315858,0.10891750467083794
0.8,0.1,803.5714285714286,196.42857142857144,B,1,True,0.5,0.5,0.4,0.30000000000000004
0.5,0.7,134.14634146341461,512.1951219512196,A,2,True,0.5030172413793104,0.5,0.1969827586206896,0.0
0.3,0.3,538.9221556886226,461.07784431137736,B,1,True,0.5,0.5,0.2,0.2
0.7,0.8,0.0,0.0,,50,False,0.6125045463769366,0.6523143680786596,0.1874954536230634,0.04768563192134034
0.6,0.6,3.94858699810842,2.0980306018915775,B,11,True,0.5205099499356485,0.5205099499356485,0.0794900500643515,0.0794900500643515
0.1,0.8,19.642857142857146,642.8571428571429,A,2,True,0.4994047619047619,0.5,0.30059523809523814,0.4
0.3,0.8,58.92857142857143,642.8571428571429,A,2,True,0.5009730538922156,0.5,0.29902694610778446,0.2
0.1,0.7,476.19047619047615,523.8095238095239,B,1,True,0.5,0.5,0.19999999999999996,0.4
0.4,0.2,576.9230769230769,423.0769230769231,B,1,True,0.5,0.5,0.3,0.09999999999999998
0.6,0.5,671.6417910447761,328.35820895522386,B,1,True,0.5,0.5,0.0,0.09999999999999998
0.9,0.1,891.0891089108912,108.91089108910876,B,1,True,0.5,0.5,0.4,0.4
0.2,0.8,39.28571428571429,642.8571428571429,A,2,True,0.5001404494382022,0.5,0.2998595505617978,0.3
0.3,0.9,32.67326732673263,801.9801980198022,A,2,True,0.5009730538922156,0.5,0.39902694610778444,0.2
0.1,0.3,476.19047619047615,523.8095238095239,B,1,True,0.5,0.5,0.2,0.4
0.4,0.6,576.9230769230769,423.0769230769231,B,1,True,0.5,0.5,0.09999999999999998,0.09999999999999998
0.1,0.1,476.19047619047615,523.8095238095239,B,1,True,0.5,0.5,0.4,0.4
0.7,0.7,0.0,0.0,,50,False,0.6125045463769366,0.6125045463769366,0.08749545362306332,0.08749545362306332
0.4,0.3,576.9230769230769,423.0769230769231,B,1,True,0.5,0.5,0.2,0.09999999999999998
0.1,0.3,476.19047619047615,523.8095238095239,B,1,True,0.5,0.5,0.2,0.4
0.3,0.5,538.9221556886226,461.07784431137736,B,1,True,0.5,0.5,0.0,0.2
0.4,0.7,107.3170731707317,512.1951219512196,A,2,True,0.5019230769230769,0.5,0.19807692307692304,0.09999999999999998
0.6,0.9,0.0,0.0,,50,False,0.5818128460684142,0.7089175046708379,0.3181871539315858,0.10891750467083794
0.6,0.3,671.6417910447761,328.35820895522386,B,1,True,0.5,0.5,0.2,0.09999999999999998
0.6,0.9,0.0,0.0,,50,False,0.5818128460684142,0.7089175046708379,0.3181871539315858,0.10891750467083794
0.6,0.5,671.6417910447761,328.35820895522386,B,1,True,0.5,0.5,0.0,0.09999999999999998
0.6,0.9,0.0,0.0,,50,False,0.5818128460684142,0.7089175046708379,0.3181871539315858,0.10891750467083794
0.1,0.9,10.891089108910876,801.9801980198022,A,2,True,0.4994047619047619,0.5,0.4005952380952381,0.4
0.3,0.6,538.9221556886226,461.07784431137736,B,1,True,0.5,0.5,0.09999999999999998,0.2
0.4,0.8,78.57142857142858,642.8571428571429,A,2,True,0.5019230769230769,0.5,0.29807692307692313,0.09999999999999998
0.8,0.2,803.5714285714286,196.42857142857144,B,1,True,0.5,0.5,0.3,0.30000000000000004
0.2,0.4,505.6179775280898,494.3820224719102,B,1,True,0.5,0.5,0.09999999999999998,0.3
0.3,0.3,538.9221556886226,461.07784431137736,B,1,True,0.5,0.5,0.2,0.2
0.9,0.3,891.0891089108912,108.91089108910876,B,1,True,0.5,0.5,0.2,0.4
0.1,0.9,10.891089108910876,801.9801980198022,A,2,True,0.4994047619047619,0.5,0.4005952380952381,0.4
0.6,0.2,671.6417910447761,328.35820895522386,B,1,True,0.5,0.5,0.3,0.09999999999999998
0.1,0.3,476.19047619047615,523.8095238095239,B,1,True,0.5,0.5,0.2,0.4
0.9,0.3,891.0891089108912,108.91089108910876,B,1,True,0.5,0.5,0.2,0.4
0.5,0.1,620.6896551724137,379.3103448275863,B,1,True,0.5,0.5,0.4,0.0
0.5,0.8,0.0004601225284295825,10.934931277555044,A,20,True,0.5271043534430553,0.563850487638366,0.27289564655694476,0.06385048763836598
0.5,0.4,620.6896551724137,379.3103448275863,B,1,True,0.5,0.5,0.09999999999999998,0.0
0.8,0.5,13.668664096943806,0.000920245056859165,B,19,True,0.563850487638366,0.524684301019414,0.06385048763836598,0.27531569898058605
0.9,0.1,891.0891089108912,108.91089108910876,B,1,True,0.5,0.5,0.4,0.4
0.3,0.5,538.9221556886226,461.07784431137736,B,1,True,0.5,0.5,0.0,0.2
0.7,0.1,731.7073170731708,268.29268292682923,B,1,True,0.5,0.5,0.4,0.19999999999999996
0.1,0.6,476.19047619047615,523.8095238095239,B,1,True,0.5,0.5,0.09999999999999998,0.4
0.9,0.6,0.0,0.0,,50,False,0.7089175046708379,0.5818128460684142,0.10891750467083794,0.3181871539315858
0.2,0.4,505.6179775280898,494.3820224719102,B,1,True,0.5,0.5,0.09999999999999998,0.3
0.7,0.2,731.7073170731708,268.29268292682923,B,1,True,0.5,0.5,0.3,0.19999999999999996
0.7,0.1,731.7073170731708,268.29268292682923,B,1,True,0.5,0.5,0.4,0.19999999999999996
0.5,0.4,620.6896551724137,379.3103448275863,B,1,True,0.5,0.5,0.09999999999999998,0.0
0.4,0.3,576.9230769230769,423.0769230769231,B,1,True,0.5,0.5,0.2,0.09999999999999998
0.4,0.2,576.9230769230769,423.0769230769231,B,1,True,0.5,0.5,0.3,0.09999999999999998
0.2,0.1,505.6179775280898,494.3820224719102,B,1,True,0.5,0.5,0.4,0.3
0.1,0.5,476.19047619047615,523.8095238095239,B,1,True,0.5,0.5,0.0,0.4
0.9,0.9,0.0,0.0,,50,False,0.7089175046708379,0.7089175046708379,0.1910824953291621,0.1910824953291621
0.9,0.7,0.0,0.0,,50,False,0.7089175046708379,0.6125045463769366,0.008917504670837961,0.2874954536230634
0.2,0.2,505.6179775280898,494.3820224719102,B,1,True,0.5,0.5,0.3,0.3
0.9,0.6,0.0,0.0,,50,False,0.7089175046708379,0.5818128460684142,0.10891750467083794,0.3181871539315858
0.3,0.4,538.9221556886226,461.07784431137736,B,1,True,0.5,0.5,0.09999999999999998,0.2
0.9,0.9,0.0,0.0,,50,False,0.7089175046708379,0.7089175046708379,0.1910824953291621,0.1910824953291621
0.1,0.1,476.19047619047615,523.8095238095239,B,1,True,0.5,0.5,0.4,0.4
0.2,0.3,505.6179775280898,494.3820224719102,B,1,True,0.5,0.5,0.2,0.3
0.7,0.3,731.7073170731708,268.29268292682923,B,1,True,0.5,0.5,0.2,0.19999999999999996
0.2,0.9,21.782178217821752,801.9801980198022,A,2,True,0.5001404494382022,0.5,0.3998595505617978,0.3
0.6,0.9,0.0,0.0,,50,False,0.5818128460684142,0.7089175046708379,0.3181871539315858,0.10891750467083794
0.6,0.5,671.6417910447761,328.35820895522386,B,1,True,0.5,0.5,0.0,0.09999999999999998
0.3,0.2,538.9221556886226,461.07784431137736,B,1,True,0.5,0.5,0.3,0.2
0.2,0.1,505.6179775280898,494.3820224719102,B,1,True,0.5,0.5,0.4,0.3
0.3,0.1,538.9221556886226,461.07784431137736,B,1,True,0.5,0.5,0.4,0.2
0.5,0.9,4.137192996747962e-13,4.392715730829927,A,50,True,0.5569262265369214,0.7022400861828735,0.34307377346307866,0.20224008618287348
0.7,0.5,731.7073170731708,268.29268292682923,B,1,True,0.5,0.5,0.0,0.19999999999999996
0.6,0.3,671.6417910447761,328.35820895522386,B,1,True,0.5,0.5,0.2,0.09999999999999998
0.9,0.6,0.0,0.0,,50,False,0.7089175046708379,0.5818128460684142,0.10891750467083794,0.3181871539315858
0.9,0.8,0.0,0.0,,50,False,0.7089175046708379,0.6523143680786596,0.09108249532916213,0.2476856319213404
0.4,0.8,78.57142857142858,642.8571428571429,A,2,True,0.5019230769230769,0.5,0.29807692307692313,0.09999999999999998
0.3,0.8,58.92857142857143,642.8571428571429,A,2,True,0.5009730538922156,0.5,0.29902694610778446,0.2
0.9,0.1,891.0891089108912,108.91089108910876,B,1,True,0.5,0.5,0.4,0.4
0.9,0.4,103.01632350800304,1.6785541524710594e-06,B,21,True,0.5930723649628478,0.517220569092728,0.19307236496284774,0.38277943090727207
0.5,0.8,0.0004601225284295825,10.934931277555044,A,20,True,0.5271043534430553,0.563850487638366,0.27289564655694476,0.06385048763836598
0.6,0.3,671.6417910447761,328.35820895522386,B,1,True,0.5,0.5,0.2,0.09999999999999998
0.5,0.3,620.6896551724137,379.3103448275863,B,1,True,0.5,0.5,0.2,0.0
0.6,0.5,671.6417910447761,328.35820895522386,B,1,True,0.5,0.5,0.0,0.09999999999999998
0.6,0.4,671.6417910447761,328.35820895522386,B,1,True,0.5,0.5,0.09999999999999998,0.09999999999999998
0.9,0.8,0.0,0.0,,50,False,0.7089175046708379,0.6523143680786596,0.09108249532916213,0.2476856319213404
0.5,0.5,620.6896551724137,379.3103448275863,B,1,True,0.5,0.5,0.0,0.0
0.6,0.3,671.6417910447761,328.35820895522386,B,1,True,0.5,0.5,0.2,0.09999999999999998
0.6,0.2,671.6417910447761,328.35820895522386,B,1,True,0.5,0.5,0.3,0.09999999999999998
0.4,0.6,576.9230769230769,423.0769230769231,B,1,True,0.5,0.5,0.09999999999999998,0.09999999999999998
0.4,0.3,576.9230769230769,423.0769230769231,B,1,True,0.5,0.5,0.2,0.09999999999999998
0.8,0.2,803.5714285714286,196.42857142857144,B,1,True,0.5,0.5,0.3,0.30000000000000004
0.5,0.1,620.6896551724137,379.3103448275863,B,1,True,0.5,0.5,0.4,0.0
0.9,0.1,891.0891089108912,108.91089108910876,B,1,True,0.5,0.5,0.4,0.4
0.1,0.1,476.19047619047615,523.8095238095239,B,1,True,0.5,0.5,0.4,0.4
0.9,0.3,891.0891089108912,108.91089108910876,B,1,True,0.5,0.5,0.2,0.4
0.4,0.4,576.9230769230769,423.0769230769231,B,1,True,0.5,0.5,0.09999999999999998,0.09999999999999998
0.6,0.7,4.4236988972639704e-05,0.0105157175991318,A,32,True,0.5579508101514167,0.5751765187977013,0.14204918984858328,0.024823481202298714
0.7,0.4,731.7073170731708,268.29268292682923,B,1,True,0.5,0.5,0.09999999999999998,0.19999999999999996
0.8,0.7,0.0,0.0,,50,False,0.6523143680786596,0.6125045463769366,0.04768563192134034,0.1874954536230634
0.5,0.9,4.137192996747962e-13,4.392715730829927,A,50,True,0.5569262265369214,0.7022400861828735,0.34307377346307866,0.20224008618287348
0.2,0.6,505.6179775280898,494.3820224719102,B,1,True,0.5,0.5,0.09999999999999998,0.3
0.1,0.2,476.19047619047615,523.8095238095239,B,1,True,0.5,0.5,0.3,0.4
0.3,0.1,538.9221556886226,461.07784431137736,B,1,True,0.5,0.5,0.4,0.2
0.7,0.1,731.7073170731708,268.29268292682923,B,1,True,0.5,0.5,0.4,0.19999999999999996
0.7,0.3,731.7073170731708,268.29268292682923,B,1,True,0.5,0.5,0.2,0.19999999999999996
0.7,0.1,731.7073170731708,268.29268292682923,B,1,True,0.5,0.5,0.4,0.19999999999999996
0.9,0.4,103.01632350800304,1.6785541524710594e-06,B,21,True,0.5930723649628478,0.517220569092728,0.19307236496284774,0.38277943090727207
0.6,0.6,3.94858699810842,2.0980306018915775,B,11,True,0.5205099499356485,0.5205099499356485,0.0794900500643515,0.0794900500643515
0.9,0.6,0.0,0.0,,50,False,0.7089175046708379,0.5818128460684142,0.10891750467083794,0.3181871539315858
0.3,0.1,538.9221556886226,461.07784431137736,B,1,True,0.5,0.5,0.4,0.2
0.6,0.6,3.94858699810842,2.0980306018915775,B,11,True,0.5205099499356485,0.5205099499356485,0.0794900500643515,0.0794900500643515
0.2,0.7,505.6179775280898,494.3820224719102,B,1,True,0.5,0.5,0.19999999999999996,0.3
0.4,0.8,78.57142857142858,642.8571428571429,A,2,True,0.5019230769230769,0.5,0.29807692307692313,0.09999999999999998
0.6,0.7,4.4236988972639704e-05,0.0105157175991318,A,32,True,0.5579508101514167,0.5751765187977013,0.14204918984858328,0.024823481202298714
0.9,0.2,891.0891089108912,108.91089108910876,B,1,True,0.5,0.5,0.3,0.4
0.7,0.3,731.7073170731708,268.29268292682923,B,1,True,0.5,0.5,0.2,0.19999999999999996
0.2,0.8,39.28571428571429,642.8571428571429,A,2,True,0.5001404494382022,0.5,0.2998595505617978,0.3
0.7,0.9,0.0,0.0,,50,False,0.6125045463769366,0.7089175046708379,0.2874954536230634,0.008917504670837961
0.4,0.1,576.9230769230769,423.0769230769231,B,1,True,0.5,0.5,0.4,0.09999999999999998
0.2,0.5,505.6179775280898,494.3820224719102,B,1,True,0.5,0.5,0.0,0.3
0.2,0.3,505.6179775280898,494.3820224719102,B,1,True,0.5,0.5,0.2,0.3
0.3,0.8,58.92857142857143,642.8571428571429,A,2,True,0.5009730538922156,0.5,0.29902694610778446,0.2
0.8,0.6,0.0,0.0,,50,False,0.6523143680786596,0.5818128460684142,0.052314368078659634,0.21818715393158583
0.7,0.6,0.007317168167396026,2.685806844622088e-05,B,33,True,0.5793390003957641,0.5579508101514167,0.02066099960423584,0.14204918984858328
0.7,0.5,731.7073170731708,268.29268292682923,B,1,True,0.5,0.5,0.0,0.19999999999999996
0.7,0.2,731.7073170731708,268.29268292682923,B,1,True,0.5,0.5,0.3,0.19999999999999996
0.6,0.7,4.4236988972639704e-05,0.0105157175991318,A,32,True,0.5579508101514167,0.5751765187977013,0.14204918984858328,0.024823481202298714
0.9,0.2,891.0891089108912,108.91089108910876,B,1,True,0.5,0.5,0.3,0.4
0.8,0.7,0.0,0.0,,50,False,0.6523143680786596,0.6125045463769366,0.04768563192134034,0.1874954536230634
0.6,0.4,671.6417910447761,328.35820895522386,B,1,True,0.5,0.5,0.09999999999999998,0.09999999999999998
0.3,0.7,80.48780487804876,512.1951219512196,A,2,True,0.5009730538922156,0.5,0.19902694610778437,0.2
0.5,0.2,620.6896551724137,379.3103448275863,B,1,True,0.5,0.5,0.3,0.0
0.6,0.9,0.0,0.0,,50,False,0.5818128460684142,0.7089175046708379,0.3181871539315858,0.10891750467083794
0.1,0.9,10.891089108910876,801.9801980198022,A,2,True,0.4994047619047619,0.5,0.4005952380952381,0.4
0.4,0.3,576.9230769230769,423.0769230769231,B,1,True,0.5,0.5,0.2,0.09999999999999998
0.8,0.4,803.5714285714286,196.42857142857144,B,1,True,0.5,0.5,0.09999999999999998,0.30000000000000004
0.9,0.6,0.0,0.0,,50,False,0.7089175046708379,0.5818128460684142,0.10891750467083794,0.3181871539315858
0.7,0.8,0.0,0.0,,50,False,0.6125045463769366,0.6523143680786596,0.1874954536230634,0.04768563192134034
0.7,0.9,0.0,0.0,,50,False,0.6125045463769366,0.7089175046708379,0.2874954536230634,0.008917504670837961
0.2,0.8,39.28571428571429,642.8571428571429,A,2,True,0.5001404494382022,0.5,0.2998595505617978,0.3
0.1,0.7,476.19047619047615,523.8095238095239,B,1,True,0.5,0.5,0.19999999999999996,0.4
0.6,0.8,0.0,0.0,,50,False,0.5818128460684142,0.6523143680786596,0.21818715393158583,0.052314368078659634
0.5,0.4,620.6896551724137,379.3103448275863,B,1,True,0.5,0.5,0.09999999999999998,0.0
0.3,0.6,538.9221556886226,461.07784431137736,B,1,True,0.5,0.5,0.09999999999999998,0.2
0.6,0.3,671.6417910447761,328.35820895522386,B,1,True,0.5,0.5,0.2,0.09999999999999998
0.5,0.9,4.137192996747962e-13,4.392715730829927,A,50,True,0.5569262265369214,0.7022400861828735,0.34307377346307866,0.20224008618287348
0.8,0.3,803.5714285714286,196.42857142857144,B,1,True,0.5,0.5,0.2,0.30000000000000004
0.8,0.7,0.0,0.0,,50,False,0.6523143680786596,0.6125045463769366,0.04768563192134034,0.1874954536230634
0.8,0.6,0.0,0.0,,50,False,0.6523143680786596,0.5818128460684142,0.052314368078659634,0.21818715393158583
0.9,0.1,891.0891089108912,108.91089108910876,B,1,True,0.5,0.5,0.4,0.4
0.7,0.5,731.7073170731708,268.29268292682923,B,1,True,0.5,0.5,0.0,0.19999999999999996
0.3,0.9,32.67326732673263,801.9801980198022,A,2,True,0.5009730538922156,0.5,0.39902694610778444,0.2
0.3,0.1,538.9221556886226,461.07784431137736,B,1,True,0.5,0.5,0.4,0.2
0.8,0.5,13.668664096943806,0.000920245056859165,B,19,True,0.563850487638366,0.524684301019414,0.06385048763836598,0.27531569898058605
0.3,0.1,538.9221556886226,461.07784431137736,B,1,True,0.5,0.5,0.4,0.2
0.1,0.4,476.19047619047615,523.8095238095239,B,1,True,0.5,0.5,0.09999999999999998,0.4
0.6,0.3,671.6417910447761,328.35820895522386,B,1,True,0.5,0.5,0.2,0.09999999999999998
0.6,0.6,3.94858699810842,2.0980306018915775,B,11,True,0.5205099499356485,0.5205099499356485,0.0794900500643515,0.0794900500643515
0.8,0.4,803.5714285714286,196.42857142857144,B,1,True,0.5,0.5,0.09999999999999998,0.30000000000000004
0.5,0.1,620.6896551724137,379.3103448275863,B,1,True,0.5,0.5,0.4,0.0
0.2,0.1,505.6179775280898,494.3820224719102,B,1,True,0.5,0.5,0.4,0.3
0.8,0.2,803.5714285714286,196.42857142857144,B,1,True,0.5,0.5,0.3,0.30000000000000004
0.4,0.4,576.9230769230769,423.0769230769231,B,1,True,0.5,0.5,0.09999999999999998,0.09999999999999998
0.8,0.9,0.0,0.0,,50,False,0.6523143680786596,0.7089175046708379,0.2476856319213404,0.09108249532916213
0.2,0.9,21.782178217821752,801.9801980198022,A,2,True,0.5001404494382022,0.5,0.3998595505617978,0.3
0.3,0.3,538.9221556886226,461.07784431137736,B,1,True,0.5,0.5,0.2,0.2
0.4,0.1,576.9230769230769,423.0769230769231,B,1,True,0.5,0.5,0.4,0.09999999999999998
0.4,0.9,6.714216609884239e-07,92.71469115720275,A,22,True,0.5187152929599038,0.5930723649628478,0.3812847070400962,0.19307236496284774
0.4,0.4,576.9230769230769,423.0769230769231,B,1,True,0.5,0.5,0.09999999999999998,0.09999999999999998
0.1,0.9,10.891089108910876,801.9801980198022,A,2,True,0.4994047619047619,0.5,0.4005952380952381,0.4
0.8,0.6,0.0,0.0,,50,False,0.6523143680786596,0.5818128460684142,0.052314368078659634,0.21818715393158583
0.6,0.5,671.6417910447761,328.35820895522386,B,1,True,0.5,0.5,0.0,0.09999999999999998
0.7,0.3,731.7073170731708,268.29268292682923,B,1,True,0.5,0.5,0.2,0.19999999999999996
0.6,0.2,671.6417910447761,328.35820895522386,B,1,True,0.5,0.5,0.3,0.09999999999999998
0.5,0.5,620.6896551724137,379.3103448275863,B,1,True,0.5,0.5,0.0,0.0
0.2,0.1,505.6179775280898,494.3820224719102,B,1,True,0.5,0.5,0.4,0.3
0.6,0.1,671.6417910447761,328.35820895522386,B,1,True,0.5,0.5,0.4,0.09999999999999998
0.7,0.2,731.7073170731708,268.29268292682923,B,1,True,0.5,0.5,0.3,0.19999999999999996
0.4,0.4,576.9230769230769,423.0769230769231,B,1,True,0.5,0.5,0.09999999999999998,0.09999999999999998
0.1,0.8,19.642857142857146,642.8571428571429,A,2,True,0.4994047619047619,0.5,0.30059523809523814,0.4
0.7,0.6,0.007317168167396026,2.685806844622088e-05,B,33,True,0.5793390003957641,0.5579508101514167,0.02066099960423584,0.14204918984858328
0.2,0.2,505.6179775280898,494.3820224719102,B,1,True,0.5,0.5,0.3,0.3
0.3,0.8,58.92857142857143,642.8571428571429,A,2,True,0.5009730538922156,0.5,0.29902694610778446,0.2
0.7,0.9,0.0,0.0,,50,False,0.6125045463769366,0.7089175046708379,0.2874954536230634,0.008917504670837961
0.7,0.2,731.7073170731708,268.29268292682923,B,1,True,0.5,0.5,0.3,0.19999999999999996
0.3,0.3,538.9221556886226,461.07784431137736,B,1,True,0.5,0.5,0.2,0.2
0.1,0.3,476.19047619047615,523.8095238095239,B,1,True,0.5,0.5,0.2,0.4
0.8,0.9,0.0,0.0,,50,False,0.6523143680786596,0.7089175046708379,0.2476856319213404,0.09108249532916213
0.9,0.8,0.0,0.0,,50,False,0.7089175046708379,0.6523143680786596,0.09108249532916213,0.2476856319213404
0.8,0.6,0.0,0.0,,50,False,0.6523143680786596,0.5818128460684142,0.052314368078659634,0.21818715393158583
0.7,0.4,731.7073170731708,268.29268292682923,B,1,True,0.5,0.5,0.09999999999999998,0.19999999999999996
0.5,0.5,620.6896551724137,379.3103448275863,B,1,True,0.5,0.5,0.0,0.0
0.1,0.5,476.19047619047615,523.8095238095239,B,1,True,0.5,0.5,0.0,0.4
0.7,0.6,0.007317168167396026,2.685806844622088e-05,B,33,True,0.5793390003957641,0.5579508101514167,0.02066099960423584,0.14204918984858328
0.5,0.2,620.6896551724137,379.3103448275863,B,1,True,0.5,0.5,0.3,0.0
0.3,0.9,32.67326732673263,801.9801980198022,A,2,True,0.5009730538922156,0.5,0.39902694610778444,0.2
0.4,0.3,576.9230769230769,423.0769230769231,B,1,True,0.5,0.5,0.2,0.09999999999999998
0.7,0.9,0.0,0.0,,50,False,0.6125045463769366,0.7089175046708379,0.2874954536230634,0.008917504670837961
0.3,0.3,538.9221556886226,461.07784431137736,B,1,True,0.5,0.5,0.2,0.2
0.4,0.9,6.714216609884239e-07,92.71469115720275,A,22,True,0.5187152929599038,0.5930723649628478,0.3812847070400962,0.19307236496284774
0.2,0.9,21.782178217821752,801.9801980198022,A,2,True,0.5001404494382022,0.5,0.3998595505617978,0.3
0.2,0.5,505.6179775280898,494.3820224719102,B,1,True,0.5,0.5,0.0,0.3
0.1,0.2,476.19047619047615,523.8095238095239,B,1,True,0.5,0.5,0.3,0.4
0.9,0.8,0.0,0.0,,50,False,0.7089175046708379,0.6523143680786596,0.09108249532916213,0.2476856319213404
0.2,0.9,21.782178217821752,801.9801980198022,A,2,True,0.5001404494382022,0.5,0.3998595505617978,0.3
0.1,0.5,476.19047619047615,523.8095238095239,B,1,True,0.5,0.5,0.0,0.4
0.5,0.4,620.6896551724137,379.3103448275863,B,1,True,0.5,0.5,0.09999999999999998,0.0
0.4,0.2,576.9230769230769,423.0769230769231,B,1,True,0.5,0.5,0.3,0.09999999999999998
0.5,0.7,134.14634146341461,512.1951219512196,A,2,True,0.5030172413793104,0.5,0.1969827586206896,0.0
0.5,0.9,4.137192996747962e-13,4.392715730829927,A,50,True,0.5569262265369214,0.7022400861828735,0.34307377346307866,0.20224008618287348
0.5,0.1,620.6896551724137,379.3103448275863,B,1,True,0.5,0.5,0.4,0.0
0.2,0.7,505.6179775280898,494.3820224719102,B,1,True,0.5,0.5,0.19999999999999996,0.3
0.6,0.3,671.6417910447761,328.35820895522386,B,1,True,0.5,0.5,0.2,0.09999999999999998
0.8,0.6,0.0,0.0,,50,False,0.6523143680786596,0.5818128460684142,0.052314368078659634,0.21818715393158583
0.4,0.8,78.57142857142858,642.8571428571429,A,2,True,0.5019230769230769,0.5,0.29807692307692313,0.09999999999999998
0.4,0.3,576.9230769230769,423.0769230769231,B,1,True,0.5,0.5,0.2,0.09999999999999998
0.3,0.6,538.9221556886226,461.07784431137736,B,1,True,0.5,0.5,0.09999999999999998,0.2
0.1,0.4,476.19047619047615,523.8095238095239,B,1,True,0.5,0.5,0.09999999999999998,0.4
0.4,0.9,6.714216609884239e-07,92.71469115720275,A,22,True,0.5187152929599038,0.5930723649628478,0.3812847070400962,0.19307236496284774
0.8,0.9,0.0,0.0,,50,False,0.6523143680786596,0.7089175046708379,0.2476856319213404,0.09108249532916213
0.6,0.3,671.6417910447761,328.35820895522386,B,1,True,0.5,0.5,0.2,0.09999999999999998
0.3,0.6,538.9221556886226,461.07784431137736,B,1,True,0.5,0.5,0.09999999999999998,0.2
0.9,0.7,0.0,0.0,,50,False,0.7089175046708379,0.6125045463769366,0.008917504670837961,0.2874954536230634
0.8,0.6,0.0,0.0,,50,False,0.6523143680786596,0.5818128460684142,0.052314368078659634,0.21818715393158583
0.6,0.2,671.6417910447761,328.35820895522386,B,1,True,0.5,0.5,0.3,0.09999999999999998
0.8,0.8,0.0,0.0,,50,False,0.6523143680786596,0.6523143680786596,0.14768563192134043,0.14768563192134043
0.5,0.5,620.6896551724137,379.3103448275863,B,1,True,0.5,0.5,0.0,0.0
0.3,0.2,538.9221556886226,461.07784431137736,B,1,True,0.5,0.5,0.3,0.2
0.5,0.8,0.0004601225284295825,10.934931277555044,A,20,True,0.5271043534430553,0.563850487638366,0.27289564655694476,0.06385048763836598
0.9,0.8,0.0,0.0,,50,False,0.7089175046708379,0.6523143680786596,0.09108249532916213,0.2476856319213404
0.8,0.2,803.5714285714286,196.42857142857144,B,1,True,0.5,0.5,0.3,0.30000000000000004
0.5,0.6,620.6896551724137,379.3103448275863,B,1,True,0.5,0.5,0.09999999999999998,0.0
0.9,0.2,891.0891089108912,108.91089108910876,B,1,True,0.5,0.5,0.3,0.4
0.5,0.1,620.6896551724137,379.3103448275863,B,1,True,0.5,0.5,0.4,0.0
0.3,0.7,80.48780487804876,512.1951219512196,A,2,True,0.5009730538922156,0.5,0.19902694610778437,0.2
0.9,0.3,891.0891089108912,108.91089108910876,B,1,True,0.5,0.5,0.2,0.4
0.7,0.8,0.0,0.0,,50,False,0.6125045463769366,0.6523143680786596,0.1874954536230634,0.04768563192134034
0.3,0.1,538.9221556886226,461.07784431137736,B,1,True,0.5,0.5,0.4,0.2
0.6,0.4,671.6417910447761,328.35820895522386,B,1,True,0.5,0.5,0.09999999999999998,0.09999999999999998
0.4,0.7,107.3170731707317,512.1951219512196,A,2,True,0.5019230769230769,0.5,0.19807692307692304,0.09999999999999998
0.9,0.3,891.0891089108912,108.91089108910876,B,1,True,0.5,0.5,0.2,0.4
0.4,0.8,78.57142857142858,642.8571428571429,A,2,True,0.5019230769230769,0.5,0.29807692307692313,0.09999999999999998
0.8,0.5,13.668664096943806,0.000920245056859165,B,19,True,0.563850487638366,0.524684301019414,0.06385048763836598,0.27531569898058605
0.7,0.5,731.7073170731708,268.29268292682923,B,1,True,0.5,0.5,0.0,0.19999999999999996
0.6,0.7,4.4236988972639704e-05,0.0105157175991318,A,32,True,0.5579508101514167,0.5751765187977013,0.14204918984858328,0.024823481202298714
0.4,0.1,576.9230769230769,423.0769230769231,B,1,True,0.5,0.5,0.4,0.09999999999999998
0.1,0.9,10.891089108910876,801.9801980198022,A,2,True,0.4994047619047619,0.5,0.4005952380952381,0.4
0.4,0.1,576.9230769230769,423.0769230769231,B,1,True,0.5,0.5,0.4,0.09999999999999998
0.9,0.8,0.0,0.0,,50,False,0.7089175046708379,0.6523143680786596,0.09108249532916213,0.2476856319213404
0.6,0.5,671.6417910447761,328.35820895522386,B,1,True,0.5,0.5,0.0,0.09999999999999998
0.1,0.3,476.19047619047615,523.8095238095239,B,1,True,0.5,0.5,0.2,0.4
0.6,0.1,671.6417910447761,328.35820895522386,B,1,True,0.5,0.5,0.4,0.09999999999999998
0.7,0.7,0.0,0.0,,50,False,0.6125045463769366,0.6125045463769366,0.08749545362306332,0.08749545362306332
0.6,0.4,671.6417910447761,328.35820895522386,B,1,True,0.5,0.5,0.09999999999999998,0.09999999999999998
0.6,0.8,0.0,0.0,,50,False,0.5818128460684142,0.6523143680786596,0.21818715393158583,0.052314368078659634
0.6,0.7,4.4236988972639704e-05,0.0105157175991318,A,32,True,0.5579508101514167,0.5751765187977013,0.14204918984858328,0.024823481202298714
0.1,0.7,476.19047619047615,523.8095238095239,B,1,True,0.5,0.5,0.19999999999999996,0.4
0.3,0.3,538.9221556886226,461.07784431137736,B,1,True,0.5,0.5,0.2,0.2
0.8,0.7,0.0,0.0,,50,False,0.6523143680786596,0.6125045463769366,0.04768563192134034,0.1874954536230634
0.5,0.3,620.6896551724137,379.3103448275863,B,1,True,0.5,0.5,0.2,0.0
0.8,0.9,0.0,0.0,,50,False,0.6523143680786596,0.7089175046708379,0.2476856319213404,0.09108249532916213
0.6,0.6,3.94858699810842,2.0980306018915775,B,11,True,0.5205099499356485,0.5205099499356485,0.0794900500643515,0.0794900500643515
0.2,0.3,505.6179775280898,494.3820224719102,B,1,True,0.5,0.5,0.2,0.3
0.3,0.5,538.9221556886226,461.07784431137736,B,1,True,0.5,0.5,0.0,0.2
0.9,0.3,891.0891089108912,108.91089108910876,B,1,True,0.5,0.5,0.2,0.4
0.2,0.8,39.28571428571429,642.8571428571429,A,2,True,0.5001404494382022,0.5,0.2998595505617978,0.3
0.9,0.1,891.0891089108912,108.91089108910876,B,1,True,0.5,0.5,0.4,0.4
0.5,0.4,620.6896551724137,379.3103448275863,B,1,True,0.5,0.5,0.09999999999999998,0.0
0.1,0.7,476.19047619047615,523.8095238095239,B,1,True,0.5,0.5,0.19999999999999996,0.4
0.7,0.5,731.7073170731708,268.29268292682923,B,1,True,0.5,0.5,0.0,0.19999999999999996
0.8,0.3,803.5714285714286,196.42857142857144,B,1,True,0.5,0.5,0.2,0.30000000000000004
0.1,0.2,476.19047619047615,523.8095238095239,B,1,True,0.5,0.5,0.3,0.4
0.3,0.7,80.48780487804876,512.1951219512196,A,2,True,0.5009730538922156,0.5,0.19902694610778437,0.2
0.5,0.9,4.137192996747962e-13,4.392715730829927,A,50,True,0.5569262265369214,0.7022400861828735,0.34307377346307866,0.20224008618287348
0.8,0.2,803.5714285714286,196.42857142857144,B,1,True,0.5,0.5,0.3,0.30000000000000004
0.6,0.5,671.6417910447761,328.35820895522386,B,1,True,0.5,0.5,0.0,0.09999999999999998
0.9,0.8,0.0,0.0,,50,False,0.7089175046708379,0.6523143680786596,0.09108249532916213,0.2476856319213404
0.3,0.1,538.9221556886226,461.07784431137736,B,1,True,0.5,0.5,0.4,0.2
0.6,0.5,671.6417910447761,328.35820895522386,B,1,True,0.5,0.5,0.0,0.09999999999999998
0.5,0.5,620.6896551724137,379.3103448275863,B,1,True,0.5,0.5,0.0,0.0
0.7,0.6,0.007317168167396026,2.685806844622088e-05,B,33,True,0.5793390003957641,0.5579508101514167,0.02066099960423584,0.14204918984858328
0.1,0.3,476.19047619047615,523.8095238095239,B,1,True,0.5,0.5,0.2,0.4
0.7,0.5,731.7073170731708,268.29268292682923,B,1,True,0.5,0.5,0.0,0.19999999999999996
0.2,0.4,505.6179775280898,494.3820224719102,B,1,True,0.5,0.5,0.09999999999999998,0.3
0.2,0.2,505.6179775280898,494.3820224719102,B,1,True,0.5,0.5,0.3,0.3
0.8,0.5,13.668664096943806,0.000920245056859165,B,19,True,0.563850487638366,0.524684301019414,0.06385048763836598,0.27531569898058605
0.7,0.2,731.7073170731708,268.29268292682923,B,1,True,0.5,0.5,0.3,0.19999999999999996
0.7,0.7,0.0,0.0,,50,False,0.6125045463769366,0.6125045463769366,0.08749545362306332,0.08749545362306332
0.8,0.9,0.0,0.0,,50,False,0.6523143680786596,0.7089175046708379,0.2476856319213404,0.09108249532916213
0.8,0.3,803.5714285714286,196.42857142857144,B,1,True,0.5,0.5,0.2,0.30000000000000004
0.8,0.9,0.0,0.0,,50,False,0.6523143680786596,0.7089175046708379,0.2476856319213404,0.09108249532916213
0.3,0.5,538.9221556886226,461.07784431137736,B,1,True,0.5,0.5,0.0,0.2
0.6,0.5,671.6417910447761,328.35820895522386,B,1,True,0.5,0.5,0.0,0.09999999999999998
0.2,0.8,39.28571428571429,642.8571428571429,A,2,True,0.5001404494382022,0.5,0.2998595505617978,0.3
0.9,0.9,0.0,0.0,,50,False,0.7089175046708379,0.7089175046708379,0.1910824953291621,0.1910824953291621
0.4,0.5,576.9230769230769,423.0769230769231,B,1,True,0.5,0.5,0.0,0.09999999999999998
0.9,0.7,0.0,0.0,,50,False,0.7089175046708379,0.6125045463769366,0.008917504670837961,0.2874954536230634
0.5,0.9,4.137192996747962e-13,4.392715730829927,A,50,True,0.5569262265369214,0.7022400861828735,0.34307377346307866,0.20224008618287348
0.8,0.9,0.0,0.0,,50,False,0.6523143680786596,0.7089175046708379,0.2476856319213404,0.09108249532916213
0.6,0.1,671.6417910447761,328.35820895522386,B,1,True,0.5,0.5,0.4,0.09999999999999998
0.6,0.8,0.0,0.0,,50,False,0.5818128460684142,0.6523143680786596,0.21818715393158583,0.052314368078659634
0.6,0.9,0.0,0.0,,50,False,0.5818128460684142,0.7089175046708379,0.3181871539315858,0.10891750467083794
0.6,0.3,671.6417910447761,328.35820895522386,B,1,True,0.5,0.5,0.2,0.09999999999999998
0.4,0.4,576.9230769230769,423.0769230769231,B,1,True,0.5,0.5,0.09999999999999998,0.09999999999999998
0.6,0.2,671.6417910447761,328.35820895522386,B,1,True,0.5,0.5,0.3,0.09999999999999998
0.5,0.7,134.14634146341461,512.1951219512196,A,2,True,0.5030172413793104,0.5,0.1969827586206896,0.0
0.8,0.5,13.668664096943806,0.000920245056859165,B,19,True,0.563850487638366,0.524684301019414,0.06385048763836598,0.27531569898058605
0.7,0.9,0.0,0.0,,50,False,0.6125045463769366,0.7089175046708379,0.2874954536230634,0.008917504670837961
0.3,0.7,80.48780487804876,512.1951219512196,A,2,True,0.5009730538922156,0.5,0.19902694610778437,0.2
0.4,0.7,107.3170731707317,512.1951219512196,A,2,True,0.5019230769230769,0.5,0.19807692307692304,0.09999999999999998
0.5,0.6,620.6896551724137,379.3103448275863,B,1,True,0.5,0.5,0.09999999999999998,0.0
0.3,0.5,538.9221556886226,461.07784431137736,B,1,True,0.5,0.5,0.0,0.2
0.8,0.4,803.5714285714286,196.42857142857144,B,1,True,0.5,0.5,0.09999999999999998,0.30000000000000004
0.4,0.8,78.57142857142858,642.8571428571429,A,2,True,0.5019230769230769,0.5,0.29807692307692313,0.09999999999999998
0.2,0.8,39.28571428571429,642.8571428571429,A,2,True,0.5001404494382022,0.5,0.2998595505617978,0.3
0.3,0.2,538.9221556886226,461.07784431137736,B,1,True,0.5,0.5,0.3,0.2
0.5,0.1,620.6896551724137,379.3103448275863,B,1,True,0.5,0.5,0.4,0.0
0.3,0.6,538.9221556886226,461.07784431137736,B,1,True,0.5,0.5,0.09999999999999998,0.2
0.7,0.6,0.007317168167396026,2.685806844622088e-05,B,33,True,0.5793390003957641,0.5579508101514167,0.02066099960423584,0.14204918984858328
0.6,0.3,671.6417910447761,328.35820895522386,B,1,True,0.5,0.5,0.2,0.09999999999999998
0.2,0.9,21.782178217821752,801.9801980198022,A,2,True,0.5001404494382022,0.5,0.3998595505617978,0.3
0.1,0.8,19.642857142857146,642.8571428571429,A,2,True,0.4994047619047619,0.5,0.30059523809523814,0.4
0.6,0.3,671.6417910447761,328.35820895522386,B,1,True,0.5,0.5,0.2,0.09999999999999998
0.6,0.6,3.94858699810842,2.0980306018915775,B,11,True,0.5205099499356485,0.5205099499356485,0.0794900500643515,0.0794900500643515
0.2,0.6,505.6179775280898,494.3820224719102,B,1,True,0.5,0.5,0.09999999999999998,0.3
0.9,0.9,0.0,0.0,,50,False,0.7089175046708379,0.7089175046708379,0.1910824953291621,0.1910824953291621
0.2,0.9,21.782178217821752,801.9801980198022,A,2,True,0.5001404494382022,0.5,0.3998595505617978,0.3
0.8,0.8,0.0,0.0,,50,False,0.6523143680786596,0.6523143680786596,0.14768563192134043,0.14768563192134043
0.9,0.8,0.0,0.0,,50,False,0.7089175046708379,0.6523143680786596,0.09108249532916213,0.2476856319213404
0.3,0.3,538.9221556886226,461.07784431137736,B,1,True,0.5,0.5,0.2,0.2
0.6,0.7,4.4236988972639704e-05,0.0105157175991318,A,32,True,0.5579508101514167,0.5751765187977013,0.14204918984858328,0.024823481202298714
0.3,0.9,32.67326732673263,801.9801980198022,A,2,True,0.5009730538922156,0.5,0.39902694610778444,0.2
0.5,0.8,0.0004601225284295825,10.934931277555044,A,20,True,0.5271043534430553,0.563850487638366,0.27289564655694476,0.06385048763836598
0.3,0.3,538.9221556886226,461.07784431137736,B,1,True,0.5,0.5,0.2,0.2
0.4,0.8,78.57142857142858,642.8571428571429,A,2,True,0.5019230769230769,0.5,0.29807692307692313,0.09999999999999998
0.4,0.7,107.3170731707317,512.1951219512196,A,2,True,0.5019230769230769,0.5,0.19807692307692304,0.09999999999999998
0.3,0.9,32.67326732673263,801.9801980198022,A,2,True,0.5009730538922156,0.5,0.39902694610778444,0.2
0.1,0.5,476.19047619047615,523.8095238095239,B,1,True,0.5,0.5,0.0,0.4
0.3,0.9,32.67326732673263,801.9801980198022,A,2,True,0.5009730538922156,0.5,0.39902694610778444,0.2
0.4,0.6,576.9230769230769,423.0769230769231,B,1,True,0.5,0.5,0.09999999999999998,0.09999999999999998
0.3,0.9,32.67326732673263,801.9801980198022,A,2,True,0.5009730538922156,0.5,0.39902694610778444,0.2
0.4,0.6,576.9230769230769,423.0769230769231,B,1,True,0.5,0.5,0.09999999999999998,0.09999999999999998
0.7,0.2,731.7073170731708,268.29268292682923,B,1,True,0.5,0.5,0.3,0.19999999999999996
0.1,0.6,476.19047619047615,523.8095238095239,B,1,True,0.5,0.5,0.09999999999999998,0.4
0.9,0.5,4.880795256477697,8.274385993495924e-13,B,49,True,0.7022400861828735,0.5552756030218612,0.20224008618287348,0.34472439697813884
0.3,0.8,58.92857142857143,642.8571428571429,A,2,True,0.5009730538922156,0.5,0.29902694610778446,0.2
0.2,0.5,505.6179775280898,494.3820224719102,B,1,True,0.5,0.5,0.0,0.3
0.4,0.3,576.9230769230769,423.0769230769231,B,1,True,0.5,0.5,0.2,0.09999999999999998
0.2,0.9,21.782178217821752,801.9801980198022,A,2,True,0.5001404494382022,0.5,0.3998595505617978,0.3
0.6,0.2,671.6417910447761,328.35820895522386,B,1,True,0.5,0.5,0.3,0.09999999999999998
0.1,0.3,476.19047619047615,523.8095238095239,B,1,True,0.5,0.5,0.2,0.4
0.3,0.2,538.9221556886226,461.07784431137736,B,1,True,0.5,0.5,0.3,0.2
0.3,0.5,538.9221556886226,461.07784431137736,B,1,True,0.5,0.5,0.0,0.2
0.3,0.1,538.9221556886226,461.07784431137736,B,1,True,0.5,0.5,0.4,0.2
0.6,0.6,3.94858699810842,2.0980306018915775,B,11,True,0.5205099499356485,0.5205099499356485,0.0794900500643515,0.0794900500643515
0.5,0.8,0.0004601225284295825,10.934931277555044,A,20,True,0.5271043534430553,0.563850487638366,0.27289564655694476,0.06385048763836598
0.8,0.3,803.5714285714286,196.42857142857144,B,1,True,0.5,0.5,0.2,0.30000000000000004
0.2,0.9,21.782178217821752,801.9801980198022,A,2,True,0.5001404494382022,0.5,0.3998595505617978,0.3
0.6,0.5,671.6417910447761,328.35820895522386,B,1,True,0.5,0.5,0.0,0.09999999999999998
0.5,0.5,620.6896551724137,379.3103448275863,B,1,True,0.5,0.5,0.0,0.0
0.1,0.9,10.891089108910876,801.9801980198022,A,2,True,0.4994047619047619,0.5,0.4005952380952381,0.4
0.1,0.9,10.891089108910876,801.9801980198022,A,2,True,0.4994047619047619,0.5,0.4005952380952381,0.4
0.8,0.5,13.668664096943806,0.000920245056859165,B,19,True,0.563850487638366,0.524684301019414,0.06385048763836598,0.27531569898058605
0.1,0.9,10.891089108910876,801.9801980198022,A,2,True,0.4994047619047619,0.5,0.4005952380952381,0.4
0.6,0.2,671.6417910447761,328.35820895522386,B,1,True,0.5,0.5,0.3,0.09999999999999998
0.5,0.1,620.6896551724137,379.3103448275863,B,1,True,0.5,0.5,0.4,0.0
0.9,0.9,0.0,0.0,,50,False,0.7089175046708379,0.7089175046708379,0.1910824953291621,0.1910824953291621
0.8,0.2,803.5714285714286,196.42857142857144,B,1,True,0.5,0.5,0.3,0.30000000000000004
0.8,0.7,0.0,0.0,,50,False,0.6523143680786596,0.6125045463769366,0.04768563192134034,0.1874954536230634
0.8,0.9,0.0,0.0,,50,False,0.6523143680786596,0.7089175046708379,0.2476856319213404,0.09108249532916213
0.8,0.9,0.0,0.0,,50,False,0.6523143680786596,0.7089175046708379,0.2476856319213404,0.09108249532916213
0.8,0.6,0.0,0.0,,50,False,0.6523143680786596,0.5818128460684142,0.052314368078659634,0.21818715393158583
0.1,0.9,10.891089108910876,801.9801980198022,A,2,True,0.4994047619047619,0.5,0.4005952380952381,0.4
0.4,0.3,576.9230769230769,423.0769230769231,B,1,True,0.5,0.5,0.2,0.09999999999999998
0.7,0.5,731.7073170731708,268.29268292682923,B,1,True,0.5,0.5,0.0,0.19999999999999996
0.6,0.8,0.0,0.0,,50,False,0.5818128460684142,0.6523143680786596,0.21818715393158583,0.052314368078659634
0.1,0.5,476.19047619047615,523.8095238095239,B,1,True,0.5,0.5,0.0,0.4
0.3,0.7,80.48780487804876,512.1951219512196,A,2,True,0.5009730538922156,0.5,0.19902694610778437,0.2
0.4,0.9,6.714216609884239e-07,92.71469115720275,A,22,True,0.5187152929599038,0.5930723649628478,0.3812847070400962,0.19307236496284774
0.7,0.6,0.007317168167396026,2.685806844622088e-05,B,33,True,0.5793390003957641,0.5579508101514167,0.02066099960423584,0.14204918984858328
0.2,0.4,505.6179775280898,494.3820224719102,B,1,True,0.5,0.5,0.09999999999999998,0.3
0.7,0.5,731.7073170731708,268.29268292682923,B,1,True,0.5,0.5,0.0,0.19999999999999996
0.4,0.8,78.57142857142858,642.8571428571429,A,2,True,0.5019230769230769,0.5,0.29807692307692313,0.09999999999999998
0.2,0.3,505.6179775280898,494.3820224719102,B,1,True,0.5,0.5,0.2,0.3
0.2,0.2,505.6179775280898,494.3820224719102,B,1,True,0.5,0.5,0.3,0.3
0.8,0.3,803.5714285714286,196.42857142857144,B,1,True,0.5,0.5,0.2,0.30000000000000004
0.7,0.2,731.7073170731708,268.29268292682923,B,1,True,0.5,0.5,0.3,0.19999999999999996
0.4,0.4,576.9230769230769,423.0769230769231,B,1,True,0.5,0.5,0.09999999999999998,0.09999999999999998
0.9,0.3,891.0891089108912,108.91089108910876,B,1,True,0.5,0.5,0.2,0.4
0.3,0.3,538.9221556886226,461.07784431137736,B,1,True,0.5,0.5,0.2,0.2
0.2,0.5,505.6179775280898,494.3820224719102,B,1,True,0.5,0.5,0.0,0.3
0.3,0.5,538.9221556886226,461.07784431137736,B,1,True,0.5,0.5,0.0,0.2
0.4,0.5,576.9230769230769,423.0769230769231,B,1,True,0.5,0.5,0.0,0.09999999999999998
0.2,0.2,505.6179775280898,494.3820224719102,B,1,True,0.5,0.5,0.3,0.3
0.7,0.7,0.0,0.0,,50,False,0.6125045463769366,0.6125045463769366,0.08749545362306332,0.08749545362306332
0.8,0.5,13.668664096943806,0.000920245056859165,B,19,True,0.563850487638366,0.524684301019414,0.06385048763836598,0.27531569898058605
0.9,0.7,0.0,0.0,,50,False,0.7089175046708379,0.6125045463769366,0.008917504670837961,0.2874954536230634
0.4,0.2,576.9230769230769,423.0769230769231,B,1,True,0.5,0.5,0.3,0.09999999999999998
0.7,0.8,0.0,0.0,,50,False,0.6125045463769366,0.6523143680786596,0.1874954536230634,0.04768563192134034
0.8,0.9,0.0,0.0,,50,False,0.6523143680786596,0.7089175046708379,0.2476856319213404,0.09108249532916213
0.8,0.5,13.668664096943806,0.000920245056859165,B,19,True,0.563850487638366,0.524684301019414,0.06385048763836598,0.27531569898058605
0.5,0.6,620.6896551724137,379.3103448275863,B,1,True,0.5,0.5,0.09999999999999998,0.0
0.4,0.5,576.9230769230769,423.0769230769231,B,1,True,0.5,0.5,0.0,0.09999999999999998
0.4,0.8,78.57142857142858,642.8571428571429,A,2,True,0.5019230769230769,0.5,0.29807692307692313,0.09999999999999998
0.4,0.9,6.714216609884239e-07,92.71469115720275,A,22,True,0.5187152929599038,0.5930723649628478,0.3812847070400962,0.19307236496284774
0.4,0.8,78.57142857142858,642.8571428571429,A,2,True,0.5019230769230769,0.5,0.29807692307692313,0.09999999999999998
0.6,0.7,4.4236988972639704e-05,0.0105157175991318,A,32,True,0.5579508101514167,0.5751765187977013,0.14204918984858328,0.024823481202298714
0.3,0.6,538.9221556886226,461.07784431137736,B,1,True,0.5,0.5,0.09999999999999998,0.2
0.8,0.4,803.5714285714286,196.42857142857144,B,1,True,0.5,0.5,0.09999999999999998,0.30000000000000004
0.5,0.4,620.6896551724137,379.3103448275863,B,1,True,0.5,0.5,0.09999999999999998,0.0
0.8,0.1,803.5714285714286,196.42857142857144,B,1,True,0.5,0.5,0.4,0.30000000000000004
0.9,0.3,891.0891089108912,108.91089108910876,B,1,True,0.5,0.5,0.2,0.4
0.4,0.9,6.714216609884239e-07,92.71469115720275,A,22,True,0.5187152929599038,0.5930723649628478,0.3812847070400962,0.19307236496284774
0.9,0.1,891.0891089108912,108.91089108910876,B,1,True,0.5,0.5,0.4,0.4
0.6,0.8,0.0,0.0,,50,False,0.5818128460684142,0.6523143680786596,0.21818715393158583,0.052314368078659634
0.7,0.9,0.0,0.0,,50,False,0.6125045463769366,0.7089175046708379,0.2874954536230634,0.008917504670837961
0.1,0.5,476.19047619047615,523.8095238095239,B,1,True,0.5,0.5,0.0,0.4
0.4,0.3,576.9230769230769,423.0769230769231,B,1,True,0.5,0.5,0.2,0.09999999999999998
0.2,0.4,505.6179775280898,494.3820224719102,B,1,True,0.5,0.5,0.09999999999999998,0.3
0.7,0.4,731.7073170731708,268.29268292682923,B,1,True,0.5,0.5,0.09999999999999998,0.19999999999999996
0.3,0.3,538.9221556886226,461.07784431137736,B,1,True,0.5,0.5,0.2,0.2
0.2,0.8,39.28571428571429,642.8571428571429,A,2,True,0.5001404494382022,0.5,0.2998595505617978,0.3
0.5,0.3,620.6896551724137,379.3103448275863,B,1,True,0.5,0.5,0.2,0.0
0.1,0.3,476.19047619047615,523.8095238095239,B,1,True,0.5,0.5,0.2,0.4
0.9,0.4,103.01632350800304,1.6785541524710594e-06,B,21,True,0.5930723649628478,0.517220569092728,0.19307236496284774,0.38277943090727207
0.6,0.7,4.4236988972639704e-05,0.0105157175991318,A,32,True,0.5579508101514167,0.5751765187977013,0.14204918984858328,0.024823481202298714
0.5,0.1,620.6896551724137,379.3103448275863,B,1,True,0.5,0.5,0.4,0.0
0.6,0.7,4.4236988972639704e-05,0.0105157175991318,A,32,True,0.5579508101514167,0.5751765187977013,0.14204918984858328,0.024823481202298714
0.4,0.7,107.3170731707317,512.1951219512196,A,2,True,0.5019230769230769,0.5,0.19807692307692304,0.09999999999999998
0.5,0.3,620.6896551724137,379.3103448275863,B,1,True,0.5,0.5,0.2,0.0
0.7,0.3,731.7073170731708,268.29268292682923,B,1,True,0.5,0.5,0.2,0.19999999999999996
0.5,0.2,620.6896551724137,379.3103448275863,B,1,True,0.5,0.5,0.3,0.0
0.2,0.4,505.6179775280898,494.3820224719102,B,1,True,0.5,0.5,0.09999999999999998,0.3
0.2,0.5,505.6179775280898,494.3820224719102,B,1,True,0.5,0.5,0.0,0.3
0.7,0.7,0.0,0.0,,50,False,0.6125045463769366,0.6125045463769366,0.08749545362306332,0.08749545362306332
0.5,0.4,620.6896551724137,379.3103448275863,B,1,True,0.5,0.5,0.09999999999999998,0.0
0.3,0.6,538.9221556886226,461.07784431137736,B,1,True,0.5,0.5,0.09999999999999998,0.2
0.2,0.5,505.6179775280898,494.3820224719102,B,1,True,0.5,0.5,0.0,0.3
0.9,0.1,891.0891089108912,108.91089108910876,B,1,True,0.5,0.5,0.4,0.4
0.5,0.8,0.0004601225284295825,10.934931277555044,A,20,True,0.5271043534430553,0.563850487638366,0.27289564655694476,0.06385048763836598
0.8,0.6,0.0,0.0,,50,False,0.6523143680786596,0.5818128460684142,0.052314368078659634,0.21818715393158583
0.9,0.4,103.01632350800304,1.6785541524710594e-06,B,21,True,0.5930723649628478,0.517220569092728,0.19307236496284774,0.38277943090727207
0.7,0.5,731.7073170731708,268.29268292682923,B,1,True,0.5,0.5,0.0,0.19999999999999996
0.7,0.8,0.0,0.0,,50,False,0.6125045463769366,0.6523143680786596,0.1874954536230634,0.04768563192134034
0.6,0.2,671.6417910447761,328.35820895522386,B,1,True,0.5,0.5,0.3,0.09999999999999998
0.7,0.7,0.0,0.0,,50,False,0.6125045463769366,0.6125045463769366,0.08749545362306332,0.08749545362306332
0.1,0.3,476.19047619047615,523.8095238095239,B,1,True,0.5,0.5,0.2,0.4
0.1,0.8,19.642857142857146,642.8571428571429,A,2,True,0.4994047619047619,0.5,0.30059523809523814,0.4
0.9,0.6,0.0,0.0,,50,False,0.7089175046708379,0.5818128460684142,0.10891750467083794,0.3181871539315858
0.6,0.3,671.6417910447761,328.35820895522386,B,1,True,0.5,0.5,0.2,0.09999999999999998
0.7,0.4,731.7073170731708,268.29268292682923,B,1,True,0.5,0.5,0.09999999999999998,0.19999999999999996
0.5,0.6,620.6896551724137,379.3103448275863,B,1,True,0.5,0.5,0.09999999999999998,0.0
0.8,0.9,0.0,0.0,,50,False,0.6523143680786596,0.7089175046708379,0.2476856319213404,0.09108249532916213
0.4,0.4,576.9230769230769,423.0769230769231,B,1,True,0.5,0.5,0.09999999999999998,0.09999999999999998
0.7,0.2,731.7073170731708,268.29268292682923,B,1,True,0.5,0.5,0.3,0.19999999999999996
0.3,0.6,538.9221556886226,461.07784431137736,B,1,True,0.5,0.5,0.09999999999999998,0.2
0.4,0.9,6.714216609884239e-07,92.71469115720275,A,22,True,0.5187152929599038,0.5930723649628478,0.3812847070400962,0.19307236496284774
0.4,0.5,576.9230769230769,423.0769230769231,B,1,True,0.5,0.5,0.0,0.09999999999999998
0.2,0.3,505.6179775280898,494.3820224719102,B,1,True,0.5,0.5,0.2,0.3
0.5,0.7,134.14634146341461,512.1951219512196,A,2,True,0.5030172413793104,0.5,0.1969827586206896,0.0
0.8,0.3,803.5714285714286,196.42857142857144,B,1,True,0.5,0.5,0.2,0.30000000000000004
0.2,0.1,505.6179775280898,494.3820224719102,B,1,True,0.5,0.5,0.4,0.3
0.2,0.2,505.6179775280898,494.3820224719102,B,1,True,0.5,0.5,0.3,0.3
0.9,0.2,891.0891089108912,108.91089108910876,B,1,True,0.5,0.5,0.3,0.4
0.7,0.2,731.7073170731708,268.29268292682923,B,1,True,0.5,0.5,0.3,0.19999999999999996
0.3,0.4,538.9221556886226,461.07784431137736,B,1,True,0.5,0.5,0.09999999999999998,0.2
0.5,0.7,134.14634146341461,512.1951219512196,A,2,True,0.5030172413793104,0.5,0.1969827586206896,0.0
0.2,0.3,505.6179775280898,494.3820224719102,B,1,True,0.5,0.5,0.2,0.3
0.6,0.3,671.6417910447761,328.35820895522386,B,1,True,0.5,0.5,0.2,0.09999999999999998
0.8,0.1,803.5714285714286,196.42857142857144,B,1,True,0.5,0.5,0.4,0.30000000000000004
0.8,0.5,13.668664096943806,0.000920245056859165,B,19,True,0.563850487638366,0.524684301019414,0.06385048763836598,0.27531569898058605
0.7,0.4,731.7073170731708,268.29268292682923,B,1,True,0.5,0.5,0.09999999999999998,0.19999999999999996
0.8,0.3,803.5714285714286,196.42857142857144,B,1,True,0.5,0.5,0.2,0.30000000000000004
0.7,0.8,0.0,0.0,,50,False,0.6125045463769366,0.6523143680786596,0.1874954536230634,0.04768563192134034
0.9,0.1,891.0891089108912,108.91089108910876,B,1,True,0.5,0.5,0.4,0.4
0.4,0.5,576.9230769230769,423.0769230769231,B,1,True,0.5,0.5,0.0,0.09999999999999998
0.5,0.8,0.0004601225284295825,10.934931277555044,A,20,True,0.5271043534430553,0.563850487638366,0.27289564655694476,0.06385048763836598
0.3,0.2,538.9221556886226,461.07784431137736,B,1,True,0.5,0.5,0.3,0.2
0.1,0.2,476.19047619047615,523.8095238095239,B,1,True,0.5,0.5,0.3,0.4
0.6,0.4,671.6417910447761,328.35820895522386,B,1,True,0.5,0.5,0.09999999999999998,0.09999999999999998
0.9,0.9,0.0,0.0,,50,False,0.7089175046708379,0.7089175046708379,0.1910824953291621,0.1910824953291621
0.3,0.7,80.48780487804876,512.1951219512196,A,2,True,0.5009730538922156,0.5,0.19902694610778437,0.2
0.9,0.3,891.0891089108912,108.91089108910876,B,1,True,0.5,0.5,0.2,0.4
0.8,0.8,0.0,0.0,,50,False,0.6523143680786596,0.6523143680786596,0.14768563192134043,0.14768563192134043
0.7,0.9,0.0,0.0,,50,False,0.6125045463769366,0.7089175046708379,0.2874954536230634,0.008917504670837961
0.5,0.2,620.6896551724137,379.3103448275863,B,1,True,0.5,0.5,0.3,0.0
0.6,0.3,671.6417910447761,328.35820895522386,B,1,True,0.5,0.5,0.2,0.09999999999999998
0.8,0.8,0.0,0.0,,50,False,0.6523143680786596,0.6523143680786596,0.14768563192134043,0.14768563192134043
0.3,0.3,538.9221556886226,461.07784431137736,B,1,True,0.5,0.5,0.2,0.2
0.4,0.2,576.9230769230769,423.0769230769231,B,1,True,0.5,0.5,0.3,0.09999999999999998
0.7,0.4,731.7073170731708,268.29268292682923,B,1,True,0.5,0.5,0.09999999999999998,0.19999999999999996
0.7,0.5,731.7073170731708,268.29268292682923,B,1,True,0.5,0.5,0.0,0.19999999999999996
0.5,0.2,620.6896551724137,379.3103448275863,B,1,True,0.5,0.5,0.3,0.0
0.1,0.6,476.19047619047615,523.8095238095239,B,1,True,0.5,0.5,0.09999999999999998,0.4
0.8,0.1,803.5714285714286,196.42857142857144,B,1,True,0.5,0.5,0.4,0.30000000000000004
0.1,0.6,476.19047619047615,523.8095238095239,B,1,True,0.5,0.5,0.09999999999999998,0.4
0.8,0.8,0.0,0.0,,50,False,0.6523143680786596,0.6523143680786596,0.14768563192134043,0.14768563192134043
0.7,0.3,731.7073170731708,268.29268292682923,B,1,True,0.5,0.5,0.2,0.19999999999999996
0.3,0.7,80.48780487804876,512.1951219512196,A,2,True,0.5009730538922156,0.5,0.19902694610778437,0.2
0.3,0.6,538.9221556886226,461.07784431137736,B,1,True,0.5,0.5,0.09999999999999998,0.2
0.9,0.9,0.0,0.0,,50,False,0.7089175046708379,0.7089175046708379,0.1910824953291621,0.1910824953291621
0.5,0.5,620.6896551724137,379.3103448275863,B,1,True,0.5,0.5,0.0,0.0
0.8,0.9,0.0,0.0,,50,False,0.6523143680786596,0.7089175046708379,0.2476856319213404,0.09108249532916213
0.7,0.7,0.0,0.0,,50,False,0.6125045463769366,0.6125045463769366,0.08749545362306332,0.08749545362306332
0.7,0.3,731.7073170731708,268.29268292682923,B,1,True,0.5,0.5,0.2,0.19999999999999996
0.3,0.2,538.9221556886226,461.07784431137736,B,1,True,0.5,0.5,0.3,0.2
0.4,0.8,78.57142857142858,642.8571428571429,A,2,True,0.5019230769230769,0.5,0.29807692307692313,0.09999999999999998
0.3,0.6,538.9221556886226,461.07784431137736,B,1,True,0.5,0.5,0.09999999999999998,0.2
0.6,0.1,671.6417910447761,328.35820895522386,B,1,True,0.5,0.5,0.4,0.09999999999999998
0.9,0.8,0.0,0.0,,50,False,0.7089175046708379,0.6523143680786596,0.09108249532916213,0.2476856319213404
0.1,0.9,10.891089108910876,801.9801980198022,A,2,True,0.4994047619047619,0.5,0.4005952380952381,0.4
0.6,0.9,0.0,0.0,,50,False,0.5818128460684142,0.7089175046708379,0.3181871539315858,0.10891750467083794
0.7,0.4,731.7073170731708,268.29268292682923,B,1,True,0.5,0.5,0.09999999999999998,0.19999999999999996
0.7,0.9,0.0,0.0,,50,False,0.6125045463769366,0.7089175046708379,0.2874954536230634,0.008917504670837961
0.5,0.3,620.6896551724137,379.3103448275863,B,1,True,0.5,0.5,0.2,0.0
0.1,0.7,476.19047619047615,523.8095238095239,B,1,True,0.5,0.5,0.19999999999999996,0.4
0.9,0.3,891.0891089108912,108.91089108910876,B,1,True,0.5,0.5,0.2,0.4
0.3,0.2,538.9221556886226,461.07784431137736,B,1,True,0.5,0.5,0.3,0.2
0.6,0.5,671.6417910447761,328.35820895522386,B,1,True,0.5,0.5,0.0,0.09999999999999998
0.1,0.8,19.642857142857146,642.8571428571429,A,2,True,0.4994047619047619,0.5,0.30059523809523814,0.4
0.1,0.9,10.891089108910876,801.9801980198022,A,2,True,0.4994047619047619,0.5,0.4005952380952381,0.4
0.5,0.8,0.0004601225284295825,10.934931277555044,A,20,True,0.5271043534430553,0.563850487638366,0.27289564655694476,0.06385048763836598
0.9,0.5,4.880795256477697,8.274385993495924e-13,B,49,True,0.7022400861828735,0.5552756030218612,0.20224008618287348,0.34472439697813884
0.7,0.9,0.0,0.0,,50,False,0.6125045463769366,0.7089175046708379,0.2874954536230634,0.008917504670837961
0.8,0.4,803.5714285714286,196.42857142857144,B,1,True,0.5,0.5,0.09999999999999998,0.30000000000000004
0.2,0.1,505.6179775280898,494.3820224719102,B,1,True,0.5,0.5,0.4,0.3
0.3,0.4,538.9221556886226,461.07784431137736,B,1,True,0.5,0.5,0.09999999999999998,0.2
0.6,0.4,671.6417910447761,328.35820895522386,B,1,True,0.5,0.5,0.09999999999999998,0.09999999999999998
0.3,0.8,58.92857142857143,642.8571428571429,A,2,True,0.5009730538922156,0.5,0.29902694610778446,0.2
0.9,0.2,891.0891089108912,108.91089108910876,B,1,True,0.5,0.5,0.3,0.4
0.5,0.5,620.6896551724137,379.3103448275863,B,1,True,0.5,0.5,0.0,0.0
0.5,0.4,620.6896551724137,379.3103448275863,B,1,True,0.5,0.5,0.09999999999999998,0.0
0.1,0.9,10.891089108910876,801.9801980198022,A,2,True,0.4994047619047619,0.5,0.4005952380952381,0.4
0.4,0.9,6.714216609884239e-07,92.71469115720275,A,22,True,0.5187152929599038,0.5930723649628478,0.3812847070400962,0.19307236496284774
0.4,0.9,6.714216609884239e-07,92.71469115720275,A,22,True,0.5187152929599038,0.5930723649628478,0.3812847070400962,0.19307236496284774
0.1,0.1,476.19047619047615,523.8095238095239,B,1,True,0.5,0.5,0.4,0.4
0.4,0.6,576.9230769230769,423.0769230769231,B,1,True,0.5,0.5,0.09999999999999998,0.09999999999999998
0.4,0.1,576.9230769230769,423.0769230769231,B,1,True,0.5,0.5,0.4,0.09999999999999998
0.3,0.6,538.9221556886226,461.07784431137736,B,1,True,0.5,0.5,0.09999999999999998,0.2
0.3,0.3,538.9221556886226,461.07784431137736,B,1,True,0.5,0.5,0.2,0.2
0.7,0.6,0.007317168167396026,2.685806844622088e-05,B,33,True,0.5793390003957641,0.5579508101514167,0.02066099960423584,0.14204918984858328
0.5,0.1,620.6896551724137,379.3103448275863,B,1,True,0.5,0.5,0.4,0.0
0.8,0.8,0.0,0.0,,50,False,0.6523143680786596,0.6523143680786596,0.14768563192134043,0.14768563192134043
0.5,0.3,620.6896551724137,379.3103448275863,B,1,True,0.5,0.5,0.2,0.0
0.8,0.5,13.668664096943806,0.000920245056859165,B,19,True,0.563850487638366,0.524684301019414,0.06385048763836598,0.27531569898058605
0.6,0.1,671.6417910447761,328.35820895522386,B,1,True,0.5,0.5,0.4,0.09999999999999998
0.4,0.4,576.9230769230769,423.0769230769231,B,1,True,0.5,0.5,0.09999999999999998,0.09999999999999998
0.9,0.3,891.0891089108912,108.91089108910876,B,1,True,0.5,0.5,0.2,0.4
0.6,0.2,671.6417910447761,328.35820895522386,B,1,True,0.5,0.5,0.3,0.09999999999999998
0.4,0.1,576.9230769230769,423.0769230769231,B,1,True,0.5,0.5,0.4,0.09999999999999998
0.2,0.1,505.6179775280898,494.3820224719102,B,1,True,0.5,0.5,0.4,0.3
0.3,0.8,58.92857142857143,642.8571428571429,A,2,True,0.5009730538922156,0.5,0.29902694610778446,0.2
0.5,0.6,620.6896551724137,379.3103448275863,B,1,True,0.5,0.5,0.09999999999999998,0.0
0.3,0.9,32.67326732673263,801.9801980198022,A,2,True,0.5009730538922156,0.5,0.39902694610778444,0.2
0.3,0.8,58.92857142857143,642.8571428571429,A,2,True,0.5009730538922156,0.5,0.29902694610778446,0.2
0.1,0.7,476.19047619047615,523.8095238095239,B,1,True,0.5,0.5,0.19999999999999996,0.4
0.4,0.6,576.9230769230769,423.0769230769231,B,1,True,0.5,0.5,0.09999999999999998,0.09999999999999998
0.5,0.6,620.6896551724137,379.3103448275863,B,1,True,0.5,0.5,0.09999999999999998,0.0
0.1,0.3,476.19047619047615,523.8095238095239,B,1,True,0.5,0.5,0.2,0.4
0.7,0.2,731.7073170731708,268.29268292682923,B,1,True,0.5,0.5,0.3,0.19999999999999996
0.1,0.9,10.891089108910876,801.9801980198022,A,2,True,0.4994047619047619,0.5,0.4005952380952381,0.4
0.3,0.6,538.9221556886226,461.07784431137736,B,1,True,0.5,0.5,0.09999999999999998,0.2
0.4,0.4,576.9230769230769,423.0769230769231,B,1,True,0.5,0.5,0.09999999999999998,0.09999999999999998
0.2,0.4,505.6179775280898,494.3820224719102,B,1,True,0.5,0.5,0.09999999999999998,0.3
0.1,0.8,19.642857142857146,642.8571428571429,A,2,True,0.4994047619047619,0.5,0.30059523809523814,0.4
0.1,0.6,476.19047619047615,523.8095238095239,B,1,True,0.5,0.5,0.09999999999999998,0.4
0.7,0.5,731.7073170731708,268.29268292682923,B,1,True,0.5,0.5,0.0,0.19999999999999996
0.7,0.8,0.0,0.0,,50,False,0.6125045463769366,0.6523143680786596,0.1874954536230634,0.04768563192134034
0.1,0.7,476.19047619047615,523.8095238095239,B,1,True,0.5,0.5,0.19999999999999996,0.4
0.7,0.9,0.0,0.0,,50,False,0.6125045463769366,0.7089175046708379,0.2874954536230634,0.008917504670837961
0.1,0.5,476.19047619047615,523.8095238095239,B,1,True,0.5,0.5,0.0,0.4
0.4,0.3,576.9230769230769,423.0769230769231,B,1,True,0.5,0.5,0.2,0.09999999999999998
0.3,0.7,80.48780487804876,512.1951219512196,A,2,True,0.5009730538922156,0.5,0.19902694610778437,0.2
0.8,0.2,803.5714285714286,196.42857142857144,B,1,True,0.5,0.5,0.3,0.30000000000000004
0.9,0.7,0.0,0.0,,50,False,0.7089175046708379,0.6125045463769366,0.008917504670837961,0.2874954536230634
0.8,0.8,0.0,0.0,,50,False,0.6523143680786596,0.6523143680786596,0.14768563192134043,0.14768563192134043
0.3,0.7,80.48780487804876,512.1951219512196,A,2,True,0.5009730538922156,0.5,0.19902694610778437,0.2
0.9,0.4,103.01632350800304,1.6785541524710594e-06,B,21,True,0.5930723649628478,0.517220569092728,0.19307236496284774,0.38277943090727207
0.4,0.5,576.9230769230769,423.0769230769231,B,1,True,0.5,0.5,0.0,0.09999999999999998
0.2,0.6,505.6179775280898,494.3820224719102,B,1,True,0.5,0.5,0.09999999999999998,0.3
0.2,0.8,39.28571428571429,642.8571428571429,A,2,True,0.5001404494382022,0.5,0.2998595505617978,0.3
0.3,0.9,32.67326732673263,801.9801980198022,A,2,True,0.5009730538922156,0.5,0.39902694610778444,0.2
0.9,0.3,891.0891089108912,108.91089108910876,B,1,True,0.5,0.5,0.2,0.4
0.2,0.6,505.6179775280898,494.3820224719102,B,1,True,0.5,0.5,0.09999999999999998,0.3
0.6,0.6,3.94858699810842,2.0980306018915775,B,11,True,0.5205099499356485,0.5205099499356485,0.0794900500643515,0.0794900500643515
0.9,0.3,891.0891089108912,108.91089108910876,B,1,True,0.5,0.5,0.2,0.4
0.5,0.5,620.6896551724137,379.3103448275863,B,1,True,0.5,0.5,0.0,0.0
0.5,0.5,620.6896551724137,379.3103448275863,B,1,True,0.5,0.5,0.0,0.0
0.5,0.1,620.6896551724137,379.3103448275863,B,1,True,0.5,0.5,0.4,0.0
0.2,0.9,21.782178217821752,801.9801980198022,A,2,True,0.5001404494382022,0.5,0.3998595505617978,0.3
0.4,0.4,576.9230769230769,423.0769230769231,B,1,True,0.5,0.5,0.09999999999999998,0.09999999999999998
0.7,0.4,731.7073170731708,268.29268292682923,B,1,True,0.5,0.5,0.09999999999999998,0.19999999999999996
0.3,0.5,538.9221556886226,461.07784431137736,B,1,True,0.5,0.5,0.0,0.2
0.3,0.7,80.48780487804876,512.1951219512196,A,2,True,0.5009730538922156,0.5,0.19902694610778437,0.2
0.3,0.2,538.9221556886226,461.07784431137736,B,1,True,0.5,0.5,0.3,0.2
0.5,0.3,620.6896551724137,379.3103448275863,B,1,True,0.5,0.5,0.2,0.0
0.3,0.3,538.9221556886226,461.07784431137736,B,1,True,0.5,0.5,0.2,0.2
0.2,0.7,505.6179775280898,494.3820224719102,B,1,True,0.5,0.5,0.19999999999999996,0.3
0.1,0.4,476.19047619047615,523.8095238095239,B,1,True,0.5,0.5,0.09999999999999998,0.4
0.2,0.4,505.6179775280898,494.3820224719102,B,1,True,0.5,0.5,0.09999999999999998,0.3
0.1,0.7,476.19047619047615,523.8095238095239,B,1,True,0.5,0.5,0.19999999999999996,0.4
0.6,0.3,671.6417910447761,328.35820895522386,B,1,True,0.5,0.5,0.2,0.09999999999999998
0.5,0.9,4.137192996747962e-13,4.392715730829927,A,50,True,0.5569262265369214,0.7022400861828735,0.34307377346307866,0.20224008618287348
0.6,0.2,671.6417910447761,328.35820895522386,B,1,True,0.5,0.5,0.3,0.09999999999999998
0.5,0.1,620.6896551724137,379.3103448275863,B,1,True,0.5,0.5,0.4,0.0
0.3,0.6,538.9221556886226,461.07784431137736,B,1,True,0.5,0.5,0.09999999999999998,0.2
0.2,0.8,39.28571428571429,642.8571428571429,A,2,True,0.5001404494382022,0.5,0.2998595505617978,0.3
0.1,0.9,10.891089108910876,801.9801980198022,A,2,True,0.4994047619047619,0.5,0.4005952380952381,0.4
0.5,0.2,620.6896551724137,379.3103448275863,B,1,True,0.5,0.5,0.3,0.0
0.8,0.5,13.668664096943806,0.000920245056859165,B,19,True,0.563850487638366,0.524684301019414,0.06385048763836598,0.27531569898058605
0.7,0.3,731.7073170731708,268.29268292682923,B,1,True,0.5,0.5,0.2,0.19999999999999996
0.3,0.4,538.9221556886226,461.07784431137736,B,1,True,0.5,0.5,0.09999999999999998,0.2
0.6,0.8,0.0,0.0,,50,False,0.5818128460684142,0.6523143680786596,0.21818715393158583,0.052314368078659634
0.7,0.8,0.0,0.0,,50,False,0.6125045463769366,0.6523143680786596,0.1874954536230634,0.04768563192134034
0.2,0.4,505.6179775280898,494.3820224719102,B,1,True,0.5,0.5,0.09999999999999998,0.3
0.7,0.7,0.0,0.0,,50,False,0.6125045463769366,0.6125045463769366,0.08749545362306332,0.08749545362306332
0.7,0.1,731.7073170731708,268.29268292682923,B,1,True,0.5,0.5,0.4,0.19999999999999996
0.3,0.7,80.48780487804876,512.1951219512196,A,2,True,0.5009730538922156,0.5,0.19902694610778437,0.2
0.8,0.9,0.0,0.0,,50,False,0.6523143680786596,0.7089175046708379,0.2476856319213404,0.09108249532916213
0.8,0.6,0.0,0.0,,50,False,0.6523143680786596,0.5818128460684142,0.052314368078659634,0.21818715393158583
0.3,0.9,32.67326732673263,801.9801980198022,A,2,True,0.5009730538922156,0.5,0.39902694610778444,0.2
0.3,0.3,538.9221556886226,461.07784431137736,B,1,True,0.5,0.5,0.2,0.2
0.8,0.3,803.5714285714286,196.42857142857144,B,1,True,0.5,0.5,0.2,0.30000000000000004
0.5,0.1,620.6896551724137,379.3103448275863,B,1,True,0.5,0.5,0.4,0.0
0.2,0.3,505.6179775280898,494.3820224719102,B,1,True,0.5,0.5,0.2,0.3
0.3,0.9,32.67326732673263,801.9801980198022,A,2,True,0.5009730538922156,0.5,0.39902694610778444,0.2
0.5,0.8,0.0004601225284295825,10.934931277555044,A,20,True,0.5271043534430553,0.563850487638366,0.27289564655694476,0.06385048763836598
0.5,0.3,620.6896551724137,379.3103448275863,B,1,True,0.5,0.5,0.2,0.0
0.9,0.8,0.0,0.0,,50,False,0.7089175046708379,0.6523143680786596,0.09108249532916213,0.2476856319213404
0.6,0.3,671.6417910447761,328.35820895522386,B,1,True,0.5,0.5,0.2,0.09999999999999998
0.6,0.1,671.6417910447761,328.35820895522386,B,1,True,0.5,0.5,0.4,0.09999999999999998
0.8,0.9,0.0,0.0,,50,False,0.6523143680786596,0.7089175046708379,0.2476856319213404,0.09108249532916213
0.3,0.4,538.9221556886226,461.07784431137736,B,1,True,0.5,0.5,0.09999999999999998,0.2
0.6,0.6,3.94858699810842,2.0980306018915775,B,11,True,0.5205099499356485,0.5205099499356485,0.0794900500643515,0.0794900500643515
0.3,0.3,538.9221556886226,461.07784431137736,B,1,True,0.5,0.5,0.2,0.2
0.9,0.4,103.01632350800304,1.6785541524710594e-06,B,21,True,0.5930723649628478,0.517220569092728,0.19307236496284774,0.38277943090727207
0.6,0.1,671.6417910447761,328.35820895522386,B,1,True,0.5,0.5,0.4,0.09999999999999998
0.2,0.6,505.6179775280898,494.3820224719102,B,1,True,0.5,0.5,0.09999999999999998,0.3
0.6,0.9,0.0,0.0,,50,False,0.5818128460684142,0.7089175046708379,0.3181871539315858,0.10891750467083794
0.1,0.9,10.891089108910876,801.9801980198022,A,2,True,0.4994047619047619,0.5,0.4005952380952381,0.4
0.4,0.6,576.9230769230769,423.0769230769231,B,1,True,0.5,0.5,0.09999999999999998,0.09999999999999998
0.6,0.7,4.4236988972639704e-05,0.0105157175991318,A,32,True,0.5579508101514167,0.5751765187977013,0.14204918984858328,0.024823481202298714
0.9,0.7,0.0,0.0,,50,False,0.7089175046708379,0.6125045463769366,0.008917504670837961,0.2874954536230634
0.2,0.9,21.782178217821752,801.9801980198022,A,2,True,0.5001404494382022,0.5,0.3998595505617978,0.3
0.3,0.3,538.9221556886226,461.07784431137736,B,1,True,0.5,0.5,0.2,0.2
0.1,0.3,476.19047619047615,523.8095238095239,B,1,True,0.5,0.5,0.2,0.4
0.6,0.7,4.4236988972639704e-05,0.0105157175991318,A,32,True,0.5579508101514167,0.5751765187977013,0.14204918984858328,0.024823481202298714
0.1,0.9,10.891089108910876,801.9801980198022,A,2,True,0.4994047619047619,0.5,0.4005952380952381,0.4
0.5,0.6,620.6896551724137,379.3103448275863,B,1,True,0.5,0.5,0.09999999999999998,0.0
0.9,0.3,891.0891089108912,108.91089108910876,B,1,True,0.5,0.5,0.2,0.4
0.5,0.3,620.6896551724137,379.3103448275863,B,1,True,0.5,0.5,0.2,0.0
0.7,0.2,731.7073170731708,268.29268292682923,B,1,True,0.5,0.5,0.3,0.19999999999999996
0.3,0.4,538.9221556886226,461.07784431137736,B,1,True,0.5,0.5,0.09999999999999998,0.2
0.2,0.2,505.6179775280898,494.3820224719102,B,1,True,0.5,0.5,0.3,0.3
0.1,0.6,476.19047619047615,523.8095238095239,B,1,True,0.5,0.5,0.09999999999999998,0.4
0.9,0.1,891.0891089108912,108.91089108910876,B,1,True,0.5,0.5,0.4,0.4
0.5,0.2,620.6896551724137,379.3103448275863,B,1,True,0.5,0.5,0.3,0.0
0.3,0.4,538.9221556886226,461.07784431137736,B,1,True,0.5,0.5,0.09999999999999998,0.2
0.5,0.1,620.6896551724137,379.3103448275863,B,1,True,0.5,0.5,0.4,0.0
0.4,0.2,576.9230769230769,423.0769230769231,B,1,True,0.5,0.5,0.3,0.09999999999999998
0.1,0.1,476.19047619047615,523.8095238095239,B,1,True,0.5,0.5,0.4,0.4
0.3,0.8,58.92857142857143,642.8571428571429,A,2,True,0.5009730538922156,0.5,0.29902694610778446,0.2
0.6,0.4,671.6417910447761,328.35820895522386,B,1,True,0.5,0.5,0.09999999999999998,0.09999999999999998
0.9,0.7,0.0,0.0,,50,False,0.7089175046708379,0.6125045463769366,0.008917504670837961,0.2874954536230634
0.7,0.9,0.0,0.0,,50,False,0.6125045463769366,0.7089175046708379,0.2874954536230634,0.008917504670837961
0.9,0.6,0.0,0.0,,50,False,0.7089175046708379,0.5818128460684142,0.10891750467083794,0.3181871539315858
0.1,0.3,476.19047619047615,523.8095238095239,B,1,True,0.5,0.5,0.2,0.4
0.9,0.5,4.880795256477697,8.274385993495924e-13,B,49,True,0.7022400861828735,0.5552756030218612,0.20224008618287348,0.34472439697813884
0.5,0.1,620.6896551724137,379.3103448275863,B,1,True,0.5,0.5,0.4,0.0
0.9,0.5,4.880795256477697,8.274385993495924e-13,B,49,True,0.7022400861828735,0.5552756030218612,0.20224008618287348,0.34472439697813884
0.5,0.6,620.6896551724137,379.3103448275863,B,1,True,0.5,0.5,0.09999999999999998,0.0
0.2,0.8,39.28571428571429,642.8571428571429,A,2,True,0.5001404494382022,0.5,0.2998595505617978,0.3
0.8,0.6,0.0,0.0,,50,False,0.6523143680786596,0.5818128460684142,0.052314368078659634,0.21818715393158583
0.4,0.1,576.9230769230769,423.0769230769231,B,1,True,0.5,0.5,0.4,0.09999999999999998
0.8,0.1,803.5714285714286,196.42857142857144,B,1,True,0.5,0.5,0.4,0.30000000000000004
0.4,0.5,576.9230769230769,423.0769230769231,B,1,True,0.5,0.5,0.0,0.09999999999999998
0.8,0.4,803.5714285714286,196.42857142857144,B,1,True,0.5,0.5,0.09999999999999998,0.30000000000000004
0.6,0.6,3.94858699810842,2.0980306018915775,B,11,True,0.5205099499356485,0.5205099499356485,0.0794900500643515,0.0794900500643515
0.4,0.7,107.3170731707317,512.1951219512196,A,2,True,0.5019230769230769,0.5,0.19807692307692304,0.09999999999999998
0.6,0.6,3.94858699810842,2.0980306018915775,B,11,True,0.5205099499356485,0.5205099499356485,0.0794900500643515,0.0794900500643515
0.5,0.3,620.6896551724137,379.3103448275863,B,1,True,0.5,0.5,0.2,0.0
0.2,0.9,21.782178217821752,801.9801980198022,A,2,True,0.5001404494382022,0.5,0.3998595505617978,0.3
0.4,0.7,107.3170731707317,512.1951219512196,A,2,True,0.5019230769230769,0.5,0.19807692307692304,0.09999999999999998
0.8,0.2,803.5714285714286,196.42857142857144,B,1,True,0.5,0.5,0.3,0.30000000000000004
0.4,0.5,576.9230769230769,423.0769230769231,B,1,True,0.5,0.5,0.0,0.09999999999999998
0.6,0.8,0.0,0.0,,50,False,0.5818128460684142,0.6523143680786596,0.21818715393158583,0.052314368078659634
0.8,0.8,0.0,0.0,,50,False,0.6523143680786596,0.6523143680786596,0.14768563192134043,0.14768563192134043
0.7,0.6,0.007317168167396026,2.685806844622088e-05,B,33,True,0.5793390003957641,0.5579508101514167,0.02066099960423584,0.14204918984858328
0.8,0.5,13.668664096943806,0.000920245056859165,B,19,True,0.563850487638366,0.524684301019414,0.06385048763836598,0.27531569898058605
0.6,0.1,671.6417910447761,328.35820895522386,B,1,True,0.5,0.5,0.4,0.09999999999999998
0.8,0.2,803.5714285714286,196.42857142857144,B,1,True,0.5,0.5,0.3,0.30000000000000004
0.6,0.1,671.6417910447761,328.35820895522386,B,1,True,0.5,0.5,0.4,0.09999999999999998
0.2,0.7,505.6179775280898,494.3820224719102,B,1,True,0.5,0.5,0.19999999999999996,0.3
0.6,0.4,671.6417910447761,328.35820895522386,B,1,True,0.5,0.5,0.09999999999999998,0.09999999999999998
0.9,0.7,0.0,0.0,,50,False,0.7089175046708379,0.6125045463769366,0.008917504670837961,0.2874954536230634
0.8,0.8,0.0,0.0,,50,False,0.6523143680786596,0.6523143680786596,0.14768563192134043,0.14768563192134043
0.5,0.9,4.137192996747962e-13,4.392715730829927,A,50,True,0.5569262265369214,0.7022400861828735,0.34307377346307866,0.20224008618287348
0.4,0.1,576.9230769230769,423.0769230769231,B,1,True,0.5,0.5,0.4,0.09999999999999998
0.9,0.4,103.01632350800304,1.6785541524710594e-06,B,21,True,0.5930723649628478,0.517220569092728,0.19307236496284774,0.38277943090727207
0.5,0.6,620.6896551724137,379.3103448275863,B,1,True,0.5,0.5,0.09999999999999998,0.0
0.5,0.1,620.6896551724137,379.3103448275863,B,1,True,0.5,0.5,0.4,0.0
0.2,0.2,505.6179775280898,494.3820224719102,B,1,True,0.5,0.5,0.3,0.3
0.2,0.1,505.6179775280898,494.3820224719102,B,1,True,0.5,0.5,0.4,0.3
0.6,0.9,0.0,0.0,,50,False,0.5818128460684142,0.7089175046708379,0.3181871539315858,0.10891750467083794
0.9,0.2,891.0891089108912,108.91089108910876,B,1,True,0.5,0.5,0.3,0.4
0.4,0.5,576.9230769230769,423.0769230769231,B,1,True,0.5,0.5,0.0,0.09999999999999998
0.7,0.4,731.7073170731708,268.29268292682923,B,1,True,0.5,0.5,0.09999999999999998,0.19999999999999996
0.4,0.4,576.9230769230769,423.0769230769231,B,1,True,0.5,0.5,0.09999999999999998,0.09999999999999998
0.5,0.4,620.6896551724137,379.3103448275863,B,1,True,0.5,0.5,0.09999999999999998,0.0
0.3,0.1,538.9221556886226,461.07784431137736,B,1,True,0.5,0.5,0.4,0.2
0.8,0.3,803.5714285714286,196.42857142857144,B,1,True,0.5,0.5,0.2,0.30000000000000004
0.9,0.3,891.0891089108912,108.91089108910876,B,1,True,0.5,0.5,0.2,0.4
0.6,0.5,671.6417910447761,328.35820895522386,B,1,True,0.5,0.5,0.0,0.09999999999999998
0.5,0.2,620.6896551724137,379.3103448275863,B,1,True,0.5,0.5,0.3,0.0
0.3,0.4,538.9221556886226,461.07784431137736,B,1,True,0.5,0.5,0.09999999999999998,0.2
0.6,0.8,0.0,0.0,,50,False,0.5818128460684142,0.6523143680786596,0.21818715393158583,0.052314368078659634
0.5,0.7,134.14634146341461,512.1951219512196,A,2,True,0.5030172413793104,0.5,0.1969827586206896,0.0
0.9,0.7,0.0,0.0,,50,False,0.7089175046708379,0.6125045463769366,0.008917504670837961,0.2874954536230634
0.2,0.8,39.28571428571429,642.8571428571429,A,2,True,0.5001404494382022,0.5,0.2998595505617978,0.3
0.3,0.9,32.67326732673263,801.9801980198022,A,2,True,0.5009730538922156,0.5,0.39902694610778444,0.2
0.5,0.2,620.6896551724137,379.3103448275863,B,1,True,0.5,0.5,0.3,0.0
0.7,0.6,0.007317168167396026,2.685806844622088e-05,B,33,True,0.5793390003957641,0.5579508101514167,0.02066099960423584,0.14204918984858328
0.9,0.1,891.0891089108912,108.91089108910876,B,1,True,0.5,0.5,0.4,0.4
0.3,0.8,58.92857142857143,642.8571428571429,A,2,True,0.5009730538922156,0.5,0.29902694610778446,0.2
0.7,0.7,0.0,0.0,,50,False,0.6125045463769366,0.6125045463769366,0.08749545362306332,0.08749545362306332
0.9,0.8,0.0,0.0,,50,False,0.7089175046708379,0.6523143680786596,0.09108249532916213,0.2476856319213404
0.8,0.7,0.0,0.0,,50,False,0.6523143680786596,0.6125045463769366,0.04768563192134034,0.1874954536230634
0.2,0.1,505.6179775280898,494.3820224719102,B,1,True,0.5,0.5,0.4,0.3
0.9,0.8,0.0,0.0,,50,False,0.7089175046708379,0.6523143680786596,0.09108249532916213,0.2476856319213404
0.4,0.5,576.9230769230769,423.0769230769231,B,1,True,0.5,0.5,0.0,0.09999999999999998
0.6,0.3,671.6417910447761,328.35820895522386,B,1,True,0.5,0.5,0.2,0.09999999999999998
0.9,0.1,891.0891089108912,108.91089108910876,B,1,True,0.5,0.5,0.4,0.4
0.5,0.5,620.6896551724137,379.3103448275863,B,1,True,0.5,0.5,0.0,0.0
0.6,0.1,671.6417910447761,328.35820895522386,B,1,True,0.5,0.5,0.4,0.09999999999999998
0.1,0.3,476.19047619047615,523.8095238095239,B,1,True,0.5,0.5,0.2,0.4
0.1,0.5,476.19047619047615,523.8095238095239,B,1,True,0.5,0.5,0.0,0.4
0.6,0.3,671.6417910447761,328.35820895522386,B,1,True,0.5,0.5,0.2,0.09999999999999998
0.2,0.6,505.6179775280898,494.3820224719102,B,1,True,0.5,0.5,0.09999999999999998,0.3
0.3,0.9,32.67326732673263,801.9801980198022,A,2,True,0.5009730538922156,0.5,0.39902694610778444,0.2
0.1,0.2,476.19047619047615,523.8095238095239,B,1,True,0.5,0.5,0.3,0.4
0.1,0.7,476.19047619047615,523.8095238095239,B,1,True,0.5,0.5,0.19999999999999996,0.4
0.2,0.8,39.28571428571429,642.8571428571429,A,2,True,0.5001404494382022,0.5,0.2998595505617978,0.3
0.7,0.7,0.0,0.0,,50,False,0.6125045463769366,0.6125045463769366,0.08749545362306332,0.08749545362306332
0.1,0.1,476.19047619047615,523.8095238095239,B,1,True,0.5,0.5,0.4,0.4
0.2,0.2,505.6179775280898,494.3820224719102,B,1,True,0.5,0.5,0.3,0.3
0.4,0.8,78.57142857142858,642.8571428571429,A,2,True,0.5019230769230769,0.5,0.29807692307692313,0.09999999999999998
0.6,0.1,671.6417910447761,328.35820895522386,B,1,True,0.5,0.5,0.4,0.09999999999999998
0.7,0.2,731.7073170731708,268.29268292682923,B,1,True,0.5,0.5,0.3,0.19999999999999996
0.3,0.8,58.92857142857143,642.8571428571429,A,2,True,0.5009730538922156,0.5,0.29902694610778446,0.2
0.6,0.1,671.6417910447761,328.35820895522386,B,1,True,0.5,0.5,0.4,0.09999999999999998
0.3,0.2,538.9221556886226,461.07784431137736,B,1,True,0.5,0.5,0.3,0.2
0.1,0.9,10.891089108910876,801.9801980198022,A,2,True,0.4994047619047619,0.5,0.4005952380952381,0.4
0.9,0.1,891.0891089108912,108.91089108910876,B,1,True,0.5,0.5,0.4,0.4
0.2,0.6,505.6179775280898,494.3820224719102,B,1,True,0.5,0.5,0.09999999999999998,0.3
0.9,0.6,0.0,0.0,,50,False,0.7089175046708379,0.5818128460684142,0.10891750467083794,0.3181871539315858
0.5,0.1,620.6896551724137,379.3103448275863,B,1,True,0.5,0.5,0.4,0.0
0.3,0.4,538.9221556886226,461.07784431137736,B,1,True,0.5,0.5,0.09999999999999998,0.2
0.8,0.7,0.0,0.0,,50,False,0.6523143680786596,0.6125045463769366,0.04768563192134034,0.1874954536230634
0.8,0.1,803.5714285714286,196.42857142857144,B,1,True,0.5,0.5,0.4,0.30000000000000004
0.9,0.5,4.880795256477697,8.274385993495924e-13,B,49,True,0.7022400861828735,0.5552756030218612,0.20224008618287348,0.34472439697813884
0.1,0.7,476.19047619047615,523.8095238095239,B,1,True,0.5,0.5,0.19999999999999996,0.4
0.1,0.3,476.19047619047615,523.8095238095239,B,1,True,0.5,0.5,0.2,0.4
0.2,0.1,505.6179775280898,494.3820224719102,B,1,True,0.5,0.5,0.4,0.3
0.4,0.1,576.9230769230769,423.0769230769231,B,1,True,0.5,0.5,0.4,0.09999999999999998
0.9,0.3,891.0891089108912,108.91089108910876,B,1,True,0.5,0.5,0.2,0.4
0.1,0.4,476.19047619047615,523.8095238095239,B,1,True,0.5,0.5,0.09999999999999998,0.4
0.5,0.3,620.6896551724137,379.3103448275863,B,1,True,0.5,0.5,0.2,0.0
0.6,0.3,671.6417910447761,328.35820895522386,B,1,True,0.5,0.5,0.2,0.09999999999999998
0.2,0.7,505.6179775280898,494.3820224719102,B,1,True,0.5,0.5,0.19999999999999996,0.3
0.1,0.5,476.19047619047615,523.8095238095239,B,1,True,0.5,0.5,0.0,0.4
0.9,0.5,4.880795256477697,8.274385993495924e-13,B,49,True,0.7022400861828735,0.5552756030218612,0.20224008618287348,0.34472439697813884
0.2,0.3,505.6179775280898,494.3820224719102,B,1,True,0.5,0.5,0.2,0.3
0.9,0.8,0.0,0.0,,50,False,0.7089175046708379,0.6523143680786596,0.09108249532916213,0.2476856319213404
0.3,0.6,538.9221556886226,461.07784431137736,B,1,True,0.5,0.5,0.09999999999999998,0.2
0.5,0.2,620.6896551724137,379.3103448275863,B,1,True,0.5,0.5,0.3,0.0
0.3,0.5,538.9221556886226,461.07784431137736,B,1,True,0.5,0.5,0.0,0.2
0.2,0.2,505.6179775280898,494.3820224719102,B,1,True,0.5,0.5,0.3,0.3
0.9,0.2,891.0891089108912,108.91089108910876,B,1,True,0.5,0.5,0.3,0.4
0.6,0.2,671.6417910447761,328.35820895522386,B,1,True,0.5,0.5,0.3,0.09999999999999998
0.2,0.7,505.6179775280898,494.3820224719102,B,1,True,0.5,0.5,0.19999999999999996,0.3
0.2,0.9,21.782178217821752,801.9801980198022,A,2,True,0.5001404494382022,0.5,0.3998595505617978,0.3
0.7,0.2,731.7073170731708,268.29268292682923,B,1,True,0.5,0.5,0.3,0.19999999999999996
0.1,0.5,476.19047619047615,523.8095238095239,B,1,True,0.5,0.5,0.0,0.4
0.4,0.7,107.3170731707317,512.1951219512196,A,2,True,0.5019230769230769,0.5,0.19807692307692304,0.09999999999999998
0.2,0.6,505.6179775280898,494.3820224719102,B,1,True,0.5,0.5,0.09999999999999998,0.3
0.7,0.8,0.0,0.0,,50,False,0.6125045463769366,0.6523143680786596,0.1874954536230634,0.04768563192134034
0.5,0.2,620.6896551724137,379.3103448275863,B,1,True,0.5,0.5,0.3,0.0
0.9,0.6,0.0,0.0,,50,False,0.7089175046708379,0.5818128460684142,0.10891750467083794,0.3181871539315858
0.7,0.7,0.0,0.0,,50,False,0.6125045463769366,0.6125045463769366,0.08749545362306332,0.08749545362306332
0.4,0.3,576.9230769230769,423.0769230769231,B,1,True,0.5,0.5,0.2,0.09999999999999998
0.7,0.9,0.0,0.0,,50,False,0.6125045463769366,0.7089175046708379,0.2874954536230634,0.008917504670837961
0.4,0.9,6.714216609884239e-07,92.71469115720275,A,22,True,0.5187152929599038,0.5930723649628478,0.3812847070400962,0.19307236496284774
0.9,0.4,103.01632350800304,1.6785541524710594e-06,B,21,True,0.5930723649628478,0.517220569092728,0.19307236496284774,0.38277943090727207
0.3,0.3,538.9221556886226,461.07784431137736,B,1,True,0.5,0.5,0.2,0.2
0.4,0.1,576.9230769230769,423.0769230769231,B,1,True,0.5,0.5,0.4,0.09999999999999998
0.1,0.2,476.19047619047615,523.8095238095239,B,1,True,0.5,0.5,0.3,0.4
0.2,0.1,505.6179775280898,494.3820224719102,B,1,True,0.5,0.5,0.4,0.3
0.5,0.9,4.137192996747962e-13,4.392715730829927,A,50,True,0.5569262265369214,0.7022400861828735,0.34307377346307866,0.20224008618287348
0.4,0.8,78.57142857142858,642.8571428571429,A,2,True,0.5019230769230769,0.5,0.29807692307692313,0.09999999999999998
0.5,0.4,620.6896551724137,379.3103448275863,B,1,True,0.5,0.5,0.09999999999999998,0.0
0.4,0.5,576.9230769230769,423.0769230769231,B,1,True,0.5,0.5,0.0,0.09999999999999998
0.7,0.6,0.007317168167396026,2.685806844622088e-05,B,33,True,0.5793390003957641,0.5579508101514167,0.02066099960423584,0.14204918984858328
0.8,0.6,0.0,0.0,,50,False,0.6523143680786596,0.5818128460684142,0.052314368078659634,0.21818715393158583
0.8,0.6,0.0,0.0,,50,False,0.6523143680786596,0.5818128460684142,0.052314368078659634,0.21818715393158583
0.2,0.1,505.6179775280898,494.3820224719102,B,1,True,0.5,0.5,0.4,0.3
0.1,0.5,476.19047619047615,523.8095238095239,B,1,True,0.5,0.5,0.0,0.4
0.7,0.2,731.7073170731708,268.29268292682923,B,1,True,0.5,0.5,0.3,0.19999999999999996
0.9,0.1,891.0891089108912,108.91089108910876,B,1,True,0.5,0.5,0.4,0.4
0.8,0.9,0.0,0.0,,50,False,0.6523143680786596,0.7089175046708379,0.2476856319213404,0.09108249532916213
0.8,0.6,0.0,0.0,,50,False,0.6523143680786596,0.5818128460684142,0.052314368078659634,0.21818715393158583
0.6,0.7,4.4236988972639704e-05,0.0105157175991318,A,32,True,0.5579508101514167,0.5751765187977013,0.14204918984858328,0.024823481202298714
0.5,0.5,620.6896551724137,379.3103448275863,B,1,True,0.5,0.5,0.0,0.0
0.3,0.2,538.9221556886226,461.07784431137736,B,1,True,0.5,0.5,0.3,0.2
0.5,0.8,0.0004601225284295825,10.934931277555044,A,20,True,0.5271043534430553,0.563850487638366,0.27289564655694476,0.06385048763836598
0.4,0.7,107.3170731707317,512.1951219512196,A,2,True,0.5019230769230769,0.5,0.19807692307692304,0.09999999999999998
0.1,0.2,476.19047619047615,523.8095238095239,B,1,True,0.5,0.5,0.3,0.4
0.1,0.2,476.19047619047615,523.8095238095239,B,1,True,0.5,0.5,0.3,0.4
0.1,0.4,476.19047619047615,523.8095238095239,B,1,True,0.5,0.5,0.09999999999999998,0.4
0.8,0.9,0.0,0.0,,50,False,0.6523143680786596,0.7089175046708379,0.2476856319213404,0.09108249532916213
0.6,0.6,3.94858699810842,2.0980306018915775,B,11,True,0.5205099499356485,0.5205099499356485,0.0794900500643515,0.0794900500643515
0.9,0.3,891.0891089108912,108.91089108910876,B,1,True,0.5,0.5,0.2,0.4
0.1,0.3,476.19047619047615,523.8095238095239,B,1,True,0.5,0.5,0.2,0.4
0.6,0.2,671.6417910447761,328.35820895522386,B,1,True,0.5,0.5,0.3,0.09999999999999998
0.4,0.1,576.9230769230769,423.0769230769231,B,1,True,0.5,0.5,0.4,0.09999999999999998
0.7,0.9,0.0,0.0,,50,False,0.6125045463769366,0.7089175046708379,0.2874954536230634,0.008917504670837961
0.9,0.7,0.0,0.0,,50,False,0.7089175046708379,0.6125045463769366,0.008917504670837961,0.2874954536230634
0.4,0.2,576.9230769230769,423.0769230769231,B,1,True,0.5,0.5,0.3,0.09999999999999998
0.6,0.1,671.6417910447761,328.35820895522386,B,1,True,0.5,0.5,0.4,0.09999999999999998
0.7,0.2,731.7073170731708,268.29268292682923,B,1,True,0.5,0.5,0.3,0.19999999999999996
0.2,0.7,505.6179775280898,494.3820224719102,B,1,True,0.5,0.5,0.19999999999999996,0.3
0.5,0.1,620.6896551724137,379.3103448275863,B,1,True,0.5,0.5,0.4,0.0
0.1,0.6,476.19047619047615,523.8095238095239,B,1,True,0.5,0.5,0.09999999999999998,0.4
0.5,0.2,620.6896551724137,379.3103448275863,B,1,True,0.5,0.5,0.3,0.0
0.3,0.4,538.9221556886226,461.07784431137736,B,1,True,0.5,0.5,0.09999999999999998,0.2
0.2,0.8,39.28571428571429,642.8571428571429,A,2,True,0.5001404494382022,0.5,0.2998595505617978,0.3
0.2,0.3,505.6179775280898,494.3820224719102,B,1,True,0.5,0.5,0.2,0.3
0.9,0.7,0.0,0.0,,50,False,0.7089175046708379,0.6125045463769366,0.008917504670837961,0.2874954536230634
0.2,0.4,505.6179775280898,494.3820224719102,B,1,True,0.5,0.5,0.09999999999999998,0.3
0.7,0.3,731.7073170731708,268.29268292682923,B,1,True,0.5,0.5,0.2,0.19999999999999996
0.3,0.6,538.9221556886226,461.07784431137736,B,1,True,0.5,0.5,0.09999999999999998,0.2
0.4,0.3,576.9230769230769,423.0769230769231,B,1,True,0.5,0.5,0.2,0.09999999999999998
0.1,0.5,476.19047619047615,523.8095238095239,B,1,True,0.5,0.5,0.0,0.4
0.8,0.2,803.5714285714286,196.42857142857144,B,1,True,0.5,0.5,0.3,0.30000000000000004
0.1,0.2,476.19047619047615,523.8095238095239,B,1,True,0.5,0.5,0.3,0.4
0.6,0.1,671.6417910447761,328.35820895522386,B,1,True,0.5,0.5,0.4,0.09999999999999998
0.9,0.5,4.880795256477697,8.274385993495924e-13,B,49,True,0.7022400861828735,0.5552756030218612,0.20224008618287348,0.34472439697813884
0.3,0.6,538.9221556886226,461.07784431137736,B,1,True,0.5,0.5,0.09999999999999998,0.2
0.1,0.8,19.642857142857146,642.8571428571429,A,2,True,0.4994047619047619,0.5,0.30059523809523814,0.4
0.3,0.5,538.9221556886226,461.07784431137736,B,1,True,0.5,0.5,0.0,0.2
0.9,0.2,891.0891089108912,108.91089108910876,B,1,True,0.5,0.5,0.3,0.4
0.9,0.7,0.0,0.0,,50,False,0.7089175046708379,0.6125045463769366,0.008917504670837961,0.2874954536230634
0.6,0.3,671.6417910447761,328.35820895522386,B,1,True,0.5,0.5,0.2,0.09999999999999998
0.6,0.1,671.6417910447761,328.35820895522386,B,1,True,0.5,0.5,0.4,0.09999999999999998
0.1,0.1,476.19047619047615,523.8095238095239,B,1,True,0.5,0.5,0.4,0.4
0.3,0.1,538.9221556886226,461.07784431137736,B,1,True,0.5,0.5,0.4,0.2
0.5,0.6,620.6896551724137,379.3103448275863,B,1,True,0.5,0.5,0.09999999999999998,0.0
0.8,0.6,0.0,0.0,,50,False,0.6523143680786596,0.5818128460684142,0.052314368078659634,0.21818715393158583
0.6,0.8,0.0,0.0,,50,False,0.5818128460684142,0.6523143680786596,0.21818715393158583,0.052314368078659634
0.6,0.3,671.6417910447761,328.35820895522386,B,1,True,0.5,0.5,0.2,0.09999999999999998
0.7,0.7,0.0,0.0,,50,False,0.6125045463769366,0.6125045463769366,0.08749545362306332,0.08749545362306332
0.3,0.8,58.92857142857143,642.8571428571429,A,2,True,0.5009730538922156,0.5,0.29902694610778446,0.2
0.5,0.6,620.6896551724137,379.3103448275863,B,1,True,0.5,0.5,0.09999999999999998,0.0
0.8,0.5,13.668664096943806,0.000920245056859165,B,19,True,0.563850487638366,0.524684301019414,0.06385048763836598,0.27531569898058605
0.9,0.6,0.0,0.0,,50,False,0.7089175046708379,0.5818128460684142,0.10891750467083794,0.3181871539315858
0.2,0.9,21.782178217821752,801.9801980198022,A,2,True,0.5001404494382022,0.5,0.3998595505617978,0.3
0.3,0.3,538.9221556886226,461.07784431137736,B,1,True,0.5,0.5,0.2,0.2
0.9,0.6,0.0,0.0,,50,False,0.7089175046708379,0.5818128460684142,0.10891750467083794,0.3181871539315858
0.6,0.1,671.6417910447761,328.35820895522386,B,1,True,0.5,0.5,0.4,0.09999999999999998
0.4,0.5,576.9230769230769,423.0769230769231,B,1,True,0.5,0.5,0.0,0.09999999999999998
0.7,0.1,731.7073170731708,268.29268292682923,B,1,True,0.5,0.5,0.4,0.19999999999999996
0.1,0.2,476.19047619047615,523.8095238095239,B,1,True,0.5,0.5,0.3,0.4
0.3,0.9,32.67326732673263,801.9801980198022,A,2,True,0.5009730538922156,0.5,0.39902694610778444,0.2
0.7,0.1,731.7073170731708,268.29268292682923,B,1,True,0.5,0.5,0.4,0.19999999999999996
0.6,0.4,671.6417910447761,328.35820895522386,B,1,True,0.5,0.5,0.09999999999999998,0.09999999999999998
0.6,0.2,671.6417910447761,328.35820895522386,B,1,True,0.5,0.5,0.3,0.09999999999999998
0.8,0.9,0.0,0.0,,50,False,0.6523143680786596,0.7089175046708379,0.2476856319213404,0.09108249532916213
0.4,0.4,576.9230769230769,423.0769230769231,B,1,True,0.5,0.5,0.09999999999999998,0.09999999999999998
0.7,0.2,731.7073170731708,268.29268292682923,B,1,True,0.5,0.5,0.3,0.19999999999999996
0.4,0.6,576.9230769230769,423.0769230769231,B,1,True,0.5,0.5,0.09999999999999998,0.09999999999999998
0.5,0.4,620.6896551724137,379.3103448275863,B,1,True,0.5,0.5,0.09999999999999998,0.0
0.2,0.9,21.782178217821752,801.9801980198022,A,2,True,0.5001404494382022,0.5,0.3998595505617978,0.3
0.8,0.4,803.5714285714286,196.42857142857144,B,1,True,0.5,0.5,0.09999999999999998,0.30000000000000004
0.9,0.2,891.0891089108912,108.91089108910876,B,1,True,0.5,0.5,0.3,0.4
0.4,0.4,576.9230769230769,423.0769230769231,B,1,True,0.5,0.5,0.09999999999999998,0.09999999999999998
0.2,0.4,505.6179775280898,494.3820224719102,B,1,True,0.5,0.5,0.09999999999999998,0.3
0.7,0.3,731.7073170731708,268.29268292682923,B,1,True,0.5,0.5,0.2,0.19999999999999996
0.7,0.7,0.0,0.0,,50,False,0.6125045463769366,0.6125045463769366,0.08749545362306332,0.08749545362306332
0.4,0.8,78.57142857142858,642.8571428571429,A,2,True,0.5019230769230769,0.5,0.29807692307692313,0.09999999999999998
0.5,0.9,4.137192996747962e-13,4.392715730829927,A,50,True,0.5569262265369214,0.7022400861828735,0.34307377346307866,0.20224008618287348
0.7,0.9,0.0,0.0,,50,False,0.6125045463769366,0.7089175046708379,0.2874954536230634,0.008917504670837961
0.1,0.6,476.19047619047615,523.8095238095239,B,1,True,0.5,0.5,0.09999999999999998,0.4
0.8,0.2,803.5714285714286,196.42857142857144,B,1,True,0.5,0.5,0.3,0.30000000000000004
0.2,0.8,39.28571428571429,642.8571428571429,A,2,True,0.5001404494382022,0.5,0.2998595505617978,0.3
0.7,0.7,0.0,0.0,,50,False,0.6125045463769366,0.6125045463769366,0.08749545362306332,0.08749545362306332
0.3,0.6,538.9221556886226,461.07784431137736,B,1,True,0.5,0.5,0.09999999999999998,0.2
0.8,0.1,803.5714285714286,196.42857142857144,B,1,True,0.5,0.5,0.4,0.30000000000000004
0.5,0.3,620.6896551724137,379.3103448275863,B,1,True,0.5,0.5,0.2,0.0
0.3,0.7,80.48780487804876,512.1951219512196,A,2,True,0.5009730538922156,0.5,0.19902694610778437,0.2
0.6,0.5,671.6417910447761,328.35820895522386,B,1,True,0.5,0.5,0.0,0.09999999999999998
0.1,0.8,19.642857142857146,642.8571428571429,A,2,True,0.4994047619047619,0.5,0.30059523809523814,0.4
0.5,0.1,620.6896551724137,379.3103448275863,B,1,True,0.5,0.5,0.4,0.0
0.1,0.2,476.19047619047615,523.8095238095239,B,1,True,0.5,0.5,0.3,0.4
0.7,0.1,731.7073170731708,268.29268292682923,B,1,True,0.5,0.5,0.4,0.19999999999999996
0.6,0.6,3.94858699810842,2.0980306018915775,B,11,True,0.5205099499356485,0.5205099499356485,0.0794900500643515,0.0794900500643515
0.9,0.4,103.01632350800304,1.6785541524710594e-06,B,21,True,0.5930723649628478,0.517220569092728,0.19307236496284774,0.38277943090727207
0.6,0.3,671.6417910447761,328.35820895522386,B,1,True,0.5,0.5,0.2,0.09999999999999998
0.4,0.7,107.3170731707317,512.1951219512196,A,2,True,0.5019230769230769,0.5,0.19807692307692304,0.09999999999999998
0.9,0.7,0.0,0.0,,50,False,0.7089175046708379,0.6125045463769366,0.008917504670837961,0.2874954536230634
0.9,0.4,103.01632350800304,1.6785541524710594e-06,B,21,True,0.5930723649628478,0.517220569092728,0.19307236496284774,0.38277943090727207
0.7,0.1,731.7073170731708,268.29268292682923,B,1,True,0.5,0.5,0.4,0.19999999999999996
0.9,0.2,891.0891089108912,108.91089108910876,B,1,True,0.5,0.5,0.3,0.4
0.9,0.9,0.0,0.0,,50,False,0.7089175046708379,0.7089175046708379,0.1910824953291621,0.1910824953291621
0.4,0.1,576.9230769230769,423.0769230769231,B,1,True,0.5,0.5,0.4,0.09999999999999998
0.2,0.2,505.6179775280898,494.3820224719102,B,1,True,0.5,0.5,0.3,0.3
0.4,0.1,576.9230769230769,423.0769230769231,B,1,True,0.5,0.5,0.4,0.09999999999999998
0.7,0.3,731.7073170731708,268.29268292682923,B,1,True,0.5,0.5,0.2,0.19999999999999996
0.8,0.7,0.0,0.0,,50,False,0.6523143680786596,0.6125045463769366,0.04768563192134034,0.1874954536230634
0.8,0.5,13.668664096943806,0.000920245056859165,B,19,True,0.563850487638366,0.524684301019414,0.06385048763836598,0.27531569898058605
0.6,0.5,671.6417910447761,328.35820895522386,B,1,True,0.5,0.5,0.0,0.09999999999999998
0.2,0.9,21.782178217821752,801.9801980198022,A,2,True,0.5001404494382022,0.5,0.3998595505617978,0.3
0.8,0.8,0.0,0.0,,50,False,0.6523143680786596,0.6523143680786596,0.14768563192134043,0.14768563192134043
0.7,0.2,731.7073170731708,268.29268292682923,B,1,True,0.5,0.5,0.3,0.19999999999999996
0.8,0.8,0.0,0.0,,50,False,0.6523143680786596,0.6523143680786596,0.14768563192134043,0.14768563192134043
0.7,0.2,731.7073170731708,268.29268292682923,B,1,True,0.5,0.5,0.3,0.19999999999999996
0.8,0.6,0.0,0.0,,50,False,0.6523143680786596,0.5818128460684142,0.052314368078659634,0.21818715393158583
0.8,0.8,0.0,0.0,,50,False,0.6523143680786596,0.6523143680786596,0.14768563192134043,0.14768563192134043
0.6,0.9,0.0,0.0,,50,False,0.5818128460684142,0.7089175046708379,0.3181871539315858,0.10891750467083794
0.3,0.1,538.9221556886226,461.07784431137736,B,1,True,0.5,0.5,0.4,0.2
0.3,0.3,538.9221556886226,461.07784431137736,B,1,True,0.5,0.5,0.2,0.2
0.3,0.5,538.9221556886226,461.07784431137736,B,1,True,0.5,0.5,0.0,0.2
0.8,0.6,0.0,0.0,,50,False,0.6523143680786596,0.5818128460684142,0.052314368078659634,0.21818715393158583
0.4,0.1,576.9230769230769,423.0769230769231,B,1,True,0.5,0.5,0.4,0.09999999999999998
0.6,0.1,671.6417910447761,328.35820895522386,B,1,True,0.5,0.5,0.4,0.09999999999999998
0.7,0.7,0.0,0.0,,50,False,0.6125045463769366,0.6125045463769366,0.08749545362306332,0.08749545362306332
0.2,0.1,505.6179775280898,494.3820224719102,B,1,True,0.5,0.5,0.4,0.3
0.6,0.9,0.0,0.0,,50,False,0.5818128460684142,0.7089175046708379,0.3181871539315858,0.10891750467083794
0.4,0.9,6.714216609884239e-07,92.71469115720275,A,22,True,0.5187152929599038,0.5930723649628478,0.3812847070400962,0.19307236496284774
0.8,0.2,803.5714285714286,196.42857142857144,B,1,True,0.5,0.5,0.3,0.30000000000000004
0.3,0.3,538.9221556886226,461.07784431137736,B,1,True,0.5,0.5,0.2,0.2
0.5,0.4,620.6896551724137,379.3103448275863,B,1,True,0.5,0.5,0.09999999999999998,0.0
0.6,0.5,671.6417910447761,328.35820895522386,B,1,True,0.5,0.5,0.0,0.09999999999999998
0.6,0.2,671.6417910447761,328.35820895522386,B,1,True,0.5,0.5,0.3,0.09999999999999998
0.4,0.8,78.57142857142858,642.8571428571429,A,2,True,0.5019230769230769,0.5,0.29807692307692313,0.09999999999999998
0.8,0.4,803.5714285714286,196.42857142857144,B,1,True,0.5,0.5,0.09999999999999998,0.30000000000000004
0.5,0.4,620.6896551724137,379.3103448275863,B,1,True,0.5,0.5,0.09999999999999998,0.0
0.1,0.4,476.19047619047615,523.8095238095239,B,1,True,0.5,0.5,0.09999999999999998,0.4
0.7,0.3,731.7073170731708,268.29268292682923,B,1,True,0.5,0.5,0.2,0.19999999999999996
0.8,0.5,13.668664096943806,0.000920245056859165,B,19,True,0.563850487638366,0.524684301019414,0.06385048763836598,0.27531569898058605
0.7,0.5,731.7073170731708,268.29268292682923,B,1,True,0.5,0.5,0.0,0.19999999999999996
0.2,0.7,505.6179775280898,494.3820224719102,B,1,True,0.5,0.5,0.19999999999999996,0.3
0.7,0.6,0.007317168167396026,2.685806844622088e-05,B,33,True,0.5793390003957641,0.5579508101514167,0.02066099960423584,0.14204918984858328
0.4,0.5,576.9230769230769,423.0769230769231,B,1,True,0.5,0.5,0.0,0.09999999999999998
0.7,0.8,0.0,0.0,,50,False,0.6125045463769366,0.6523143680786596,0.1874954536230634,0.04768563192134034
0.2,0.5,505.6179775280898,494.3820224719102,B,1,True,0.5,0.5,0.0,0.3
0.1,0.6,476.19047619047615,523.8095238095239,B,1,True,0.5,0.5,0.09999999999999998,0.4
0.4,0.2,576.9230769230769,423.0769230769231,B,1,True,0.5,0.5,0.3,0.09999999999999998
0.6,0.5,671.6417910447761,328.35820895522386,B,1,True,0.5,0.5,0.0,0.09999999999999998
0.5,0.6,620.6896551724137,379.3103448275863,B,1,True,0.5,0.5,0.09999999999999998,0.0
0.6,0.9,0.0,0.0,,50,False,0.5818128460684142,0.7089175046708379,0.3181871539315858,0.10891750467083794
0.8,0.5,13.668664096943806,0.000920245056859165,B,19,True,0.563850487638366,0.524684301019414,0.06385048763836598,0.27531569898058605
0.8,0.4,803.5714285714286,196.42857142857144,B,1,True,0.5,0.5,0.09999999999999998,0.30000000000000004
0.7,0.7,0.0,0.0,,50,False,0.6125045463769366,0.6125045463769366,0.08749545362306332,0.08749545362306332
0.3,0.7,80.48780487804876,512.1951219512196,A,2,True,0.5009730538922156,0.5,0.19902694610778437,0.2
0.8,0.5,13.668664096943806,0.000920245056859165,B,19,True,0.563850487638366,0.524684301019414,0.06385048763836598,0.27531569898058605
0.9,0.4,103.01632350800304,1.6785541524710594e-06,B,21,True,0.5930723649628478,0.517220569092728,0.19307236496284774,0.38277943090727207
0.4,0.1,576.9230769230769,423.0769230769231,B,1,True,0.5,0.5,0.4,0.09999999999999998
0.6,0.2,671.6417910447761,328.35820895522386,B,1,True,0.5,0.5,0.3,0.09999999999999998
0.9,0.5,4.880795256477697,8.274385993495924e-13,B,49,True,0.7022400861828735,0.5552756030218612,0.20224008618287348,0.34472439697813884
0.9,0.4,103.01632350800304,1.6785541524710594e-06,B,21,True,0.5930723649628478,0.517220569092728,0.19307236496284774,0.38277943090727207
0.8,0.1,803.5714285714286,196.42857142857144,B,1,True,0.5,0.5,0.4,0.30000000000000004
0.9,0.3,891.0891089108912,108.91089108910876,B,1,True,0.5,0.5,0.2,0.4
0.3,0.2,538.9221556886226,461.07784431137736,B,1,True,0.5,0.5,0.3,0.2
0.8,0.9,0.0,0.0,,50,False,0.6523143680786596,0.7089175046708379,0.2476856319213404,0.09108249532916213
0.9,0.2,891.0891089108912,108.91089108910876,B,1,True,0.5,0.5,0.3,0.4
0.1,0.2,476.19047619047615,523.8095238095239,B,1,True,0.5,0.5,0.3,0.4
0.3,0.7,80.48780487804876,512.1951219512196,A,2,True,0.5009730538922156,0.5,0.19902694610778437,0.2
0.9,0.7,0.0,0.0,,50,False,0.7089175046708379,0.6125045463769366,0.008917504670837961,0.2874954536230634
0.1,0.1,476.19047619047615,523.8095238095239,B,1,True,0.5,0.5,0.4,0.4
0.5,0.3,620.6896551724137,379.3103448275863,B,1,True,0.5,0.5,0.2,0.0
0.6,0.5,671.6417910447761,328.35820895522386,B,1,True,0.5,0.5,0.0,0.09999999999999998
0.5,0.5,620.6896551724137,379.3103448275863,B,1,True,0.5,0.5,0.0,0.0
0.3,0.9,32.67326732673263,801.9801980198022,A,2,True,0.5009730538922156,0.5,0.39902694610778444,0.2
0.7,0.2,731.7073170731708,268.29268292682923,B,1,True,0.5,0.5,0.3,0.19999999999999996
0.7,0.5,731.7073170731708,268.29268292682923,B,1,True,0.5,0.5,0.0,0.19999999999999996
0.8,0.6,0.0,0.0,,50,False,0.6523143680786596,0.5818128460684142,0.052314368078659634,0.21818715393158583
0.6,0.9,0.0,0.0,,50,False,0.5818128460684142,0.7089175046708379,0.3181871539315858,0.10891750467083794
0.7,0.1,731.7073170731708,268.29268292682923,B,1,True,0.5,0.5,0.4,0.19999999999999996
0.9,0.4,103.01632350800304,1.6785541524710594e-06,B,21,True,0.5930723649628478,0.517220569092728,0.19307236496284774,0.38277943090727207
0.5,0.7,134.14634146341461,512.1951219512196,A,2,True,0.5030172413793104,0.5,0.1969827586206896,0.0
0.4,0.7,107.3170731707317,512.1951219512196,A,2,True,0.5019230769230769,0.5,0.19807692307692304,0.09999999999999998
0.4,0.5,576.9230769230769,423.0769230769231,B,1,True,0.5,0.5,0.0,0.09999999999999998
0.9,0.4,103.01632350800304,1.6785541524710594e-06,B,21,True,0.5930723649628478,0.517220569092728,0.19307236496284774,0.38277943090727207
0.2,0.4,505.6179775280898,494.3820224719102,B,1,True,0.5,0.5,0.09999999999999998,0.3
0.3,0.6,538.9221556886226,461.07784431137736,B,1,True,0.5,0.5,0.09999999999999998,0.2
0.8,0.9,0.0,0.0,,50,False,0.6523143680786596,0.7089175046708379,0.2476856319213404,0.09108249532916213
0.1,0.8,19.642857142857146,642.8571428571429,A,2,True,0.4994047619047619,0.5,0.30059523809523814,0.4
0.7,0.3,731.7073170731708,268.29268292682923,B,1,True,0.5,0.5,0.2,0.19999999999999996
0.5,0.7,134.14634146341461,512.1951219512196,A,2,True,0.5030172413793104,0.5,0.1969827586206896,0.0
0.9,0.2,891.0891089108912,108.91089108910876,B,1,True,0.5,0.5,0.3,0.4
0.5,0.9,4.137192996747962e-13,4.392715730829927,A,50,True,0.5569262265369214,0.7022400861828735,0.34307377346307866,0.20224008618287348
0.9,0.4,103.01632350800304,1.6785541524710594e-06,B,21,True,0.5930723649628478,0.517220569092728,0.19307236496284774,0.38277943090727207
0.3,0.3,538.9221556886226,461.07784431137736,B,1,True,0.5,0.5,0.2,0.2
0.3,0.7,80.48780487804876,512.1951219512196,A,2,True,0.5009730538922156,0.5,0.19902694610778437,0.2
0.1,0.3,476.19047619047615,523.8095238095239,B,1,True,0.5,0.5,0.2,0.4
0.4,0.5,576.9230769230769,423.0769230769231,B,1,True,0.5,0.5,0.0,0.09999999999999998
0.8,0.5,13.668664096943806,0.000920245056859165,B,19,True,0.563850487638366,0.524684301019414,0.06385048763836598,0.27531569898058605
0.2,0.6,505.6179775280898,494.3820224719102,B,1,True,0.5,0.5,0.09999999999999998,0.3
0.9,0.5,4.880795256477697,8.274385993495924e-13,B,49,True,0.7022400861828735,0.5552756030218612,0.20224008618287348,0.34472439697813884
0.7,0.1,731.7073170731708,268.29268292682923,B,1,True,0.5,0.5,0.4,0.19999999999999996
0.7,0.5,731.7073170731708,268.29268292682923,B,1,True,0.5,0.5,0.0,0.19999999999999996
0.2,0.1,505.6179775280898,494.3820224719102,B,1,True,0.5,0.5,0.4,0.3
0.5,0.6,620.6896551724137,379.3103448275863,B,1,True,0.5,0.5,0.09999999999999998,0.0
0.8,0.9,0.0,0.0,,50,False,0.6523143680786596,0.7089175046708379,0.2476856319213404,0.09108249532916213
0.9,0.7,0.0,0.0,,50,False,0.7089175046708379,0.6125045463769366,0.008917504670837961,0.2874954536230634
0.4,0.1,576.9230769230769,423.0769230769231,B,1,True,0.5,0.5,0.4,0.09999999999999998
0.9,0.5,4.880795256477697,8.274385993495924e-13,B,49,True,0.7022400861828735,0.5552756030218612,0.20224008618287348,0.34472439697813884
0.3,0.7,80.48780487804876,512.1951219512196,A,2,True,0.5009730538922156,0.5,0.19902694610778437,0.2
0.2,0.4,505.6179775280898,494.3820224719102,B,1,True,0.5,0.5,0.09999999999999998,0.3
0.5,0.7,134.14634146341461,512.1951219512196,A,2,True,0.5030172413793104,0.5,0.1969827586206896,0.0
0.8,0.8,0.0,0.0,,50,False,0.6523143680786596,0.6523143680786596,0.14768563192134043,0.14768563192134043
0.6,0.5,671.6417910447761,328.35820895522386,B,1,True,0.5,0.5,0.0,0.09999999999999998
0.2,0.4,505.6179775280898,494.3820224719102,B,1,True,0.5,0.5,0.09999999999999998,0.3
0.7,0.7,0.0,0.0,,50,False,0.6125045463769366,0.6125045463769366,0.08749545362306332,0.08749545362306332
0.8,0.4,803.5714285714286,196.42857142857144,B,1,True,0.5,0.5,0.09999999999999998,0.30000000000000004
0.2,0.5,505.6179775280898,494.3820224719102,B,1,True,0.5,0.5,0.0,0.3
0.8,0.8,0.0,0.0,,50,False,0.6523143680786596,0.6523143680786596,0.14768563192134043,0.14768563192134043
0.4,0.8,78.57142857142858,642.8571428571429,A,2,True,0.5019230769230769,0.5,0.29807692307692313,0.09999999999999998
0.9,0.8,0.0,0.0,,50,False,0.7089175046708379,0.6523143680786596,0.09108249532916213,0.2476856319213404
0.8,0.1,803.5714285714286,196.42857142857144,B,1,True,0.5,0.5,0.4,0.30000000000000004
0.2,0.3,505.6179775280898,494.3820224719102,B,1,True,0.5,0.5,0.2,0.3
0.7,0.7,0.0,0.0,,50,False,0.6125045463769366,0.6125045463769366,0.08749545362306332,0.08749545362306332
0.5,0.9,4.137192996747962e-13,4.392715730829927,A,50,True,0.5569262265369214,0.7022400861828735,0.34307377346307866,0.20224008618287348
0.2,0.1,505.6179775280898,494.3820224719102,B,1,True,0.5,0.5,0.4,0.3
0.9,0.7,0.0,0.0,,50,False,0.7089175046708379,0.6125045463769366,0.008917504670837961,0.2874954536230634
0.6,0.3,671.6417910447761,328.35820895522386,B,1,True,0.5,0.5,0.2,0.09999999999999998
0.9,0.9,0.0,0.0,,50,False,0.7089175046708379,0.7089175046708379,0.1910824953291621,0.1910824953291621
0.4,0.2,576.9230769230769,423.0769230769231,B,1,True,0.5,0.5,0.3,0.09999999999999998
0.1,0.3,476.19047619047615,523.8095238095239,B,1,True,0.5,0.5,0.2,0.4
0.5,0.9,4.137192996747962e-13,4.392715730829927,A,50,True,0.5569262265369214,0.7022400861828735,0.34307377346307866,0.20224008618287348
0.3,0.8,58.92857142857143,642.8571428571429,A,2,True,0.5009730538922156,0.5,0.29902694610778446,0.2
0.3,0.3,538.9221556886226,461.07784431137736,B,1,True,0.5,0.5,0.2,0.2
0.8,0.1,803.5714285714286,196.42857142857144,B,1,True,0.5,0.5,0.4,0.30000000000000004
0.1,0.2,476.19047619047615,523.8095238095239,B,1,True,0.5,0.5,0.3,0.4
0.2,0.7,505.6179775280898,494.3820224719102,B,1,True,0.5,0.5,0.19999999999999996,0.3
0.8,0.7,0.0,0.0,,50,False,0.6523143680786596,0.6125045463769366,0.04768563192134034,0.1874954536230634
0.8,0.5,13.668664096943806,0.000920245056859165,B,19,True,0.563850487638366,0.524684301019414,0.06385048763836598,0.27531569898058605
0.6,0.1,671.6417910447761,328.35820895522386,B,1,True,0.5,0.5,0.4,0.09999999999999998
0.5,0.5,620.6896551724137,379.3103448275863,B,1,True,0.5,0.5,0.0,0.0
0.3,0.6,538.9221556886226,461.07784431137736,B,1,True,0.5,0.5,0.09999999999999998,0.2
0.9,0.8,0.0,0.0,,50,False,0.7089175046708379,0.6523143680786596,0.09108249532916213,0.2476856319213404
0.4,0.6,576.9230769230769,423.0769230769231,B,1,True,0.5,0.5,0.09999999999999998,0.09999999999999998
0.8,0.4,803.5714285714286,196.42857142857144,B,1,True,0.5,0.5,0.09999999999999998,0.30000000000000004
0.7,0.9,0.0,0.0,,50,False,0.6125045463769366,0.7089175046708379,0.2874954536230634,0.008917504670837961
0.1,0.9,10.891089108910876,801.9801980198022,A,2,True,0.4994047619047619,0.5,0.4005952380952381,0.4
0.1,0.8,19.642857142857146,642.8571428571429,A,2,True,0.4994047619047619,0.5,0.30059523809523814,0.4
0.5,0.8,0.0004601225284295825,10.934931277555044,A,20,True,0.5271043534430553,0.563850487638366,0.27289564655694476,0.06385048763836598
0.5,0.5,620.6896551724137,379.3103448275863,B,1,True,0.5,0.5,0.0,0.0
0.9,0.3,891.0891089108912,108.91089108910876,B,1,True,0.5,0.5,0.2,0.4
0.8,0.6,0.0,0.0,,50,False,0.6523143680786596,0.5818128460684142,0.052314368078659634,0.21818715393158583
0.4,0.2,576.9230769230769,423.0769230769231,B,1,True,0.5,0.5,0.3,0.09999999999999998
0.1,0.5,476.19047619047615,523.8095238095239,B,1,True,0.5,0.5,0.0,0.4
0.7,0.9,0.0,0.0,,50,False,0.6125045463769366,0.7089175046708379,0.2874954536230634,0.008917504670837961
0.4,0.1,576.9230769230769,423.0769230769231,B,1,True,0.5,0.5,0.4,0.09999999999999998
0.4,0.5,576.9230769230769,423.0769230769231,B,1,True,0.5,0.5,0.0,0.09999999999999998
0.4,0.3,576.9230769230769,423.0769230769231,B,1,True,0.5,0.5,0.2,0.09999999999999998
0.4,0.5,576.9230769230769,423.0769230769231,B,1,True,0.5,0.5,0.0,0.09999999999999998
0.8,0.7,0.0,0.0,,50,False,0.6523143680786596,0.6125045463769366,0.04768563192134034,0.1874954536230634
0.2,0.9,21.782178217821752,801.9801980198022,A,2,True,0.5001404494382022,0.5,0.3998595505617978,0.3
0.3,0.4,538.9221556886226,461.07784431137736,B,1,True,0.5,0.5,0.09999999999999998,0.2
0.1,0.8,19.642857142857146,642.8571428571429,A,2,True,0.4994047619047619,0.5,0.30059523809523814,0.4
0.5,0.4,620.6896551724137,379.3103448275863,B,1,True,0.5,0.5,0.09999999999999998,0.0
0.5,0.9,4.137192996747962e-13,4.392715730829927,A,50,True,0.5569262265369214,0.7022400861828735,0.34307377346307866,0.20224008618287348
0.2,0.4,505.6179775280898,494.3820224719102,B,1,True,0.5,0.5,0.09999999999999998,0.3
0.8,0.6,0.0,0.0,,50,False,0.6523143680786596,0.5818128460684142,0.052314368078659634,0.21818715393158583
0.9,0.1,891.0891089108912,108.91089108910876,B,1,True,0.5,0.5,0.4,0.4
0.1,0.9,10.891089108910876,801.9801980198022,A,2,True,0.4994047619047619,0.5,0.4005952380952381,0.4
0.5,0.7,134.14634146341461,512.1951219512196,A,2,True,0.5030172413793104,0.5,0.1969827586206896,0.0
0.5,0.7,134.14634146341461,512.1951219512196,A,2,True,0.5030172413793104,0.5,0.1969827586206896,0.0
0.5,0.6,620.6896551724137,379.3103448275863,B,1,True,0.5,0.5,0.09999999999999998,0.0
0.2,0.9,21.782178217821752,801.9801980198022,A,2,True,0.5001404494382022,0.5,0.3998595505617978,0.3
0.2,0.7,505.6179775280898,494.3820224719102,B,1,True,0.5,0.5,0.19999999999999996,0.3
0.2,0.2,505.6179775280898,494.3820224719102,B,1,True,0.5,0.5,0.3,0.3
0.3,0.4,538.9221556886226,461.07784431137736,B,1,True,0.5,0.5,0.09999999999999998,0.2
0.9,0.9,0.0,0.0,,50,False,0.7089175046708379,0.7089175046708379,0.1910824953291621,0.1910824953291621
0.4,0.7,107.3170731707317,512.1951219512196,A,2,True,0.5019230769230769,0.5,0.19807692307692304,0.09999999999999998
0.8,0.2,803.5714285714286,196.42857142857144,B,1,True,0.5,0.5,0.3,0.30000000000000004
0.2,0.3,505.6179775280898,494.3820224719102,B,1,True,0.5,0.5,0.2,0.3
0.8,0.1,803.5714285714286,196.42857142857144,B,1,True,0.5,0.5,0.4,0.30000000000000004
0.5,0.6,620.6896551724137,379.3103448275863,B,1,True,0.5,0.5,0.09999999999999998,0.0
0.3,0.1,538.9221556886226,461.07784431137736,B,1,True,0.5,0.5,0.4,0.2
0.9,0.3,891.0891089108912,108.91089108910876,B,1,True,0.5,0.5,0.2,0.4
0.2,0.6,505.6179775280898,494.3820224719102,B,1,True,0.5,0.5,0.09999999999999998,0.3
0.3,0.6,538.9221556886226,461.07784431137736,B,1,True,0.5,0.5,0.09999999999999998,0.2
0.5,0.1,620.6896551724137,379.3103448275863,B,1,True,0.5,0.5,0.4,0.0
0.2,0.5,505.6179775280898,494.3820224719102,B,1,True,0.5,0.5,0.0,0.3
0.8,0.5,13.668664096943806,0.000920245056859165,B,19,True,0.563850487638366,0.524684301019414,0.06385048763836598,0.27531569898058605
0.7,0.9,0.0,0.0,,50,False,0.6125045463769366,0.7089175046708379,0.2874954536230634,0.008917504670837961
0.8,0.1,803.5714285714286,196.42857142857144,B,1,True,0.5,0.5,0.4,0.30000000000000004
0.4,0.1,576.9230769230769,423.0769230769231,B,1,True,0.5,0.5,0.4,0.09999999999999998
0.6,0.9,0.0,0.0,,50,False,0.5818128460684142,0.7089175046708379,0.3181871539315858,0.10891750467083794
0.3,0.7,80.48780487804876,512.1951219512196,A,2,True,0.5009730538922156,0.5,0.19902694610778437,0.2
0.1,0.3,476.19047619047615,523.8095238095239,B,1,True,0.5,0.5,0.2,0.4
0.9,0.5,4.880795256477697,8.274385993495924e-13,B,49,True,0.7022400861828735,0.5552756030218612,0.20224008618287348,0.34472439697813884
0.8,0.2,803.5714285714286,196.42857142857144,B,1,True,0.5,0.5,0.3,0.30000000000000004
0.6,0.8,0.0,0.0,,50,False,0.5818128460684142,0.6523143680786596,0.21818715393158583,0.052314368078659634
0.9,0.8,0.0,0.0,,50,False,0.7089175046708379,0.6523143680786596,0.09108249532916213,0.2476856319213404
0.6,0.6,3.94858699810842,2.0980306018915775,B,11,True,0.5205099499356485,0.5205099499356485,0.0794900500643515,0.0794900500643515
0.5,0.2,620.6896551724137,379.3103448275863,B,1,True,0.5,0.5,0.3,0.0
0.9,0.9,0.0,0.0,,50,False,0.7089175046708379,0.7089175046708379,0.1910824953291621,0.1910824953291621
0.9,0.4,103.01632350800304,1.6785541524710594e-06,B,21,True,0.5930723649628478,0.517220569092728,0.19307236496284774,0.38277943090727207
0.4,0.5,576.9230769230769,423.0769230769231,B,1,True,0.5,0.5,0.0,0.09999999999999998
0.4,0.5,576.9230769230769,423.0769230769231,B,1,True,0.5,0.5,0.0,0.09999999999999998
0.6,0.2,671.6417910447761,328.35820895522386,B,1,True,0.5,0.5,0.3,0.09999999999999998
0.3,0.4,538.9221556886226,461.07784431137736,B,1,True,0.5,0.5,0.09999999999999998,0.2
0.7,0.3,731.7073170731708,268.29268292682923,B,1,True,0.5,0.5,0.2,0.19999999999999996
0.2,0.9,21.782178217821752,801.9801980198022,A,2,True,0.5001404494382022,0.5,0.3998595505617978,0.3
0.6,0.9,0.0,0.0,,50,False,0.5818128460684142,0.7089175046708379,0.3181871539315858,0.10891750467083794
0.1,0.9,10.891089108910876,801.9801980198022,A,2,True,0.4994047619047619,0.5,0.4005952380952381,0.4
0.3,0.5,538.9221556886226,461.07784431137736,B,1,True,0.5,0.5,0.0,0.2
0.1,0.3,476.19047619047615,523.8095238095239,B,1,True,0.5,0.5,0.2,0.4
0.1,0.9,10.891089108910876,801.9801980198022,A,2,True,0.4994047619047619,0.5,0.4005952380952381,0.4
0.3,0.5,538.9221556886226,461.07784431137736,B,1,True,0.5,0.5,0.0,0.2
0.4,0.5,576.9230769230769,423.0769230769231,B,1,True,0.5,0.5,0.0,0.09999999999999998
0.9,0.4,103.01632350800304,1.6785541524710594e-06,B,21,True,0.5930723649628478,0.517220569092728,0.19307236496284774,0.38277943090727207
0.2,0.5,505.6179775280898,494.3820224719102,B,1,True,0.5,0.5,0.0,0.3
0.6,0.9,0.0,0.0,,50,False,0.5818128460684142,0.7089175046708379,0.3181871539315858,0.10891750467083794
0.3,0.3,538.9221556886226,461.07784431137736,B,1,True,0.5,0.5,0.2,0.2
0.5,0.4,620.6896551724137,379.3103448275863,B,1,True,0.5,0.5,0.09999999999999998,0.0
0.4,0.3,576.9230769230769,423.0769230769231,B,1,True,0.5,0.5,0.2,0.09999999999999998
0.8,0.1,803.5714285714286,196.42857142857144,B,1,True,0.5,0.5,0.4,0.30000000000000004
0.7,0.3,731.7073170731708,268.29268292682923,B,1,True,0.5,0.5,0.2,0.19999999999999996
0.3,0.5,538.9221556886226,461.07784431137736,B,1,True,0.5,0.5,0.0,0.2
0.8,0.5,13.668664096943806,0.000920245056859165,B,19,True,0.563850487638366,0.524684301019414,0.06385048763836598,0.27531569898058605
0.2,0.8,39.28571428571429,642.8571428571429,A,2,True,0.5001404494382022,0.5,0.2998595505617978,0.3
0.5,0.7,134.14634146341461,512.1951219512196,A,2,True,0.5030172413793104,0.5,0.1969827586206896,0.0
0.6,0.3,671.6417910447761,328.35820895522386,B,1,True,0.5,0.5,0.2,0.09999999999999998
0.5,0.8,0.0004601225284295825,10.934931277555044,A,20,True,0.5271043534430553,0.563850487638366,0.27289564655694476,0.06385048763836598
0.1,0.2,476.19047619047615,523.8095238095239,B,1,True,0.5,0.5,0.3,0.4
0.4,0.4,576.9230769230769,423.0769230769231,B,1,True,0.5,0.5,0.09999999999999998,0.09999999999999998
0.4,0.4,576.9230769230769,423.0769230769231,B,1,True,0.5,0.5,0.09999999999999998,0.09999999999999998
0.6,0.4,671.6417910447761,328.35820895522386,B,1,True,0.5,0.5,0.09999999999999998,0.09999999999999998
0.5,0.8,0.0004601225284295825,10.934931277555044,A,20,True,0.5271043534430553,0.563850487638366,0.27289564655694476,0.06385048763836598
0.5,0.6,620.6896551724137,379.3103448275863,B,1,True,0.5,0.5,0.09999999999999998,0.0
0.2,0.4,505.6179775280898,494.3820224719102,B,1,True,0.5,0.5,0.09999999999999998,0.3
0.6,0.2,671.6417910447761,328.35820895522386,B,1,True,0.5,0.5,0.3,0.09999999999999998
0.2,0.5,505.6179775280898,494.3820224719102,B,1,True,0.5,0.5,0.0,0.3
0.9,0.6,0.0,0.0,,50,False,0.7089175046708379,0.5818128460684142,0.10891750467083794,0.3181871539315858
0.3,0.8,58.92857142857143,642.8571428571429,A,2,True,0.5009730538922156,0.5,0.29902694610778446,0.2
0.7,0.7,0.0,0.0,,50,False,0.6125045463769366,0.6125045463769366,0.08749545362306332,0.08749545362306332
0.8,0.9,0.0,0.0,,50,False,0.6523143680786596,0.7089175046708379,0.2476856319213404,0.09108249532916213
0.2,0.7,505.6179775280898,494.3820224719102,B,1,True,0.5,0.5,0.19999999999999996,0.3
0.9,0.1,891.0891089108912,108.91089108910876,B,1,True,0.5,0.5,0.4,0.4
0.4,0.7,107.3170731707317,512.1951219512196,A,2,True,0.5019230769230769,0.5,0.19807692307692304,0.09999999999999998
0.4,0.5,576.9230769230769,423.0769230769231,B,1,True,0.5,0.5,0.0,0.09999999999999998
0.6,0.7,4.4236988972639704e-05,0.0105157175991318,A,32,True,0.5579508101514167,0.5751765187977013,0.14204918984858328,0.024823481202298714
0.7,0.1,731.7073170731708,268.29268292682923,B,1,True,0.5,0.5,0.4,0.19999999999999996
0.9,0.9,0.0,0.0,,50,False,0.7089175046708379,0.7089175046708379,0.1910824953291621,0.1910824953291621
0.2,0.2,505.6179775280898,494.3820224719102,B,1,True,0.5,0.5,0.3,0.3
0.6,0.1,671.6417910447761,328.35820895522386,B,1,True,0.5,0.5,0.4,0.09999999999999998
0.2,0.6,505.6179775280898,494.3820224719102,B,1,True,0.5,0.5,0.09999999999999998,0.3
0.8,0.1,803.5714285714286,196.42857142857144,B,1,True,0.5,0.5,0.4,0.30000000000000004
0.5,0.3,620.6896551724137,379.3103448275863,B,1,True,0.5,0.5,0.2,0.0
0.5,0.9,4.137192996747962e-13,4.392715730829927,A,50,True,0.5569262265369214,0.7022400861828735,0.34307377346307866,0.20224008618287348
0.6,0.6,3.94858699810842,2.0980306018915775,B,11,True,0.5205099499356485,0.5205099499356485,0.0794900500643515,0.0794900500643515
0.1,0.5,476.19047619047615,523.8095238095239,B,1,True,0.5,0.5,0.0,0.4
0.5,0.8,0.0004601225284295825,10.934931277555044,A,20,True,0.5271043534430553,0.563850487638366,0.27289564655694476,0.06385048763836598
0.3,0.6,538.9221556886226,461.07784431137736,B,1,True,0.5,0.5,0.09999999999999998,0.2
0.3,0.1,538.9221556886226,461.07784431137736,B,1,True,0.5,0.5,0.4,0.2
0.4,0.8,78.57142857142858,642.8571428571429,A,2,True,0.5019230769230769,0.5,0.29807692307692313,0.09999999999999998
0.9,0.9,0.0,0.0,,50,False,0.7089175046708379,0.7089175046708379,0.1910824953291621,0.1910824953291621
0.3,0.2,538.9221556886226,461.07784431137736,B,1,True,0.5,0.5,0.3,0.2
0.4,0.5,576.9230769230769,423.0769230769231,B,1,True,0.5,0.5,0.0,0.09999999999999998
0.4,0.3,576.9230769230769,423.0769230769231,B,1,True,0.5,0.5,0.2,0.09999999999999998
0.1,0.1,476.19047619047615,523.8095238095239,B,1,True,0.5,0.5,0.4,0.4
0.9,0.6,0.0,0.0,,50,False,0.7089175046708379,0.5818128460684142,0.10891750467083794,0.3181871539315858
0.5,0.3,620.6896551724137,379.3103448275863,B,1,True,0.5,0.5,0.2,0.0
0.1,0.9,10.891089108910876,801.9801980198022,A,2,True,0.4994047619047619,0.5,0.4005952380952381,0.4
0.5,0.1,620.6896551724137,379.3103448275863,B,1,True,0.5,0.5,0.4,0.0
0.8,0.7,0.0,0.0,,50,False,0.6523143680786596,0.6125045463769366,0.04768563192134034,0.1874954536230634
0.9,0.2,891.0891089108912,108.91089108910876,B,1,True,0.5,0.5,0.3,0.4
0.7,0.5,731.7073170731708,268.29268292682923,B,1,True,0.5,0.5,0.0,0.19999999999999996
0.8,0.5,13.668664096943806,0.000920245056859165,B,19,True,0.563850487638366,0.524684301019414,0.06385048763836598,0.27531569898058605
0.4,0.3,576.9230769230769,423.0769230769231,B,1,True,0.5,0.5,0.2,0.09999999999999998
0.5,0.8,0.0004601225284295825,10.934931277555044,A,20,True,0.5271043534430553,0.563850487638366,0.27289564655694476,0.06385048763836598
0.3,0.1,538.9221556886226,461.07784431137736,B,1,True,0.5,0.5,0.4,0.2
0.1,0.2,476.19047619047615,523.8095238095239,B,1,True,0.5,0.5,0.3,0.4
0.9,0.8,0.0,0.0,,50,False,0.7089175046708379,0.6523143680786596,0.09108249532916213,0.2476856319213404
0.2,0.4,505.6179775280898,494.3820224719102,B,1,True,0.5,0.5,0.09999999999999998,0.3
0.1,0.4,476.19047619047615,523.8095238095239,B,1,True,0.5,0.5,0.09999999999999998,0.4
0.7,0.3,731.7073170731708,268.29268292682923,B,1,True,0.5,0.5,0.2,0.19999999999999996
0.4,0.4,576.9230769230769,423.0769230769231,B,1,True,0.5,0.5,0.09999999999999998,0.09999999999999998
0.7,0.3,731.7073170731708,268.29268292682923,B,1,True,0.5,0.5,0.2,0.19999999999999996
0.2,0.2,505.6179775280898,494.3820224719102,B,1,True,0.5,0.5,0.3,0.3
0.2,0.8,39.28571428571429,642.8571428571429,A,2,True,0.5001404494382022,0.5,0.2998595505617978,0.3
0.2,0.8,39.28571428571429,642.8571428571429,A,2,True,0.5001404494382022,0.5,0.2998595505617978,0.3
0.1,0.9,10.891089108910876,801.9801980198022,A,2,True,0.4994047619047619,0.5,0.4005952380952381,0.4
0.7,0.1,731.7073170731708,268.29268292682923,B,1,True,0.5,0.5,0.4,0.19999999999999996
0.2,0.1,505.6179775280898,494.3820224719102,B,1,True,0.5,0.5,0.4,0.3
0.2,0.9,21.782178217821752,801.9801980198022,A,2,True,0.5001404494382022,0.5,0.3998595505617978,0.3
0.9,0.3,891.0891089108912,108.91089108910876,B,1,True,0.5,0.5,0.2,0.4
0.6,0.4,671.6417910447761,328.35820895522386,B,1,True,0.5,0.5,0.09999999999999998,0.09999999999999998
0.9,0.8,0.0,0.0,,50,False,0.7089175046708379,0.6523143680786596,0.09108249532916213,0.2476856319213404
0.7,0.2,731.7073170731708,268.29268292682923,B,1,True,0.5,0.5,0.3,0.19999999999999996
0.3,0.7,80.48780487804876,512.1951219512196,A,2,True,0.5009730538922156,0.5,0.19902694610778437,0.2
0.8,0.5,13.668664096943806,0.000920245056859165,B,19,True,0.563850487638366,0.524684301019414,0.06385048763836598,0.27531569898058605
0.2,0.9,21.782178217821752,801.9801980198022,A,2,True,0.5001404494382022,0.5,0.3998595505617978,0.3
0.4,0.4,576.9230769230769,423.0769230769231,B,1,True,0.5,0.5,0.09999999999999998,0.09999999999999998
0.3,0.2,538.9221556886226,461.07784431137736,B,1,True,0.5,0.5,0.3,0.2
0.5,0.3,620.6896551724137,379.3103448275863,B,1,True,0.5,0.5,0.2,0.0
0.7,0.4,731.7073170731708,268.29268292682923,B,1,True,0.5,0.5,0.09999999999999998,0.19999999999999996
0.8,0.6,0.0,0.0,,50,False,0.6523143680786596,0.5818128460684142,0.052314368078659634,0.21818715393158583
0.9,0.1,891.0891089108912,108.91089108910876,B,1,True,0.5,0.5,0.4,0.4
0.9,0.4,103.01632350800304,1.6785541524710594e-06,B,21,True,0.5930723649628478,0.517220569092728,0.19307236496284774,0.38277943090727207
0.1,0.9,10.891089108910876,801.9801980198022,A,2,True,0.4994047619047619,0.5,0.4005952380952381,0.4
0.2,0.3,505.6179775280898,494.3820224719102,B,1,True,0.5,0.5,0.2,0.3
0.9,0.3,891.0891089108912,108.91089108910876,B,1,True,0.5,0.5,0.2,0.4
0.6,0.8,0.0,0.0,,50,False,0.5818128460684142,0.6523143680786596,0.21818715393158583,0.052314368078659634
0.3,0.2,538.9221556886226,461.07784431137736,B,1,True,0.5,0.5,0.3,0.2
0.3,0.4,538.9221556886226,461.07784431137736,B,1,True,0.5,0.5,0.09999999999999998,0.2
0.1,0.2,476.19047619047615,523.8095238095239,B,1,True,0.5,0.5,0.3,0.4
0.6,0.6,3.94858699810842,2.0980306018915775,B,11,True,0.5205099499356485,0.5205099499356485,0.0794900500643515,0.0794900500643515
0.2,0.4,505.6179775280898,494.3820224719102,B,1,True,0.5,0.5,0.09999999999999998,0.3
0.1,0.7,476.19047619047615,523.8095238095239,B,1,True,0.5,0.5,0.19999999999999996,0.4
0.3,0.6,538.9221556886226,461.07784431137736,B,1,True,0.5,0.5,0.09999999999999998,0.2
0.6,0.9,0.0,0.0,,50,False,0.5818128460684142,0.7089175046708379,0.3181871539315858,0.10891750467083794
0.7,0.5,731.7073170731708,268.29268292682923,B,1,True,0.5,0.5,0.0,0.19999999999999996
0.1,0.1,476.19047619047615,523.8095238095239,B,1,True,0.5,0.5,0.4,0.4
0.8,0.9,0.0,0.0,,50,False,0.6523143680786596,0.7089175046708379,0.2476856319213404,0.09108249532916213
0.5,0.6,620.6896551724137,379.3103448275863,B,1,True,0.5,0.5,0.09999999999999998,0.0
0.7,0.2,731.7073170731708,268.29268292682923,B,1,True,0.5,0.5,0.3,0.19999999999999996
0.7,0.1,731.7073170731708,268.29268292682923,B,1,True,0.5,0.5,0.4,0.19999999999999996
0.3,0.3,538.9221556886226,461.07784431137736,B,1,True,0.5,0.5,0.2,0.2
0.5,0.6,620.6896551724137,379.3103448275863,B,1,True,0.5,0.5,0.09999999999999998,0.0
0.9,0.5,4.880795256477697,8.274385993495924e-13,B,49,True,0.7022400861828735,0.5552756030218612,0.20224008618287348,0.34472439697813884
0.5,0.2,620.6896551724137,379.3103448275863,B,1,True,0.5,0.5,0.3,0.0
0.2,0.7,505.6179775280898,494.3820224719102,B,1,True,0.5,0.5,0.19999999999999996,0.3
0.8,0.5,13.668664096943806,0.000920245056859165,B,19,True,0.563850487638366,0.524684301019414,0.06385048763836598,0.27531569898058605
0.9,0.2,891.0891089108912,108.91089108910876,B,1,True,0.5,0.5,0.3,0.4
0.8,0.8,0.0,0.0,,50,False,0.6523143680786596,0.6523143680786596,0.14768563192134043,0.14768563192134043
0.5,0.7,134.14634146341461,512.1951219512196,A,2,True,0.5030172413793104,0.5,0.1969827586206896,0.0
0.8,0.3,803.5714285714286,196.42857142857144,B,1,True,0.5,0.5,0.2,0.30000000000000004
0.4,0.9,6.714216609884239e-07,92.71469115720275,A,22,True,0.5187152929599038,0.5930723649628478,0.3812847070400962,0.19307236496284774
0.5,0.2,620.6896551724137,379.3103448275863,B,1,True,0.5,0.5,0.3,0.0
0.1,0.7,476.19047619047615,523.8095238095239,B,1,True,0.5,0.5,0.19999999999999996,0.4
0.4,0.3,576.9230769230769,423.0769230769231,B,1,True,0.5,0.5,0.2,0.09999999999999998
0.1,0.5,476.19047619047615,523.8095238095239,B,1,True,0.5,0.5,0.0,0.4
0.3,0.2,538.9221556886226,461.07784431137736,B,1,True,0.5,0.5,0.3,0.2
0.4,0.8,78.57142857142858,642.8571428571429,A,2,True,0.5019230769230769,0.5,0.29807692307692313,0.09999999999999998
0.7,0.1,731.7073170731708,268.29268292682923,B,1,True,0.5,0.5,0.4,0.19999999999999996
0.2,0.1,505.6179775280898,494.3820224719102,B,1,True,0.5,0.5,0.4,0.3
0.8,0.1,803.5714285714286,196.42857142857144,B,1,True,0.5,0.5,0.4,0.30000000000000004
0.3,0.7,80.48780487804876,512.1951219512196,A,2,True,0.5009730538922156,0.5,0.19902694610778437,0.2
0.2,0.1,505.6179775280898,494.3820224719102,B,1,True,0.5,0.5,0.4,0.3
0.8,0.9,0.0,0.0,,50,False,0.6523143680786596,0.7089175046708379,0.2476856319213404,0.09108249532916213
0.9,0.2,891.0891089108912,108.91089108910876,B,1,True,0.5,0.5,0.3,0.4
0.8,0.4,803.5714285714286,196.42857142857144,B,1,True,0.5,0.5,0.09999999999999998,0.30000000000000004
0.2,0.3,505.6179775280898,494.3820224719102,B,1,True,0.5,0.5,0.2,0.3
0.5,0.1,620.6896551724137,379.3103448275863,B,1,True,0.5,0.5,0.4,0.0
0.9,0.6,0.0,0.0,,50,False,0.7089175046708379,0.5818128460684142,0.10891750467083794,0.3181871539315858
0.9,0.6,0.0,0.0,,50,False,0.7089175046708379,0.5818128460684142,0.10891750467083794,0.3181871539315858
0.4,0.3,576.9230769230769,423.0769230769231,B,1,True,0.5,0.5,0.2,0.09999999999999998
0.7,0.2,731.7073170731708,268.29268292682923,B,1,True,0.5,0.5,0.3,0.19999999999999996
0.4,0.9,6.714216609884239e-07,92.71469115720275,A,22,True,0.5187152929599038,0.5930723649628478,0.3812847070400962,0.19307236496284774
0.4,0.2,576.9230769230769,423.0769230769231,B,1,True,0.5,0.5,0.3,0.09999999999999998
0.8,0.4,803.5714285714286,196.42857142857144,B,1,True,0.5,0.5,0.09999999999999998,0.30000000000000004
0.8,0.2,803.5714285714286,196.42857142857144,B,1,True,0.5,0.5,0.3,0.30000000000000004
0.9,0.2,891.0891089108912,108.91089108910876,B,1,True,0.5,0.5,0.3,0.4
0.6,0.6,3.94858699810842,2.0980306018915775,B,11,True,0.5205099499356485,0.5205099499356485,0.0794900500643515,0.0794900500643515
0.8,0.7,0.0,0.0,,50,False,0.6523143680786596,0.6125045463769366,0.04768563192134034,0.1874954536230634
0.3,0.4,538.9221556886226,461.07784431137736,B,1,True,0.5,0.5,0.09999999999999998,0.2
0.9,0.4,103.01632350800304,1.6785541524710594e-06,B,21,True,0.5930723649628478,0.517220569092728,0.19307236496284774,0.38277943090727207
0.4,0.2,576.9230769230769,423.0769230769231,B,1,True,0.5,0.5,0.3,0.09999999999999998
0.4,0.5,576.9230769230769,423.0769230769231,B,1,True,0.5,0.5,0.0,0.09999999999999998
0.7,0.2,731.7073170731708,268.29268292682923,B,1,True,0.5,0.5,0.3,0.19999999999999996
0.9,0.8,0.0,0.0,,50,False,0.7089175046708379,0.6523143680786596,0.09108249532916213,0.2476856319213404
0.2,0.3,505.6179775280898,494.3820224719102,B,1,True,0.5,0.5,0.2,0.3
0.3,0.7,80.48780487804876,512.1951219512196,A,2,True,0.5009730538922156,0.5,0.19902694610778437,0.2
0.3,0.8,58.92857142857143,642.8571428571429,A,2,True,0.5009730538922156,0.5,0.29902694610778446,0.2
0.1,0.4,476.19047619047615,523.8095238095239,B,1,True,0.5,0.5,0.09999999999999998,0.4
0.4,0.7,107.3170731707317,512.1951219512196,A,2,True,0.5019230769230769,0.5,0.19807692307692304,0.09999999999999998
0.3,0.2,538.9221556886226,461.07784431137736,B,1,True,0.5,0.5,0.3,0.2
0.6,0.5,671.6417910447761,328.35820895522386,B,1,True,0.5,0.5,0.0,0.09999999999999998
0.9,0.4,103.01632350800304,1.6785541524710594e-06,B,21,True,0.5930723649628478,0.517220569092728,0.19307236496284774,0.38277943090727207
0.9,0.1,891.0891089108912,108.91089108910876,B,1,True,0.5,0.5,0.4,0.4
0.1,0.5,476.19047619047615,523.8095238095239,B,1,True,0.5,0.5,0.0,0.4
0.6,0.3,671.6417910447761,328.35820895522386,B,1,True,0.5,0.5,0.2,0.09999999999999998
0.7,0.2,731.7073170731708,268.29268292682923,B,1,True,0.5,0.5,0.3,0.19999999999999996
0.2,0.9,21.782178217821752,801.9801980198022,A,2,True,0.5001404494382022,0.5,0.3998595505617978,0.3
0.2,0.5,505.6179775280898,494.3820224719102,B,1,True,0.5,0.5,0.0,0.3
0.2,0.7,505.6179775280898,494.3820224719102,B,1,True,0.5,0.5,0.19999999999999996,0.3
0.6,0.7,4.4236988972639704e-05,0.0105157175991318,A,32,True,0.5579508101514167,0.5751765187977013,0.14204918984858328,0.024823481202298714
0.9,0.8,0.0,0.0,,50,False,0.7089175046708379,0.6523143680786596,0.09108249532916213,0.2476856319213404
0.4,0.6,576.9230769230769,423.0769230769231,B,1,True,0.5,0.5,0.09999999999999998,0.09999999999999998
0.3,0.4,538.9221556886226,461.07784431137736,B,1,True,0.5,0.5,0.09999999999999998,0.2
0.8,0.5,13.668664096943806,0.000920245056859165,B,19,True,0.563850487638366,0.524684301019414,0.06385048763836598,0.27531569898058605
0.1,0.9,10.891089108910876,801.9801980198022,A,2,True,0.4994047619047619,0.5,0.4005952380952381,0.4
0.3,0.4,538.9221556886226,461.07784431137736,B,1,True,0.5,0.5,0.09999999999999998,0.2
0.5,0.9,4.137192996747962e-13,4.392715730829927,A,50,True,0.5569262265369214,0.7022400861828735,0.34307377346307866,0.20224008618287348
0.5,0.8,0.0004601225284295825,10.934931277555044,A,20,True,0.5271043534430553,0.563850487638366,0.27289564655694476,0.06385048763836598
0.5,0.8,0.0004601225284295825,10.934931277555044,A,20,True,0.5271043534430553,0.563850487638366,0.27289564655694476,0.06385048763836598
0.9,0.4,103.01632350800304,1.6785541524710594e-06,B,21,True,0.5930723649628478,0.517220569092728,0.19307236496284774,0.38277943090727207
0.7,0.6,0.007317168167396026,2.685806844622088e-05,B,33,True,0.5793390003957641,0.5579508101514167,0.02066099960423584,0.14204918984858328
0.1,0.4,476.19047619047615,523.8095238095239,B,1,True,0.5,0.5,0.09999999999999998,0.4
0.6,0.2,671.6417910447761,328.35820895522386,B,1,True,0.5,0.5,0.3,0.09999999999999998
0.1,0.5,476.19047619047615,523.8095238095239,B,1,True,0.5,0.5,0.0,0.4
0.1,0.4,476.19047619047615,523.8095238095239,B,1,True,0.5,0.5,0.09999999999999998,0.4
0.3,0.1,538.9221556886226,461.07784431137736,B,1,True,0.5,0.5,0.4,0.2
0.2,0.4,505.6179775280898,494.3820224719102,B,1,True,0.5,0.5,0.09999999999999998,0.3
0.1,0.7,476.19047619047615,523.8095238095239,B,1,True,0.5,0.5,0.19999999999999996,0.4
0.9,0.6,0.0,0.0,,50,False,0.7089175046708379,0.5818128460684142,0.10891750467083794,0.3181871539315858
0.9,0.3,891.0891089108912,108.91089108910876,B,1,True,0.5,0.5,0.2,0.4
0.4,0.2,576.9230769230769,423.0769230769231,B,1,True,0.5,0.5,0.3,0.09999999999999998
0.8,0.2,803.5714285714286,196.42857142857144,B,1,True,0.5,0.5,0.3,0.30000000000000004
0.9,0.2,891.0891089108912,108.91089108910876,B,1,True,0.5,0.5,0.3,0.4
0.4,0.2,576.9230769230769,423.0769230769231,B,1,True,0.5,0.5,0.3,0.09999999999999998
0.9,0.6,0.0,0.0,,50,False,0.7089175046708379,0.5818128460684142,0.10891750467083794,0.3181871539315858
0.8,0.2,803.5714285714286,196.42857142857144,B,1,True,0.5,0.5,0.3,0.30000000000000004
0.4,0.1,576.9230769230769,423.0769230769231,B,1,True,0.5,0.5,0.4,0.09999999999999998
0.7,0.9,0.0,0.0,,50,False,0.6125045463769366,0.7089175046708379,0.2874954536230634,0.008917504670837961
0.1,0.1,476.19047619047615,523.8095238095239,B,1,True,0.5,0.5,0.4,0.4
0.3,0.8,58.92857142857143,642.8571428571429,A,2,True,0.5009730538922156,0.5,0.29902694610778446,0.2
0.4,0.8,78.57142857142858,642.8571428571429,A,2,True,0.5019230769230769,0.5,0.29807692307692313,0.09999999999999998
0.6,0.4,671.6417910447761,328.35820895522386,B,1,True,0.5,0.5,0.09999999999999998,0.09999999999999998
0.8,0.4,803.5714285714286,196.42857142857144,B,1,True,0.5,0.5,0.09999999999999998,0.30000000000000004
0.9,0.8,0.0,0.0,,50,False,0.7089175046708379,0.6523143680786596,0.09108249532916213,0.2476856319213404
0.2,0.8,39.28571428571429,642.8571428571429,A,2,True,0.5001404494382022,0.5,0.2998595505617978,0.3
0.2,0.9,21.782178217821752,801.9801980198022,A,2,True,0.5001404494382022,0.5,0.3998595505617978,0.3
0.1,0.2,476.19047619047615,523.8095238095239,B,1,True,0.5,0.5,0.3,0.4
0.2,0.9,21.782178217821752,801.9801980198022,A,2,True,0.5001404494382022,0.5,0.3998595505617978,0.3
0.8,0.8,0.0,0.0,,50,False,0.6523143680786596,0.6523143680786596,0.14768563192134043,0.14768563192134043
0.4,0.4,576.9230769230769,423.0769230769231,B,1,True,0.5,0.5,0.09999999999999998,0.09999999999999998
0.8,0.5,13.668664096943806,0.000920245056859165,B,19,True,0.563850487638366,0.524684301019414,0.06385048763836598,0.27531569898058605
0.3,0.6,538.9221556886226,461.07784431137736,B,1,True,0.5,0.5,0.09999999999999998,0.2
0.3,0.1,538.9221556886226,461.07784431137736,B,1,True,0.5,0.5,0.4,0.2
0.1,0.1,476.19047619047615,523.8095238095239,B,1,True,0.5,0.5,0.4,0.4
0.7,0.7,0.0,0.0,,50,False,0.6125045463769366,0.6125045463769366,0.08749545362306332,0.08749545362306332
0.2,0.4,505.6179775280898,494.3820224719102,B,1,True,0.5,0.5,0.09999999999999998,0.3
0.8,0.9,0.0,0.0,,50,False,0.6523143680786596,0.7089175046708379,0.2476856319213404,0.09108249532916213
0.1,0.6,476.19047619047615,523.8095238095239,B,1,True,0.5,0.5,0.09999999999999998,0.4
0.2,0.1,505.6179775280898,494.3820224719102,B,1,True,0.5,0.5,0.4,0.3
0.4,0.4,576.9230769230769,423.0769230769231,B,1,True,0.5,0.5,0.09999999999999998,0.09999999999999998
0.8,0.2,803.5714285714286,196.42857142857144,B,1,True,0.5,0.5,0.3,0.30000000000000004
0.2,0.8,39.28571428571429,642.8571428571429,A,2,True,0.5001404494382022,0.5,0.2998595505617978,0.3
0.1,0.7,476.19047619047615,523.8095238095239,B,1,True,0.5,0.5,0.19999999999999996,0.4
0.6,0.8,0.0,0.0,,50,False,0.5818128460684142,0.6523143680786596,0.21818715393158583,0.052314368078659634
0.9,0.9,0.0,0.0,,50,False,0.7089175046708379,0.7089175046708379,0.1910824953291621,0.1910824953291621
0.7,0.7,0.0,0.0,,50,False,0.6125045463769366,0.6125045463769366,0.08749545362306332,0.08749545362306332
0.4,0.3,576.9230769230769,423.0769230769231,B,1,True,0.5,0.5,0.2,0.09999999999999998
0.8,0.2,803.5714285714286,196.42857142857144,B,1,True,0.5,0.5,0.3,0.30000000000000004
0.8,0.3,803.5714285714286,196.42857142857144,B,1,True,0.5,0.5,0.2,0.30000000000000004
0.8,0.9,0.0,0.0,,50,False,0.6523143680786596,0.7089175046708379,0.2476856319213404,0.09108249532916213
0.2,0.7,505.6179775280898,494.3820224719102,B,1,True,0.5,0.5,0.19999999999999996,0.3
0.5,0.5,620.6896551724137,379.3103448275863,B,1,True,0.5,0.5,0.0,0.0
0.9,0.5,4.880795256477697,8.274385993495924e-13,B,49,True,0.7022400861828735,0.5552756030218612,0.20224008618287348,0.34472439697813884
0.8,0.9,0.0,0.0,,50,False,0.6523143680786596,0.7089175046708379,0.2476856319213404,0.09108249532916213
0.8,0.1,803.5714285714286,196.42857142857144,B,1,True,0.5,0.5,0.4,0.30000000000000004
0.1,0.7,476.19047619047615,523.8095238095239,B,1,True,0.5,0.5,0.19999999999999996,0.4
0.2,0.8,39.28571428571429,642.8571428571429,A,2,True,0.5001404494382022,0.5,0.2998595505617978,0.3
0.3,0.9,32.67326732673263,801.9801980198022,A,2,True,0.5009730538922156,0.5,0.39902694610778444,0.2
0.7,0.6,0.007317168167396026,2.685806844622088e-05,B,33,True,0.5793390003957641,0.5579508101514167,0.02066099960423584,0.14204918984858328
0.3,0.2,538.9221556886226,461.07784431137736,B,1,True,0.5,0.5,0.3,0.2
0.3,0.7,80.48780487804876,512.1951219512196,A,2,True,0.5009730538922156,0.5,0.19902694610778437,0.2
0.6,0.4,671.6417910447761,328.35820895522386,B,1,True,0.5,0.5,0.09999999999999998,0.09999999999999998
0.5,0.6,620.6896551724137,379.3103448275863,B,1,True,0.5,0.5,0.09999999999999998,0.0
0.1,0.7,476.19047619047615,523.8095238095239,B,1,True,0.5,0.5,0.19999999999999996,0.4
0.1,0.6,476.19047619047615,523.8095238095239,B,1,True,0.5,0.5,0.09999999999999998,0.4
0.3,0.7,80.48780487804876,512.1951219512196,A,2,True,0.5009730538922156,0.5,0.19902694610778437,0.2
0.1,0.9,10.891089108910876,801.9801980198022,A,2,True,0.4994047619047619,0.5,0.4005952380952381,0.4
0.6,0.8,0.0,0.0,,50,False,0.5818128460684142,0.6523143680786596,0.21818715393158583,0.052314368078659634
0.9,0.9,0.0,0.0,,50,False,0.7089175046708379,0.7089175046708379,0.1910824953291621,0.1910824953291621
0.6,0.8,0.0,0.0,,50,False,0.5818128460684142,0.6523143680786596,0.21818715393158583,0.052314368078659634
0.2,0.9,21.782178217821752,801.9801980198022,A,2,True,0.5001404494382022,0.5,0.3998595505617978,0.3
0.7,0.4,731.7073170731708,268.29268292682923,B,1,True,0.5,0.5,0.09999999999999998,0.19999999999999996
0.5,0.1,620.6896551724137,379.3103448275863,B,1,True,0.5,0.5,0.4,0.0
0.5,0.5,620.6896551724137,379.3103448275863,B,1,True,0.5,0.5,0.0,0.0
0.7,0.3,731.7073170731708,268.29268292682923,B,1,True,0.5,0.5,0.2,0.19999999999999996
0.5,0.1,620.6896551724137,379.3103448275863,B,1,True,0.5,0.5,0.4,0.0
0.6,0.5,671.6417910447761,328.35820895522386,B,1,True,0.5,0.5,0.0,0.09999999999999998
0.1,0.1,476.19047619047615,523.8095238095239,B,1,True,0.5,0.5,0.4,0.4
0.2,0.5,505.6179775280898,494.3820224719102,B,1,True,0.5,0.5,0.0,0.3
0.3,0.5,538.9221556886226,461.07784431137736,B,1,True,0.5,0.5,0.0,0.2
0.4,0.7,107.3170731707317,512.1951219512196,A,2,True,0.5019230769230769,0.5,0.19807692307692304,0.09999999999999998
0.6,0.8,0.0,0.0,,50,False,0.5818128460684142,0.6523143680786596,0.21818715393158583,0.052314368078659634
0.3,0.3,538.9221556886226,461.07784431137736,B,1,True,0.5,0.5,0.2,0.2
0.2,0.1,505.6179775280898,494.3820224719102,B,1,True,0.5,0.5,0.4,0.3
0.3,0.1,538.9221556886226,461.07784431137736,B,1,True,0.5,0.5,0.4,0.2
0.5,0.3,620.6896551724137,379.3103448275863,B,1,True,0.5,0.5,0.2,0.0
0.3,0.8,58.92857142857143,642.8571428571429,A,2,True,0.5009730538922156,0.5,0.29902694610778446,0.2
0.8,0.8,0.0,0.0,,50,False,0.6523143680786596,0.6523143680786596,0.14768563192134043,0.14768563192134043
0.4,0.2,576.9230769230769,423.0769230769231,B,1,True,0.5,0.5,0.3,0.09999999999999998
0.9,0.6,0.0,0.0,,50,False,0.7089175046708379,0.5818128460684142,0.10891750467083794,0.3181871539315858
0.6,0.3,671.6417910447761,328.35820895522386,B,1,True,0.5,0.5,0.2,0.09999999999999998
0.4,0.2,576.9230769230769,423.0769230769231,B,1,True,0.5,0.5,0.3,0.09999999999999998
0.8,0.4,803.5714285714286,196.42857142857144,B,1,True,0.5,0.5,0.09999999999999998,0.30000000000000004
0.7,0.8,0.0,0.0,,50,False,0.6125045463769366,0.6523143680786596,0.1874954536230634,0.04768563192134034
0.9,0.6,0.0,0.0,,50,False,0.7089175046708379,0.5818128460684142,0.10891750467083794,0.3181871539315858
0.3,0.5,538.9221556886226,461.07784431137736,B,1,True,0.5,0.5,0.0,0.2
0.5,0.9,4.137192996747962e-13,4.392715730829927,A,50,True,0.5569262265369214,0.7022400861828735,0.34307377346307866,0.20224008618287348
0.7,0.2,731.7073170731708,268.29268292682923,B,1,True,0.5,0.5,0.3,0.19999999999999996
0.3,0.9,32.67326732673263,801.9801980198022,A,2,True,0.5009730538922156,0.5,0.39902694610778444,0.2
0.1,0.8,19.642857142857146,642.8571428571429,A,2,True,0.4994047619047619,0.5,0.30059523809523814,0.4
0.3,0.5,538.9221556886226,461.07784431137736,B,1,True,0.5,0.5,0.0,0.2
0.4,0.2,576.9230769230769,423.0769230769231,B,1,True,0.5,0.5,0.3,0.09999999999999998
0.5,0.8,0.0004601225284295825,10.934931277555044,A,20,True,0.5271043534430553,0.563850487638366,0.27289564655694476,0.06385048763836598
0.5,0.8,0.0004601225284295825,10.934931277555044,A,20,True,0.5271043534430553,0.563850487638366,0.27289564655694476,0.06385048763836598
0.6,0.2,671.6417910447761,328.35820895522386,B,1,True,0.5,0.5,0.3,0.09999999999999998
0.1,0.7,476.19047619047615,523.8095238095239,B,1,True,0.5,0.5,0.19999999999999996,0.4
0.1,0.1,476.19047619047615,523.8095238095239,B,1,True,0.5,0.5,0.4,0.4
0.9,0.6,0.0,0.0,,50,False,0.7089175046708379,0.5818128460684142,0.10891750467083794,0.3181871539315858
0.7,0.9,0.0,0.0,,50,False,0.6125045463769366,0.7089175046708379,0.2874954536230634,0.008917504670837961
0.1,0.2,476.19047619047615,523.8095238095239,B,1,True,0.5,0.5,0.3,0.4
0.6,0.1,671.6417910447761,328.35820895522386,B,1,True,0.5,0.5,0.4,0.09999999999999998
0.1,0.3,476.19047619047615,523.8095238095239,B,1,True,0.5,0.5,0.2,0.4
0.9,0.8,0.0,0.0,,50,False,0.7089175046708379,0.6523143680786596,0.09108249532916213,0.2476856319213404
0.1,0.6,476.19047619047615,523.8095238095239,B,1,True,0.5,0.5,0.09999999999999998,0.4
0.3,0.1,538.9221556886226,461.07784431137736,B,1,True,0.5,0.5,0.4,0.2
0.4,0.5,576.9230769230769,423.0769230769231,B,1,True,0.5,0.5,0.0,0.09999999999999998
0.4,0.1,576.9230769230769,423.0769230769231,B,1,True,0.5,0.5,0.4,0.09999999999999998
0.8,0.1,803.5714285714286,196.42857142857144,B,1,True,0.5,0.5,0.4,0.30000000000000004
0.2,0.6,505.6179775280898,494.3820224719102,B,1,True,0.5,0.5,0.09999999999999998,0.3
0.7,0.1,731.7073170731708,268.29268292682923,B,1,True,0.5,0.5,0.4,0.19999999999999996
0.4,0.8,78.57142857142858,642.8571428571429,A,2,True,0.5019230769230769,0.5,0.29807692307692313,0.09999999999999998
0.6,0.6,3.94858699810842,2.0980306018915775,B,11,True,0.5205099499356485,0.5205099499356485,0.0794900500643515,0.0794900500643515
0.2,0.8,39.28571428571429,642.8571428571429,A,2,True,0.5001404494382022,0.5,0.2998595505617978,0.3
0.3,0.1,538.9221556886226,461.07784431137736,B,1,True,0.5,0.5,0.4,0.2
0.8,0.5,13.668664096943806,0.000920245056859165,B,19,True,0.563850487638366,0.524684301019414,0.06385048763836598,0.27531569898058605
0.8,0.3,803.5714285714286,196.42857142857144,B,1,True,0.5,0.5,0.2,0.30000000000000004
0.7,0.2,731.7073170731708,268.29268292682923,B,1,True,0.5,0.5,0.3,0.19999999999999996
0.3,0.1,538.9221556886226,461.07784431137736,B,1,True,0.5,0.5,0.4,0.2
0.9,0.7,0.0,0.0,,50,False,0.7089175046708379,0.6125045463769366,0.008917504670837961,0.2874954536230634
0.5,0.8,0.0004601225284295825,10.934931277555044,A,20,True,0.5271043534430553,0.563850487638366,0.27289564655694476,0.06385048763836598
0.2,0.9,21.782178217821752,801.9801980198022,A,2,True,0.5001404494382022,0.5,0.3998595505617978,0.3
0.4,0.2,576.9230769230769,423.0769230769231,B,1,True,0.5,0.5,0.3,0.09999999999999998
0.8,0.7,0.0,0.0,,50,False,0.6523143680786596,0.6125045463769366,0.04768563192134034,0.1874954536230634
0.8,0.3,803.5714285714286,196.42857142857144,B,1,True,0.5,0.5,0.2,0.30000000000000004
0.6,0.5,671.6417910447761,328.35820895522386,B,1,True,0.5,0.5,0.0,0.09999999999999998
0.3,0.3,538.9221556886226,461.07784431137736,B,1,True,0.5,0.5,0.2,0.2
0.2,0.7,505.6179775280898,494.3820224719102,B,1,True,0.5,0.5,0.19999999999999996,0.3
0.8,0.2,803.5714285714286,196.42857142857144,B,1,True,0.5,0.5,0.3,0.30000000000000004
0.6,0.4,671.6417910447761,328.35820895522386,B,1,True,0.5,0.5,0.09999999999999998,0.09999999999999998
0.2,0.8,39.28571428571429,642.8571428571429,A,2,True,0.5001404494382022,0.5,0.2998595505617978,0.3
0.5,0.4,620.6896551724137,379.3103448275863,B,1,True,0.5,0.5,0.09999999999999998,0.0
0.6,0.9,0.0,0.0,,50,False,0.5818128460684142,0.7089175046708379,0.3181871539315858,0.10891750467083794
0.1,0.7,476.19047619047615,523.8095238095239,B,1,True,0.5,0.5,0.19999999999999996,0.4
0.8,0.3,803.5714285714286,196.42857142857144,B,1,True,0.5,0.5,0.2,0.30000000000000004
0.3,0.4,538.9221556886226,461.07784431137736,B,1,True,0.5,0.5,0.09999999999999998,0.2
0.7,0.2,731.7073170731708,268.29268292682923,B,1,True,0.5,0.5,0.3,0.19999999999999996
0.2,0.6,505.6179775280898,494.3820224719102,B,1,True,0.5,0.5,0.09999999999999998,0.3
0.2,0.1,505.6179775280898,494.3820224719102,B,1,True,0.5,0.5,0.4,0.3
0.5,0.5,620.6896551724137,379.3103448275863,B,1,True,0.5,0.5,0.0,0.0
0.2,0.4,505.6179775280898,494.3820224719102,B,1,True,0.5,0.5,0.09999999999999998,0.3
0.9,0.8,0.0,0.0,,50,False,0.7089175046708379,0.6523143680786596,0.09108249532916213,0.2476856319213404
0.4,0.5,576.9230769230769,423.0769230769231,B,1,True,0.5,0.5,0.0,0.09999999999999998
0.5,0.4,620.6896551724137,379.3103448275863,B,1,True,0.5,0.5,0.09999999999999998,0.0
0.5,0.5,620.6896551724137,379.3103448275863,B,1,True,0.5,0.5,0.0,0.0
0.7,0.6,0.007317168167396026,2.685806844622088e-05,B,33,True,0.5793390003957641,0.5579508101514167,0.02066099960423584,0.14204918984858328
0.7,0.8,0.0,0.0,,50,False,0.6125045463769366,0.6523143680786596,0.1874954536230634,0.04768563192134034
0.5,0.8,0.0004601225284295825,10.934931277555044,A,20,True,0.5271043534430553,0.563850487638366,0.27289564655694476,0.06385048763836598
0.1,0.3,476.19047619047615,523.8095238095239,B,1,True,0.5,0.5,0.2,0.4
0.6,0.4,671.6417910447761,328.35820895522386,B,1,True,0.5,0.5,0.09999999999999998,0.09999999999999998
0.3,0.6,538.9221556886226,461.07784431137736,B,1,True,0.5,0.5,0.09999999999999998,0.2
0.2,0.9,21.782178217821752,801.9801980198022,A,2,True,0.5001404494382022,0.5,0.3998595505617978,0.3
0.4,0.3,576.9230769230769,423.0769230769231,B,1,True,0.5,0.5,0.2,0.09999999999999998
0.7,0.3,731.7073170731708,268.29268292682923,B,1,True,0.5,0.5,0.2,0.19999999999999996
0.1,0.9,10.891089108910876,801.9801980198022,A,2,True,0.4994047619047619,0.5,0.4005952380952381,0.4
0.6,0.6,3.94858699810842,2.0980306018915775,B,11,True,0.5205099499356485,0.5205099499356485,0.0794900500643515,0.0794900500643515
0.1,0.7,476.19047619047615,523.8095238095239,B,1,True,0.5,0.5,0.19999999999999996,0.4
0.2,0.9,21.782178217821752,801.9801980198022,A,2,True,0.5001404494382022,0.5,0.3998595505617978,0.3
0.8,0.5,13.668664096943806,0.000920245056859165,B,19,True,0.563850487638366,0.524684301019414,0.06385048763836598,0.27531569898058605
0.2,0.1,505.6179775280898,494.3820224719102,B,1,True,0.5,0.5,0.4,0.3
0.9,0.4,103.01632350800304,1.6785541524710594e-06,B,21,True,0.5930723649628478,0.517220569092728,0.19307236496284774,0.38277943090727207
0.8,0.7,0.0,0.0,,50,False,0.6523143680786596,0.6125045463769366,0.04768563192134034,0.1874954536230634
0.7,0.1,731.7073170731708,268.29268292682923,B,1,True,0.5,0.5,0.4,0.19999999999999996
0.4,0.5,576.9230769230769,423.0769230769231,B,1,True,0.5,0.5,0.0,0.09999999999999998
0.3,0.4,538.9221556886226,461.07784431137736,B,1,True,0.5,0.5,0.09999999999999998,0.2
0.3,0.6,538.9221556886226,461.07784431137736,B,1,True,0.5,0.5,0.09999999999999998,0.2
0.8,0.1,803.5714285714286,196.42857142857144,B,1,True,0.5,0.5,0.4,0.30000000000000004
0.6,0.1,671.6417910447761,328.35820895522386,B,1,True,0.5,0.5,0.4,0.09999999999999998
0.5,0.5,620.6896551724137,379.3103448275863,B,1,True,0.5,0.5,0.0,0.0
0.6,0.7,4.4236988972639704e-05,0.0105157175991318,A,32,True,0.5579508101514167,0.5751765187977013,0.14204918984858328,0.024823481202298714
0.3,0.7,80.48780487804876,512.1951219512196,A,2,True,0.5009730538922156,0.5,0.19902694610778437,0.2
0.8,0.6,0.0,0.0,,50,False,0.6523143680786596,0.5818128460684142,0.052314368078659634,0.21818715393158583
0.5,0.7,134.14634146341461,512.1951219512196,A,2,True,0.5030172413793104,0.5,0.1969827586206896,0.0
0.6,0.5,671.6417910447761,328.35820895522386,B,1,True,0.5,0.5,0.0,0.09999999999999998
0.1,0.4,476.19047619047615,523.8095238095239,B,1,True,0.5,0.5,0.09999999999999998,0.4
0.2,0.5,505.6179775280898,494.3820224719102,B,1,True,0.5,0.5,0.0,0.3
0.1,0.8,19.642857142857146,642.8571428571429,A,2,True,0.4994047619047619,0.5,0.30059523809523814,0.4
0.5,0.9,4.137192996747962e-13,4.392715730829927,A,50,True,0.5569262265369214,0.7022400861828735,0.34307377346307866,0.20224008618287348
0.6,0.1,671.6417910447761,328.35820895522386,B,1,True,0.5,0.5,0.4,0.09999999999999998
0.5,0.6,620.6896551724137,379.3103448275863,B,1,True,0.5,0.5,0.09999999999999998,0.0
0.1,0.2,476.19047619047615,523.8095238095239,B,1,True,0.5,0.5,0.3,0.4
0.7,0.8,0.0,0.0,,50,False,0.6125045463769366,0.6523143680786596,0.1874954536230634,0.04768563192134034
0.3,0.1,538.9221556886226,461.07784431137736,B,1,True,0.5,0.5,0.4,0.2
0.5,0.7,134.14634146341461,512.1951219512196,A,2,True,0.5030172413793104,0.5,0.1969827586206896,0.0
0.7,0.4,731.7073170731708,268.29268292682923,B,1,True,0.5,0.5,0.09999999999999998,0.19999999999999996
0.5,0.6,620.6896551724137,379.3103448275863,B,1,True,0.5,0.5,0.09999999999999998,0.0
0.7,0.3,731.7073170731708,268.29268292682923,B,1,True,0.5,0.5,0.2,0.19999999999999996
0.2,0.8,39.28571428571429,642.8571428571429,A,2,True,0.5001404494382022,0.5,0.2998595505617978,0.3
0.6,0.4,671.6417910447761,328.35820895522386,B,1,True,0.5,0.5,0.09999999999999998,0.09999999999999998
0.2,0.5,505.6179775280898,494.3820224719102,B,1,True,0.5,0.5,0.0,0.3
0.4,0.8,78.57142857142858,642.8571428571429,A,2,True,0.5019230769230769,0.5,0.29807692307692313,0.09999999999999998
0.4,0.1,576.9230769230769,423.0769230769231,B,1,True,0.5,0.5,0.4,0.09999999999999998
0.4,0.6,576.9230769230769,423.0769230769231,B,1,True,0.5,0.5,0.09999999999999998,0.09999999999999998
0.4,0.7,107.3170731707317,512.1951219512196,A,2,True,0.5019230769230769,0.5,0.19807692307692304,0.09999999999999998
0.7,0.9,0.0,0.0,,50,False,0.6125045463769366,0.7089175046708379,0.2874954536230634,0.008917504670837961
0.4,0.7,107.3170731707317,512.1951219512196,A,2,True,0.5019230769230769,0.5,0.19807692307692304,0.09999999999999998
0.3,0.2,538.9221556886226,461.07784431137736,B,1,True,0.5,0.5,0.3,0.2
0.8,0.7,0.0,0.0,,50,False,0.6523143680786596,0.6125045463769366,0.04768563192134034,0.1874954536230634
0.9,0.2,891.0891089108912,108.91089108910876,B,1,True,0.5,0.5,0.3,0.4
0.8,0.8,0.0,0.0,,50,False,0.6523143680786596,0.6523143680786596,0.14768563192134043,0.14768563192134043
0.6,0.7,4.4236988972639704e-05,0.0105157175991318,A,32,True,0.5579508101514167,0.5751765187977013,0.14204918984858328,0.024823481202298714
0.3,0.1,538.9221556886226,461.07784431137736,B,1,True,0.5,0.5,0.4,0.2
0.7,0.6,0.007317168167396026,2.685806844622088e-05,B,33,True,0.5793390003957641,0.5579508101514167,0.02066099960423584,0.14204918984858328
0.3,0.7,80.48780487804876,512.1951219512196,A,2,True,0.5009730538922156,0.5,0.19902694610778437,0.2
0.9,0.1,891.0891089108912,108.91089108910876,B,1,True,0.5,0.5,0.4,0.4
0.7,0.9,0.0,0.0,,50,False,0.6125045463769366,0.7089175046708379,0.2874954536230634,0.008917504670837961
0.5,0.9,4.137192996747962e-13,4.392715730829927,A,50,True,0.5569262265369214,0.7022400861828735,0.34307377346307866,0.20224008618287348
0.4,0.9,6.714216609884239e-07,92.71469115720275,A,22,True,0.5187152929599038,0.5930723649628478,0.3812847070400962,0.19307236496284774
0.6,0.2,671.6417910447761,328.35820895522386,B,1,True,0.5,0.5,0.3,0.09999999999999998
0.5,0.3,620.6896551724137,379.3103448275863,B,1,True,0.5,0.5,0.2,0.0
0.6,0.8,0.0,0.0,,50,False,0.5818128460684142,0.6523143680786596,0.21818715393158583,0.052314368078659634
0.5,0.1,620.6896551724137,379.3103448275863,B,1,True,0.5,0.5,0.4,0.0
0.8,0.3,803.5714285714286,196.42857142857144,B,1,True,0.5,0.5,0.2,0.30000000000000004
0.3,0.8,58.92857142857143,642.8571428571429,A,2,True,0.5009730538922156,0.5,0.29902694610778446,0.2
0.9,0.8,0.0,0.0,,50,False,0.7089175046708379,0.6523143680786596,0.09108249532916213,0.2476856319213404
0.2,0.6,505.6179775280898,494.3820224719102,B,1,True,0.5,0.5,0.09999999999999998,0.3
0.2,0.8,39.28571428571429,642.8571428571429,A,2,True,0.5001404494382022,0.5,0.2998595505617978,0.3
0.1,0.9,10.891089108910876,801.9801980198022,A,2,True,0.4994047619047619,0.5,0.4005952380952381,0.4
0.5,0.6,620.6896551724137,379.3103448275863,B,1,True,0.5,0.5,0.09999999999999998,0.0
0.5,0.5,620.6896551724137,379.3103448275863,B,1,True,0.5,0.5,0.0,0.0
0.6,0.9,0.0,0.0,,50,False,0.5818128460684142,0.7089175046708379,0.3181871539315858,0.10891750467083794
0.4,0.4,576.9230769230769,423.0769230769231,B,1,True,0.5,0.5,0.09999999999999998,0.09999999999999998
0.9,0.4,103.01632350800304,1.6785541524710594e-06,B,21,True,0.5930723649628478,0.517220569092728,0.19307236496284774,0.38277943090727207
0.9,0.7,0.0,0.0,,50,False,0.7089175046708379,0.6125045463769366,0.008917504670837961,0.2874954536230634
0.4,0.5,576.9230769230769,423.0769230769231,B,1,True,0.5,0.5,0.0,0.09999999999999998
0.2,0.1,505.6179775280898,494.3820224719102,B,1,True,0.5,0.5,0.4,0.3
0.4,0.4,576.9230769230769,423.0769230769231,B,1,True,0.5,0.5,0.09999999999999998,0.09999999999999998
0.6,0.3,671.6417910447761,328.35820895522386,B,1,True,0.5,0.5,0.2,0.09999999999999998
0.3,0.4,538.9221556886226,461.07784431137736,B,1,True,0.5,0.5,0.09999999999999998,0.2
0.6,0.2,671.6417910447761,328.35820895522386,B,1,True,0.5,0.5,0.3,0.09999999999999998
0.1,0.2,476.19047619047615,523.8095238095239,B,1,True,0.5,0.5,0.3,0.4
0.2,0.4,505.6179775280898,494.3820224719102,B,1,True,0.5,0.5,0.09999999999999998,0.3
0.9,0.3,891.0891089108912,108.91089108910876,B,1,True,0.5,0.5,0.2,0.4
0.7,0.2,731.7073170731708,268.29268292682923,B,1,True,0.5,0.5,0.3,0.19999999999999996
0.3,0.2,538.9221556886226,461.07784431137736,B,1,True,0.5,0.5,0.3,0.2
0.4,0.2,576.9230769230769,423.0769230769231,B,1,True,0.5,0.5,0.3,0.09999999999999998
0.6,0.5,671.6417910447761,328.35820895522386,B,1,True,0.5,0.5,0.0,0.09999999999999998
0.1,0.9,10.891089108910876,801.9801980198022,A,2,True,0.4994047619047619,0.5,0.4005952380952381,0.4
0.9,0.1,891.0891089108912,108.91089108910876,B,1,True,0.5,0.5,0.4,0.4
0.7,0.3,731.7073170731708,268.29268292682923,B,1,True,0.5,0.5,0.2,0.19999999999999996
0.3,0.6,538.9221556886226,461.07784431137736,B,1,True,0.5,0.5,0.09999999999999998,0.2
0.3,0.3,538.9221556886226,461.07784431137736,B,1,True,0.5,0.5,0.2,0.2
0.3,0.9,32.67326732673263,801.9801980198022,A,2,True,0.5009730538922156,0.5,0.39902694610778444,0.2
0.5,0.4,620.6896551724137,379.3103448275863,B,1,True,0.5,0.5,0.09999999999999998,0.0
0.3,0.2,538.9221556886226,461.07784431137736,B,1,True,0.5,0.5,0.3,0.2
0.4,0.9,6.714216609884239e-07,92.71469115720275,A,22,True,0.5187152929599038,0.5930723649628478,0.3812847070400962,0.19307236496284774
0.3,0.7,80.48780487804876,512.1951219512196,A,2,True,0.5009730538922156,0.5,0.19902694610778437,0.2
0.7,0.2,731.7073170731708,268.29268292682923,B,1,True,0.5,0.5,0.3,0.19999999999999996
0.7,0.1,731.7073170731708,268.29268292682923,B,1,True,0.5,0.5,0.4,0.19999999999999996
0.8,0.3,803.5714285714286,196.42857142857144,B,1,True,0.5,0.5,0.2,0.30000000000000004
0.5,0.7,134.14634146341461,512.1951219512196,A,2,True,0.5030172413793104,0.5,0.1969827586206896,0.0
0.5,0.2,620.6896551724137,379.3103448275863,B,1,True,0.5,0.5,0.3,0.0
0.6,0.4,671.6417910447761,328.35820895522386,B,1,True,0.5,0.5,0.09999999999999998,0.09999999999999998
0.4,0.6,576.9230769230769,423.0769230769231,B,1,True,0.5,0.5,0.09999999999999998,0.09999999999999998
0.7,0.6,0.007317168167396026,2.685806844622088e-05,B,33,True,0.5793390003957641,0.5579508101514167,0.02066099960423584,0.14204918984858328
0.7,0.1,731.7073170731708,268.29268292682923,B,1,True,0.5,0.5,0.4,0.19999999999999996
0.3,0.3,538.9221556886226,461.07784431137736,B,1,True,0.5,0.5,0.2,0.2
0.4,0.5,576.9230769230769,423.0769230769231,B,1,True,0.5,0.5,0.0,0.09999999999999998
0.9,0.5,4.880795256477697,8.274385993495924e-13,B,49,True,0.7022400861828735,0.5552756030218612,0.20224008618287348,0.34472439697813884
0.7,0.4,731.7073170731708,268.29268292682923,B,1,True,0.5,0.5,0.09999999999999998,0.19999999999999996
0.5,0.8,0.0004601225284295825,10.934931277555044,A,20,True,0.5271043534430553,0.563850487638366,0.27289564655694476,0.06385048763836598
0.6,0.2,671.6417910447761,328.35820895522386,B,1,True,0.5,0.5,0.3,0.09999999999999998
0.3,0.9,32.67326732673263,801.9801980198022,A,2,True,0.5009730538922156,0.5,0.39902694610778444,0.2
0.9,0.3,891.0891089108912,108.91089108910876,B,1,True,0.5,0.5,0.2,0.4
0.8,0.2,803.5714285714286,196.42857142857144,B,1,True,0.5,0.5,0.3,0.30000000000000004
0.4,0.5,576.9230769230769,423.0769230769231,B,1,True,0.5,0.5,0.0,0.09999999999999998
0.5,0.6,620.6896551724137,379.3103448275863,B,1,True,0.5,0.5,0.09999999999999998,0.0
0.5,0.9,4.137192996747962e-13,4.392715730829927,A,50,True,0.5569262265369214,0.7022400861828735,0.34307377346307866,0.20224008618287348
0.1,0.1,476.19047619047615,523.8095238095239,B,1,True,0.5,0.5,0.4,0.4
0.9,0.5,4.880795256477697,8.274385993495924e-13,B,49,True,0.7022400861828735,0.5552756030218612,0.20224008618287348,0.34472439697813884
0.4,0.5,576.9230769230769,423.0769230769231,B,1,True,0.5,0.5,0.0,0.09999999999999998
0.8,0.8,0.0,0.0,,50,False,0.6523143680786596,0.6523143680786596,0.14768563192134043,0.14768563192134043
0.5,0.1,620.6896551724137,379.3103448275863,B,1,True,0.5,0.5,0.4,0.0
0.4,0.2,576.9230769230769,423.0769230769231,B,1,True,0.5,0.5,0.3,0.09999999999999998
0.4,0.3,576.9230769230769,423.0769230769231,B,1,True,0.5,0.5,0.2,0.09999999999999998
0.5,0.2,620.6896551724137,379.3103448275863,B,1,True,0.5,0.5,0.3,0.0
0.3,0.1,538.9221556886226,461.07784431137736,B,1,True,0.5,0.5,0.4,0.2
0.9,0.8,0.0,0.0,,50,False,0.7089175046708379,0.6523143680786596,0.09108249532916213,0.2476856319213404
0.4,0.5,576.9230769230769,423.0769230769231,B,1,True,0.5,0.5,0.0,0.09999999999999998
0.1,0.6,476.19047619047615,523.8095238095239,B,1,True,0.5,0.5,0.09999999999999998,0.4
0.6,0.3,671.6417910447761,328.35820895522386,B,1,True,0.5,0.5,0.2,0.09999999999999998
0.9,0.2,891.0891089108912,108.91089108910876,B,1,True,0.5,0.5,0.3,0.4
0.2,0.6,505.6179775280898,494.3820224719102,B,1,True,0.5,0.5,0.09999999999999998,0.3
0.5,0.5,620.6896551724137,379.3103448275863,B,1,True,0.5,0.5,0.0,0.0
0.2,0.7,505.6179775280898,494.3820224719102,B,1,True,0.5,0.5,0.19999999999999996,0.3
0.2,0.3,505.6179775280898,494.3820224719102,B,1,True,0.5,0.5,0.2,0.3
0.9,0.5,4.880795256477697,8.274385993495924e-13,B,49,True,0.7022400861828735,0.5552756030218612,0.20224008618287348,0.34472439697813884
0.4,0.2,576.9230769230769,423.0769230769231,B,1,True,0.5,0.5,0.3,0.09999999999999998
0.6,0.3,671.6417910447761,328.35820895522386,B,1,True,0.5,0.5,0.2,0.09999999999999998
0.7,0.3,731.7073170731708,268.29268292682923,B,1,True,0.5,0.5,0.2,0.19999999999999996
0.2,0.6,505.6179775280898,494.3820224719102,B,1,True,0.5,0.5,0.09999999999999998,0.3
0.8,0.6,0.0,0.0,,50,False,0.6523143680786596,0.5818128460684142,0.052314368078659634,0.21818715393158583
0.6,0.3,671.6417910447761,328.35820895522386,B,1,True,0.5,0.5,0.2,0.09999999999999998
0.6,0.9,0.0,0.0,,50,False,0.5818128460684142,0.7089175046708379,0.3181871539315858,0.10891750467083794
0.8,0.3,803.5714285714286,196.42857142857144,B,1,True,0.5,0.5,0.2,0.30000000000000004
0.2,0.5,505.6179775280898,494.3820224719102,B,1,True,0.5,0.5,0.0,0.3
0.4,0.9,6.714216609884239e-07,92.71469115720275,A,22,True,0.5187152929599038,0.5930723649628478,0.3812847070400962,0.19307236496284774
0.7,0.1,731.7073170731708,268.29268292682923,B,1,True,0.5,0.5,0.4,0.19999999999999996
0.4,0.9,6.714216609884239e-07,92.71469115720275,A,22,True,0.5187152929599038,0.5930723649628478,0.3812847070400962,0.19307236496284774
0.4,0.6,576.9230769230769,423.0769230769231,B,1,True,0.5,0.5,0.09999999999999998,0.09999999999999998
0.6,0.3,671.6417910447761,328.35820895522386,B,1,True,0.5,0.5,0.2,0.09999999999999998
0.5,0.8,0.0004601225284295825,10.934931277555044,A,20,True,0.5271043534430553,0.563850487638366,0.27289564655694476,0.06385048763836598
0.1,0.5,476.19047619047615,523.8095238095239,B,1,True,0.5,0.5,0.0,0.4
0.2,0.8,39.28571428571429,642.8571428571429,A,2,True,0.5001404494382022,0.5,0.2998595505617978,0.3
0.2,0.7,505.6179775280898,494.3820224719102,B,1,True,0.5,0.5,0.19999999999999996,0.3
0.5,0.9,4.137192996747962e-13,4.392715730829927,A,50,True,0.5569262265369214,0.7022400861828735,0.34307377346307866,0.20224008618287348
0.9,0.9,0.0,0.0,,50,False,0.7089175046708379,0.7089175046708379,0.1910824953291621,0.1910824953291621
0.9,0.3,891.0891089108912,108.91089108910876,B,1,True,0.5,0.5,0.2,0.4
0.5,0.8,0.0004601225284295825,10.934931277555044,A,20,True,0.5271043534430553,0.563850487638366,0.27289564655694476,0.06385048763836598
0.8,0.8,0.0,0.0,,50,False,0.6523143680786596,0.6523143680786596,0.14768563192134043,0.14768563192134043
0.6,0.6,3.94858699810842,2.0980306018915775,B,11,True,0.5205099499356485,0.5205099499356485,0.0794900500643515,0.0794900500643515
0.1,0.2,476.19047619047615,523.8095238095239,B,1,True,0.5,0.5,0.3,0.4
0.5,0.1,620.6896551724137,379.3103448275863,B,1,True,0.5,0.5,0.4,0.0
0.9,0.9,0.0,0.0,,50,False,0.7089175046708379,0.7089175046708379,0.1910824953291621,0.1910824953291621
0.3,0.7,80.48780487804876,512.1951219512196,A,2,True,0.5009730538922156,0.5,0.19902694610778437,0.2
0.8,0.2,803.5714285714286,196.42857142857144,B,1,True,0.5,0.5,0.3,0.30000000000000004
0.2,0.6,505.6179775280898,494.3820224719102,B,1,True,0.5,0.5,0.09999999999999998,0.3
0.3,0.5,538.9221556886226,461.07784431137736,B,1,True,0.5,0.5,0.0,0.2
0.1,0.4,476.19047619047615,523.8095238095239,B,1,True,0.5,0.5,0.09999999999999998,0.4
0.8,0.1,803.5714285714286,196.42857142857144,B,1,True,0.5,0.5,0.4,0.30000000000000004
0.9,0.4,103.01632350800304,1.6785541524710594e-06,B,21,True,0.5930723649628478,0.517220569092728,0.19307236496284774,0.38277943090727207
0.8,0.1,803.5714285714286,196.42857142857144,B,1,True,0.5,0.5,0.4,0.30000000000000004
0.7,0.9,0.0,0.0,,50,False,0.6125045463769366,0.7089175046708379,0.2874954536230634,0.008917504670837961
0.3,0.5,538.9221556886226,461.07784431137736,B,1,True,0.5,0.5,0.0,0.2
0.9,0.8,0.0,0.0,,50,False,0.7089175046708379,0.6523143680786596,0.09108249532916213,0.2476856319213404
0.1,0.6,476.19047619047615,523.8095238095239,B,1,True,0.5,0.5,0.09999999999999998,0.4
0.5,0.1,620.6896551724137,379.3103448275863,B,1,True,0.5,0.5,0.4,0.0
0.6,0.2,671.6417910447761,328.35820895522386,B,1,True,0.5,0.5,0.3,0.09999999999999998
0.7,0.8,0.0,0.0,,50,False,0.6125045463769366,0.6523143680786596,0.1874954536230634,0.04768563192134034
0.5,0.9,4.137192996747962e-13,4.392715730829927,A,50,True,0.5569262265369214,0.7022400861828735,0.34307377346307866,0.20224008618287348
0.5,0.4,620.6896551724137,379.3103448275863,B,1,True,0.5,0.5,0.09999999999999998,0.0
0.6,0.1,671.6417910447761,328.35820895522386,B,1,True,0.5,0.5,0.4,0.09999999999999998
0.4,0.3,576.9230769230769,423.0769230769231,B,1,True,0.5,0.5,0.2,0.09999999999999998
0.5,0.7,134.14634146341461,512.1951219512196,A,2,True,0.5030172413793104,0.5,0.1969827586206896,0.0
0.5,0.6,620.6896551724137,379.3103448275863,B,1,True,0.5,0.5,0.09999999999999998,0.0
0.4,0.8,78.57142857142858,642.8571428571429,A,2,True,0.5019230769230769,0.5,0.29807692307692313,0.09999999999999998
0.3,0.7,80.48780487804876,512.1951219512196,A,2,True,0.5009730538922156,0.5,0.19902694610778437,0.2
0.7,0.2,731.7073170731708,268.29268292682923,B,1,True,0.5,0.5,0.3,0.19999999999999996
0.5,0.6,620.6896551724137,379.3103448275863,B,1,True,0.5,0.5,0.09999999999999998,0.0
0.2,0.7,505.6179775280898,494.3820224719102,B,1,True,0.5,0.5,0.19999999999999996,0.3
0.7,0.4,731.7073170731708,268.29268292682923,B,1,True,0.5,0.5,0.09999999999999998,0.19999999999999996
0.7,0.6,0.007317168167396026,2.685806844622088e-05,B,33,True,0.5793390003957641,0.5579508101514167,0.02066099960423584,0.14204918984858328
0.5,0.3,620.6896551724137,379.3103448275863,B,1,True,0.5,0.5,0.2,0.0
0.7,0.1,731.7073170731708,268.29268292682923,B,1,True,0.5,0.5,0.4,0.19999999999999996
0.1,0.7,476.19047619047615,523.8095238095239,B,1,True,0.5,0.5,0.19999999999999996,0.4
0.8,0.8,0.0,0.0,,50,False,0.6523143680786596,0.6523143680786596,0.14768563192134043,0.14768563192134043
0.2,0.3,505.6179775280898,494.3820224719102,B,1,True,0.5,0.5,0.2,0.3
0.6,0.5,671.6417910447761,328.35820895522386,B,1,True,0.5,0.5,0.0,0.09999999999999998
0.9,0.8,0.0,0.0,,50,False,0.7089175046708379,0.6523143680786596,0.09108249532916213,0.2476856319213404
0.3,0.4,538.9221556886226,461.07784431137736,B,1,True,0.5,0.5,0.09999999999999998,0.2
0.9,0.8,0.0,0.0,,50,False,0.7089175046708379,0.6523143680786596,0.09108249532916213,0.2476856319213404
0.1,0.1,476.19047619047615,523.8095238095239,B,1,True,0.5,0.5,0.4,0.4
0.8,0.3,803.5714285714286,196.42857142857144,B,1,True,0.5,0.5,0.2,0.30000000000000004
0.4,0.6,576.9230769230769,423.0769230769231,B,1,True,0.5,0.5,0.09999999999999998,0.09999999999999998
0.4,0.9,6.714216609884239e-07,92.71469115720275,A,22,True,0.5187152929599038,0.5930723649628478,0.3812847070400962,0.19307236496284774
0.2,0.4,505.6179775280898,494.3820224719102,B,1,True,0.5,0.5,0.09999999999999998,0.3
0.9,0.6,0.0,0.0,,50,False,0.7089175046708379,0.5818128460684142,0.10891750467083794,0.3181871539315858
0.5,0.2,620.6896551724137,379.3103448275863,B,1,True,0.5,0.5,0.3,0.0
0.3,0.8,58.92857142857143,642.8571428571429,A,2,True,0.5009730538922156,0.5,0.29902694610778446,0.2
0.2,0.8,39.28571428571429,642.8571428571429,A,2,True,0.5001404494382022,0.5,0.2998595505617978,0.3
0.7,0.2,731.7073170731708,268.29268292682923,B,1,True,0.5,0.5,0.3,0.19999999999999996
0.9,0.9,0.0,0.0,,50,False,0.7089175046708379,0.7089175046708379,0.1910824953291621,0.1910824953291621
0.4,0.3,576.9230769230769,423.0769230769231,B,1,True,0.5,0.5,0.2,0.09999999999999998
0.6,0.3,671.6417910447761,328.35820895522386,B,1,True,0.5,0.5,0.2,0.09999999999999998
0.5,0.9,4.137192996747962e-13,4.392715730829927,A,50,True,0.5569262265369214,0.7022400861828735,0.34307377346307866,0.20224008618287348
0.9,0.3,891.0891089108912,108.91089108910876,B,1,True,0.5,0.5,0.2,0.4
0.1,0.7,476.19047619047615,523.8095238095239,B,1,True,0.5,0.5,0.19999999999999996,0.4
0.2,0.5,505.6179775280898,494.3820224719102,B,1,True,0.5,0.5,0.0,0.3
0.3,0.3,538.9221556886226,461.07784431137736,B,1,True,0.5,0.5,0.2,0.2
0.4,0.6,576.9230769230769,423.0769230769231,B,1,True,0.5,0.5,0.09999999999999998,0.09999999999999998
0.1,0.3,476.19047619047615,523.8095238095239,B,1,True,0.5,0.5,0.2,0.4
0.4,0.7,107.3170731707317,512.1951219512196,A,2,True,0.5019230769230769,0.5,0.19807692307692304,0.09999999999999998
0.3,0.7,80.48780487804876,512.1951219512196,A,2,True,0.5009730538922156,0.5,0.19902694610778437,0.2
0.7,0.4,731.7073170731708,268.29268292682923,B,1,True,0.5,0.5,0.09999999999999998,0.19999999999999996
0.9,0.4,103.01632350800304,1.6785541524710594e-06,B,21,True,0.5930723649628478,0.517220569092728,0.19307236496284774,0.38277943090727207
0.9,0.4,103.01632350800304,1.6785541524710594e-06,B,21,True,0.5930723649628478,0.517220569092728,0.19307236496284774,0.38277943090727207
0.2,0.6,505.6179775280898,494.3820224719102,B,1,True,0.5,0.5,0.09999999999999998,0.3
0.3,0.7,80.48780487804876,512.1951219512196,A,2,True,0.5009730538922156,0.5,0.19902694610778437,0.2
0.8,0.7,0.0,0.0,,50,False,0.6523143680786596,0.6125045463769366,0.04768563192134034,0.1874954536230634
0.8,0.5,13.668664096943806,0.000920245056859165,B,19,True,0.563850487638366,0.524684301019414,0.06385048763836598,0.27531569898058605
