14362 24210
1 359
1 1776
1 2259
1 2669
1 3193
1 3430
1 4105
1 8871
1 9092
1 11270
1 13843
2 2880
2 6077
2 6486
2 9581
2 9924
2 11657
3 453
3 2242
3 6917
4 794
4 3608
4 4760
4 6539
4 8393
5 1247
5 5916
6 751
6 1451
6 4549
6 6622
6 7157
6 13717
7 1600
7 4564
7 11397
8 2175
8 6998
8 9834
9 1028
9 4671
9 13160
10 5802
10 6674
10 8970
10 13831
10 14167
11 3351
11 4764
11 5176
11 6161
11 9591
11 9900
11 9910
11 13409
12 2530
12 8377
13 405
13 1205
13 1846
14 2342
14 7676
14 8032
14 14005
15 8471
15 9713
15 11065
16 2900
16 3030
16 9107
16 13740
17 185
17 3513
18 307
18 2648
18 2844
18 5078
18 5149
18 7113
18 11317
18 13482
19 930
19 11437
19 12336
20 2910
20 8237
21 4158
21 11270
21 13261
22 3277
22 12351
22 12598
23 546
23 4354
23 9306
23 13649
24 433
24 5497
24 6285
24 7218
25 291
25 7047
25 10945
25 12481
26 5918
26 6202
26 11140
27 712
27 2761
27 8641
27 9119
27 11939
28 3985
28 5870
28 11112
28 12445
29 1528
29 1748
29 2384
29 7234
29 8361
29 10113
29 11299
30 1508
30 2246
30 7179
30 9568
31 682
31 4227
31 4787
31 10372
31 12811
32 1197
32 2215
32 3425
32 4669
32 4862
32 6818
32 11234
32 12216
33 3367
33 4061
33 6483
33 6719
33 8079
33 8526
34 1004
34 5783
34 7083
35 4659
35 7197
35 9313
35 9577
35 9954
35 11897
35 12294
35 12800
36 3149
36 4981
36 6176
36 11932
37 573
37 6111
37 7340
38 2556
38 9175
39 7639
39 8079
40 186
40 1504
40 3389
40 3948
40 4847
40 6324
40 11368
41 44
41 695
41 1318
41 2775
41 2789
41 9625
42 1485
42 3098
42 3548
42 8154
43 555
43 801
43 1370
43 1399
43 1643
43 2041
43 3355
43 3879
43 5619
43 12626
44 941
44 1599
44 5532
44 8121
45 1545
45 3498
45 10964
45 12857
46 1079
46 9049
47 938
47 5057
47 9887
48 2352
48 7964
48 10705
48 13111
49 2842
49 3768
49 5320
49 6865
49 11939
49 12579
50 3139
50 3212
50 7601
50 10314
51 3693
51 4711
51 6861
52 6052
52 13663
53 548
53 9585
54 127
54 3570
54 5977
54 7090
54 9636
55 8232
55 10544
55 14009
56 1495
56 2330
57 7396
57 7791
57 9442
57 12062
57 13780
58 1244
58 4106
58 4335
59 2722
59 10095
59 11724
59 14035
60 3631
60 6384
60 8945
60 9556
60 10493
60 13511
61 686
61 4415
61 11955
62 801
62 1150
62 1996
62 3572
62 3622
62 3946
62 8549
62 10182
62 12571
62 12706
62 14045
63 3528
63 4618
63 6567
64 3124
64 7611
64 10896
64 12567
65 2893
65 11374
66 1579
66 6400
66 8409
66 11009
67 88
67 627
67 3663
67 5384
67 6903
67 10064
68 646
68 1675
68 3839
68 11468
68 13393
69 5506
69 12301
70 5774
70 6862
70 14262
71 2048
71 3918
71 11969
72 3844
72 4140
72 5921
72 6482
73 3330
73 3740
73 4419
73 4632
73 5537
73 7516
73 11944
74 4649
74 9328
75 3866
76 1371
76 13343
76 13804
77 586
77 2619
77 11372
78 3672
78 9509
79 1974
79 2504
79 3732
79 5864
79 10938
79 14179
80 2672
80 4841
80 10727
81 3749
81 3839
81 9210
81 11264
82 206
82 7057
82 10934
82 11751
82 12428
82 13231
83 291
83 12754
84 8288
84 13847
85 6400
85 11659
85 13083
86 5235
86 9125
86 10005
87 3676
87 5559
87 7932
87 11421
88 136
88 427
88 1358
88 1577
88 3458
88 3468
88 3860
88 4625
88 5289
88 10953
88 13345
89 9736
89 11295
90 4761
90 13249
91 1530
91 1949
91 3003
91 3377
91 4031
91 8149
91 13558
92 833
92 2417
92 6100
92 6520
92 12042
92 12752
93 511
93 4671
93 7603
94 942
94 5403
94 14348
95 8590
96 1607
96 4134
97 10472
98 3339
98 9048
98 9449
98 11363
99 330
99 6986
99 10585
100 2099
100 11037
101 13903
102 3164
102 3999
102 13748
103 707
103 2737
103 5734
103 9112
103 10406
104 764
104 1205
104 2466
104 12104
104 12137
104 12676
104 13499
104 13678
104 13939
105 506
105 8822
105 9312
105 10842
106 6117
106 6401
106 9369
107 120
107 1061
107 1829
107 2647
107 9772
107 12501
108 4638
109 354
109 2308
109 9111
110 6459
110 13805
111 5557
111 7271
111 7920
111 8803
111 8947
112 261
112 2568
112 4029
112 10289
112 10971
112 14266
113 132
113 1425
113 1511
113 3093
113 7213
113 7320
113 10429
113 11053
113 12847
113 13950
114 329
114 5297
114 11591
114 12717
115 692
115 1406
115 1990
115 11764
116 2114
116 2302
116 2511
116 7671
116 10659
117 2071
117 4086
117 8459
118 2849
118 5469
118 6800
118 12264
118 13398
119 800
119 2726
119 6685
119 9146
119 11479
120 9456
121 4218
121 5610
121 14051
122 1335
122 2642
122 4036
123 1775
123 5787
123 13423
123 13705
124 936
124 2164
124 5441
124 7920
125 744
125 2446
125 4661
126 162
126 1232
126 8116
126 12822
126 13534
127 155
127 1199
127 3815
127 4406
127 5277
127 7121
127 9255
127 10334
127 10645
127 10693
127 13505
128 2706
128 10300
128 11777
128 12135
128 12288
128 14333
129 1003
130 2416
130 3846
130 13115
130 13734
131 916
131 1119
131 3926
131 10011
131 11367
131 12945
132 1154
132 3090
132 4949
132 13110
133 2518
133 3139
133 3669
133 3879
133 5071
133 11018
133 12732
134 1130
134 3805
134 6306
134 7334
134 13655
135 373
135 1552
135 6367
135 13039
136 2516
136 9252
136 12364
137 638
137 1066
137 1641
137 1856
137 2809
137 3438
137 7683
138 2802
138 7597
139 1637
139 1841
139 1916
139 2809
139 6545
139 6601
139 7225
139 12828
139 13265
140 2749
140 5289
140 5530
140 6736
140 9439
140 11765
141 166
141 1330
141 4763
141 7574
141 9047
141 10031
141 10700
141 12186
142 2685
142 7578
142 12099
142 12555
143 3086
143 7258
143 10496
143 14122
144 4008
145 9197
145 10329
145 14333
146 413
146 3971
146 4294
147 3007
147 10336
148 1180
148 2320
149 3111
149 13304
150 3437
150 4019
150 4072
150 12608
151 8814
151 9456
151 10102
151 12547
152 2421
152 4506
152 9584
152 9639
152 11715
152 12446
152 12535
153 377
153 872
153 3105
153 6382
153 10404
154 9070
155 1304
155 2147
155 10023
156 4064
156 4202
156 6658
156 12207
156 12831
157 5798
157 5829
157 8466
157 8749
157 9635
157 11198
157 12667
157 12868
158 742
158 9536
158 9911
159 4713
159 9999
160 863
160 1978
160 7795
160 10022
160 13751
160 13847
161 1253
161 2524
161 4189
161 4938
161 9810
161 13267
162 1280
162 3038
162 9258
163 4066
163 12530
164 1254
164 7050
164 8135
165 2977
165 3923
165 6045
165 6310
165 7898
165 9826
165 11762
166 3419
166 6294
166 8048
167 10914
167 13438
167 13565
168 7477
168 12808
169 509
169 841
169 4224
169 5326
169 9073
169 10894
170 2488
170 3749
170 4923
170 7098
170 11367
170 12681
170 12717
170 13253
170 13288
171 871
171 2168
171 5043
171 7800
171 9905
171 11945
172 411
172 625
172 4835
172 7130
172 7545
172 9988
172 10688
173 12578
174 3036
174 4304
174 4497
174 12811
175 7271
175 8125
176 301
176 1550
176 3288
176 5161
176 7843
176 11873
176 13388
177 2259
177 2799
177 5064
177 6696
177 7533
177 8136
177 9130
178 3355
178 4020
178 4069
178 6444
178 8310
178 13730
179 2111
179 3833
179 6084
179 6241
179 11441
179 13439
180 457
180 1197
180 13423
181 2130
181 7372
182 274
182 11710
182 11769
183 2205
183 2823
183 4240
183 11804
184 2896
184 3131
184 8059
185 5482
185 9828
186 2146
186 9697
186 10435
186 12497
186 14095
187 337
187 1984
187 2892
187 6913
187 8140
188 441
188 5310
188 7318
188 7991
188 8877
189 1337
190 1191
190 3539
190 6015
190 10995
191 464
191 2146
191 8498
191 9209
192 249
192 1076
192 2237
192 2581
192 4198
193 2667
193 7101
193 13449
194 284
194 2591
194 6069
194 6672
194 7104
194 7709
194 11051
195 5508
196 10589
197 1268
197 1751
197 1927
197 3097
197 4685
197 6072
197 6523
197 10591
197 13551
198 4980
198 5505
198 5982
198 8346
198 10610
198 11485
199 2412
199 2699
199 14216
200 3503
200 4275
201 3131
201 3562
201 10086
201 13753
202 3849
202 8112
202 10262
202 13455
203 2071
203 3211
204 450
204 2781
204 2990
204 6926
204 12610
204 13795
205 763
205 2469
205 8025
205 11017
206 3401
206 3811
206 7298
206 8051
207 8418
208 3175
208 8051
209 2716
209 3175
210 3002
210 9325
210 10796
210 13627
211 1793
211 3360
211 8431
211 11635
212 1888
212 7193
212 9457
212 11508
212 11688
213 3989
213 7206
213 10510
213 11093
213 11717
213 13956
214 879
214 10149
214 14145
215 2070
215 6416
215 10628
215 10929
216 976
216 2328
216 3034
216 6512
216 6846
216 12373
217 1511
217 8840
217 8850
217 12346
217 12796
218 11104
218 11688
218 13052
219 1906
219 2314
219 2382
219 3144
219 3581
219 5964
219 7795
219 8833
219 10196
220 636
220 3863
220 5621
220 13697
221 2209
221 7301
221 9522
222 272
222 6727
222 8504
222 11098
223 2328
223 2643
223 3334
223 5583
223 8132
223 12446
223 13431
223 14179
224 2024
225 571
225 9639
225 10370
225 14145
226 1736
226 4170
226 12070
227 8740
227 8782
227 9551
227 12464
227 12665
228 529
228 1951
228 2558
228 4026
228 5133
228 5641
228 7807
228 12913
228 13209
229 1326
229 2026
229 2918
229 3501
229 5205
229 14116
230 1377
230 2210
230 2868
230 5433
230 12005
230 14176
231 9815
231 10066
231 11507
232 5419
232 5743
232 8712
233 4298
233 9952
233 11663
233 13964
234 426
234 936
234 2857
234 3168
234 9445
234 10054
234 10506
234 11698
235 4177
235 11167
235 11184
235 13624
236 1198
236 2875
236 7029
236 10347
237 2430
237 5073
237 8651
238 3130
238 3500
238 12155
238 12324
238 12406
238 13177
239 863
239 4048
239 9036
239 10301
239 10584
240 846
240 7427
240 8837
241 4006
241 5914
241 10584
241 12447
242 3721
242 3826
242 4333
242 4978
242 7319
242 10203
243 895
243 2473
243 3815
243 4956
243 8764
243 10891
243 14169
244 2803
244 3357
244 8329
244 14269
245 13052
245 13492
245 13964
246 1198
246 2336
246 6038
246 9865
246 14341
247 5381
247 7816
247 9595
248 1504
248 8326
248 11893
248 13130
248 13294
249 2761
249 8287
249 8585
249 9084
249 12000
250 1389
250 5531
250 7254
250 10281
250 11700
251 3656
251 5275
251 6247
251 9745
251 13705
252 1897
252 2370
252 3677
252 6620
252 7744
252 8695
253 386
253 2395
253 2747
253 3998
253 8411
254 882
254 1107
254 5799
255 940
255 1758
255 2457
255 3080
255 4231
255 4345
255 6734
255 7710
255 9151
255 10752
255 14362
256 3815
256 6215
256 8063
256 13232
257 767
257 1076
257 1638
257 11179
258 2422
258 4176
258 13921
259 4437
259 9778
260 3925
260 7056
261 7055
261 13697
262 344
262 1949
262 2373
262 12198
262 13042
262 14235
263 2846
263 3184
263 5743
263 13805
263 14027
264 1201
264 3827
264 5228
264 5573
264 7231
264 7586
264 11137
264 11515
264 12323
265 2521
265 4246
265 5497
265 10826
265 14232
266 2821
266 8458
266 14106
267 2097
267 2616
267 6585
267 10951
267 12494
267 13747
267 14178
268 1543
268 4283
268 12746
268 13299
269 3381
269 10158
269 10930
270 671
270 3439
270 11240
271 10628
272 508
272 554
272 5483
272 5746
272 6529
273 3054
273 3302
273 6832
273 8050
273 11977
273 14046
274 2578
274 3696
274 12718
275 8077
276 2254
276 8616
276 14070
277 3869
277 4324
277 6435
277 9556
277 13763
278 2836
278 10198
278 13305
279 2963
279 7608
279 8268
279 11203
279 14195
280 11964
281 3792
281 6931
281 13541
282 412
282 1707
282 9117
282 10730
282 10790
283 455
283 1041
283 2930
283 3882
283 7970
283 8212
284 4779
284 12329
285 4965
285 12021
286 2072
286 4049
286 9905
286 10134
286 13116
287 549
287 3732
287 13188
288 6682
288 10900
289 1743
289 3164
289 7243
289 8962
289 11131
290 5332
290 5930
290 10487
290 10659
290 12139
290 13084
291 2619
291 4553
291 11486
291 12033
292 1880
292 2041
292 2936
292 6030
292 6203
292 6509
292 6611
293 359
293 484
293 1578
293 2665
293 3881
293 4879
293 10366
293 12053
293 12996
293 14104
294 863
294 2988
294 6900
294 13386
294 14138
295 582
295 2929
295 7793
295 14202
295 14267
296 2616
296 4558
296 8237
296 9215
296 9696
296 10282
296 10512
297 919
297 4157
297 9749
297 13819
298 542
298 1343
298 5147
299 1087
299 2995
299 9965
299 10401
299 14031
300 1467
300 11471
300 12910
300 14271
301 8338
301 8889
302 1110
302 2068
302 2752
302 10468
302 11389
302 13277
303 2733
303 7462
303 13151
304 825
304 2579
304 4633
304 13676
305 1802
305 5256
305 5326
305 6889
305 13616
306 7385
306 11493
307 6283
307 6848
307 9647
307 12675
308 7385
308 8319
308 8454
308 11767
309 3393
309 6190
309 6338
309 8278
309 9685
310 9141
310 9896
310 13741
311 1836
311 5238
311 11837
311 14169
312 1168
312 1722
312 2403
312 4947
312 7089
312 11647
313 464
313 3130
313 10834
313 14203
314 1479
314 4594
314 10627
314 10963
314 14044
315 1994
315 2718
315 8369
315 10311
316 1311
316 2891
316 7498
316 9570
317 8323
318 3393
318 7685
318 9103
318 11454
319 3592
319 11824
319 12203
319 13504
320 6966
320 9715
320 12157
320 12739
321 4171
321 7154
321 7647
321 8450
321 13402
321 13592
321 14210
322 412
322 452
322 10772
322 13516
323 720
323 5041
324 1831
324 2002
324 2008
324 3021
324 5047
324 9061
324 9130
324 11912
324 13804
325 540
325 1825
325 2473
325 9943
326 516
326 1016
326 2821
326 5158
326 11719
326 12599
327 3541
327 3826
327 4729
328 1704
328 2256
328 7368
328 14021
329 1877
329 3471
329 3945
329 5536
329 7776
329 8560
329 8579
329 9360
329 9364
329 9591
329 13404
330 2176
330 12345
330 13186
331 4590
331 9487
332 775
332 848
332 2671
332 8501
332 11158
333 2073
333 3834
333 12001
334 1000
334 6529
335 6671
335 9944
335 11096
335 13524
336 11374
337 1903
337 10251
337 11610
338 973
338 1996
338 5027
339 8403
340 2073
340 2756
340 4984
340 5169
340 8682
341 2865
341 10737
341 11284
341 13015
342 2109
342 2290
343 2235
343 8454
344 1455
344 2081
344 5263
344 6272
344 13366
345 2325
345 6290
345 8172
345 12147
345 12924
346 1530
346 2038
346 3020
346 3365
346 9407
346 10896
347 1823
347 5987
347 9138
347 9292
347 13923
348 3148
348 3762
348 4183
348 13360
349 676
349 839
349 1260
349 1687
349 2242
349 4956
349 6332
349 6976
349 10208
349 12132
349 14273
350 2256
350 5295
351 447
351 635
351 3186
351 8669
351 13197
352 2215
353 3319
353 3330
353 8758
353 9868
354 2059
354 5054
354 7271
354 7930
354 8411
354 11436
354 12558
354 12904
354 13038
354 14182
355 3601
355 8631
355 12326
356 1471
356 12153
357 580
357 3331
357 5624
357 6722
357 6988
357 7636
357 8847
358 510
358 2591
358 3018
358 7212
358 10327
358 12399
359 744
359 3857
359 4051
359 4335
359 4940
359 5174
359 5650
359 7044
359 7809
359 9079
359 9198
359 12654
359 12957
359 13102
359 13478
359 13923
360 919
360 1910
360 3515
360 6224
360 8318
360 11440
360 12129
360 12403
361 4102
361 6406
362 1833
362 3173
362 8115
362 12482
363 1985
363 3994
363 4336
363 8643
364 754
364 1962
364 2993
364 6833
364 11300
364 13183
365 1970
365 4439
365 5246
365 6897
365 7779
365 9484
365 9970
365 12730
366 1395
366 1622
366 1980
366 2086
366 6525
366 8023
366 10173
366 10872
366 13477
367 587
367 12094
367 13511
368 816
368 1484
368 2430
368 2786
368 4656
368 6257
368 7385
368 11674
368 11773
369 1559
369 2365
369 2862
369 9491
369 13684
370 1041
370 2277
370 2510
370 3455
370 3884
370 9490
371 1308
371 2374
371 5854
371 10585
371 13756
372 754
372 8665
372 10772
372 12073
373 12772
374 1694
374 2455
374 3412
374 6873
374 7584
374 7821
375 1807
375 4003
375 9410
375 13019
376 3383
376 5323
376 7315
376 12089
376 13786
377 2181
377 3454
377 3997
377 10934
377 12309
377 12463
378 1125
378 5837
379 3258
380 3138
380 5689
380 6223
380 9485
381 1981
381 3492
381 6179
381 7980
381 14197
382 2376
382 2599
382 3937
382 9586
382 12188
382 14152
383 7497
383 7617
383 8583
383 13331
384 2553
384 2669
384 10430
384 12986
385 788
385 4103
385 10867
385 11962
386 433
386 5837
386 10099
387 3494
387 4705
387 11663
387 13269
388 4267
389 1225
389 1457
389 14151
390 1538
390 1829
390 2373
390 3756
390 9008
390 13191
391 13817
392 1902
392 1984
392 14085
392 14098
393 1926
393 9481
393 13134
394 4627
395 501
395 975
395 5462
395 5911
395 11158
395 11433
395 11600
396 1076
396 2259
396 13916
397 440
397 2754
397 4043
397 5639
397 6929
397 9639
397 14148
398 1779
398 1874
398 2615
398 2684
398 3122
398 9282
398 9675
398 10206
398 11685
398 12392
399 423
399 2503
399 4298
399 8943
399 9886
400 2362
400 2583
400 8225
400 8438
400 8974
401 528
401 1961
401 2346
401 2745
401 3342
401 5536
401 6575
401 8510
401 9070
401 9553
401 10392
401 12069
401 12379
401 12653
402 2113
402 4920
402 11493
402 12522
402 14022
403 747
403 1472
403 4819
404 1000
404 1020
404 2672
404 7891
404 12078
405 2439
406 3831
406 5471
406 11960
406 13024
407 1941
407 4053
407 7787
408 1526
408 3578
408 5996
409 7155
409 12503
410 1978
410 1996
410 2285
410 3838
410 8508
410 8890
410 9838
410 13713
411 1758
411 2545
411 8607
411 8964
412 4013
412 10113
412 13465
413 890
413 1763
413 2967
413 6801
414 5798
414 5871
414 6440
415 3438
415 5986
415 9492
416 534
416 3708
416 7213
416 11571
417 10828
417 11816
417 14210
418 5617
419 1303
419 1485
419 3335
419 10580
420 997
420 1669
420 1706
420 13615
420 13890
421 1553
421 2496
421 2672
421 4526
421 11090
421 11389
421 13172
421 13223
421 13959
422 9294
422 13195
423 767
423 5129
423 5611
423 7265
423 8733
423 12697
423 13365
423 13390
424 5696
424 10822
424 12824
425 3141
425 5046
425 10795
425 12264
426 3800
426 6559
426 8384
427 10536
428 1085
428 2923
428 7925
428 8667
428 9453
428 10147
428 11092
429 5513
429 6735
429 9228
429 9617
430 1144
430 2833
430 3244
430 4428
430 6649
430 7482
430 11058
431 3900
431 6149
431 14210
432 460
432 3149
432 5717
432 7909
432 11074
432 12503
434 852
434 2626
434 3224
434 6242
434 13159
435 2683
435 3984
435 7070
435 7409
435 8636
435 10778
435 11809
436 880
436 2689
436 4733
436 13843
437 854
437 11156
437 11726
438 1492
438 1522
439 10527
439 11167
439 11565
439 12143
439 13651
439 14028
440 2293
440 2960
440 4021
440 9665
440 12853
441 3016
442 2492
442 3439
442 6212
442 6219
442 6621
442 6959
442 7492
442 8511
442 11545
443 3271
443 3437
443 12968
444 4015
444 8961
444 10699
445 8513
445 9333
445 10322
445 13287
446 11261
446 12446
446 12995
446 14171
447 3732
447 4721
447 7725
447 8365
447 10416
448 2011
448 2619
448 14096
449 1148
449 1295
449 2442
449 7558
449 9351
450 3348
450 5932
450 6810
450 9681
450 11062
450 11516
451 3779
451 6829
452 4482
452 5988
453 6699
453 11900
454 12674
455 7483
455 8488
455 10553
456 5171
456 10673
456 12254
457 1539
457 5563
457 11945
457 14285
458 11552
458 14256
459 1489
459 4575
459 7614
459 7757
459 8840
459 13853
460 806
460 3165
460 4776
460 8609
460 11672
460 12151
460 12928
461 1105
461 1807
461 3937
461 12046
462 7208
462 9587
462 11106
462 12154
462 13830
463 2203
463 2809
463 6214
463 7153
463 7255
463 8808
463 9285
464 1950
464 3740
464 4407
464 6611
465 891
465 4200
465 4398
465 8486
465 8759
465 11690
465 13457
466 582
466 785
466 9247
466 13247
467 1271
467 1790
467 4012
467 7138
468 5720
468 8531
468 12445
469 1698
469 2168
469 3524
469 5239
469 6220
469 9800
469 11166
469 12550
469 13081
469 13740
469 13996
470 4927
470 7529
470 12198
471 681
471 2816
471 4044
471 12307
472 745
472 6632
472 9342
472 12466
473 6116
473 6285
473 9213
473 9245
473 10061
473 11026
473 12219
473 14202
473 14269
474 5152
475 621
475 2078
475 2136
475 2171
475 3373
475 4548
475 6042
475 8187
475 8910
475 10279
475 13636
476 483
476 1363
476 12393
477 2575
477 2927
477 3092
477 3853
477 4761
477 10435
477 11473
478 3043
478 3179
478 10002
479 1908
479 2823
479 3870
479 7810
480 668
480 3088
481 625
481 7640
481 13757
482 1513
482 2079
482 2102
482 2872
482 6521
482 7861
482 10425
483 3295
483 4983
483 13705
484 1687
484 3855
484 4562
484 9207
484 10366
484 14306
485 3534
485 3788
485 11584
486 5630
486 8138
486 11366
486 14140
487 2403
487 4497
487 7048
487 7811
487 14175
488 12512
488 12696
488 12775
489 8326
489 9446
489 10328
489 14336
490 678
490 3484
490 3847
491 1170
491 1873
491 2403
491 3086
491 5599
491 6447
491 9515
491 11109
491 11499
491 13172
492 8060
492 11648
492 12755
492 13270
493 3396
493 4935
493 6069
493 12223
494 1964
495 2783
496 6537
496 9056
496 11461
496 11651
496 14118
497 2131
497 5315
497 6257
497 13933
498 1158
498 4164
498 5640
498 9938
498 11587
498 14020
499 4002
499 10332
499 11292
499 12436
500 3338
500 6892
500 8613
500 10690
500 13418
501 2061
501 2785
501 3349
501 5005
502 1457
502 2857
502 3609
502 6122
503 6564
503 12250
503 12791
504 2139
504 5688
504 7165
504 10485
505 1966
505 4370
505 12667
506 1099
506 2714
506 9160
506 11339
507 5939
507 7826
507 13184
508 1811
508 7324
509 1237
509 1574
509 10884
510 3656
510 10301
511 1606
511 3149
511 8417
512 1219
512 10608
513 2698
513 7437
513 9810
513 12370
514 4001
514 5865
514 11023
514 13809
514 13902
515 5363
515 8395
515 11478
515 12220
516 5916
516 11147
516 12849
517 953
517 2947
517 3410
517 3730
517 11604
518 2478
518 3144
518 3253
518 3361
518 3536
518 4350
518 7328
518 12037
518 12399
518 13496
519 2032
519 4221
519 4329
519 4789
519 6532
519 9569
519 9893
519 10922
520 3955
520 4715
520 5951
521 1866
521 2279
521 4858
522 1504
522 13899
522 14002
523 2897
523 9020
523 13281
524 13807
525 5370
525 6690
525 11101
526 1629
526 1988
526 4801
526 5057
526 8942
527 2939
527 6975
528 2518
528 2971
528 8806
528 12480
528 13593
529 7536
529 7789
529 8752
529 11990
530 873
530 1701
530 2713
530 2736
530 10505
530 11259
530 13385
531 1078
531 13918
532 749
532 1917
532 6701
532 13447
533 2562
533 12120
533 12530
534 2527
534 3241
534 6483
534 6778
534 9217
534 10522
534 11579
535 1089
535 1868
535 3259
535 13117
535 13790
536 2935
536 5755
536 9669
537 2440
537 5812
537 7340
537 10023
538 3619
538 6861
538 7753
538 13670
539 6349
539 9179
539 12466
540 3190
540 8621
541 6904
541 7367
541 10030
541 10034
542 11817
543 827
543 3941
543 5700
543 7748
543 9523
543 10645
544 670
544 1002
544 2152
544 2414
544 5153
544 5894
544 9929
544 11668
545 1908
546 3058
546 8197
546 8404
547 2052
547 10322
548 2797
548 8158
548 11321
548 12839
548 13416
549 4456
549 5572
549 10171
549 10510
549 13931
550 4264
550 8165
550 8902
550 9747
551 2419
551 4352
551 4643
551 4726
551 12806
552 6243
552 9219
552 9580
552 11348
553 1272
553 1551
553 10309
553 11574
553 11746
553 13502
554 5118
554 11821
554 11969
555 1343
555 3678
555 8543
555 9998
555 11726
555 13629
556 1285
556 4276
556 4721
557 6838
557 8415
557 12886
558 3840
558 7276
558 13785
559 2250
559 13849
560 1151
560 13968
561 2969
562 3322
562 6376
562 11306
562 12094
562 13117
563 789
563 6078
563 9894
563 10523
563 11404
563 12329
563 13340
564 2299
564 2912
564 9393
564 14350
565 11026
565 12430
566 5983
566 10388
566 11859
567 2018
567 10628
567 13165
568 5600
568 13222
569 4286
569 6846
569 12443
570 4914
570 9336
570 13245
572 8726
573 980
573 4962
573 5599
573 8713
573 10182
573 11460
573 13731
574 8979
574 10201
575 12433
575 12524
575 14324
576 662
576 7162
576 9231
576 11647
577 3073
577 3464
577 7501
577 8765
577 10585
577 10639
577 11102
577 11861
577 12512
577 13448
578 3553
578 4227
579 3039
580 3416
580 5048
580 6046
580 7530
580 8579
581 5500
581 6118
582 798
582 4142
582 6094
582 9049
582 11826
582 12350
583 5562
584 1195
584 1693
584 3658
585 3212
585 12572
585 13115
586 4345
586 5890
586 6793
586 12816
587 6120
588 12386
588 12844
589 4159
590 2671
590 9006
590 11929
590 12060
591 3990
591 6353
591 10300
591 12082
592 2452
592 3952
592 4027
592 4101
592 8169
592 12547
592 14335
593 5562
593 5929
593 6434
593 8191
594 1759
594 1840
594 4109
594 4415
594 10280
594 11236
594 11830
595 3561
595 5251
595 12170
596 3086
596 3151
596 7625
596 8463
596 12711
597 5004
597 7960
597 12403
597 12755
598 10921
598 12558
599 1803
599 4877
599 13488
600 3238
600 6872
600 9413
600 11035
600 13528
601 2703
601 10785
601 13036
601 13799
602 1844
602 2129
602 3734
602 9284
602 12996
603 5946
603 6013
603 9871
603 11490
604 5939
604 11236
605 1481
605 10981
606 2862
607 1897
607 3249
607 7160
607 8590
607 10844
607 11482
607 11636
607 12232
607 13236
607 13788
608 2718
608 3314
608 11057
609 2333
609 2925
609 3554
609 10623
609 13270
610 1743
610 7795
610 7852
610 9249
610 14284
611 1648
611 1768
611 5019
611 7397
612 1027
612 2055
612 2177
612 3555
612 3710
612 9082
613 1082
613 1565
613 3572
613 5231
614 2342
614 12932
615 1281
615 3304
615 5714
615 9977
616 647
616 1291
616 4667
616 5799
616 7623
616 8853
616 13091
616 13866
617 1790
617 5186
617 7473
617 10088
617 13975
618 1610
618 3588
618 8478
618 11597
618 12362
618 13707
619 1914
619 2036
619 4517
620 6988
620 8391
621 5318
621 5889
621 7177
621 8957
621 13565
622 1939
622 3628
622 5209
622 5427
622 10498
622 11757
623 10730
624 739
624 3728
624 8249
624 12368
625 925
625 3338
625 11056
626 1538
626 5322
626 5962
626 8730
626 9718
626 9949
626 12318
627 1052
627 3463
627 4928
627 6701
627 6966
627 8686
627 9245
627 10292
628 2039
628 2720
628 3723
628 9291
629 2847
629 9134
629 11868
630 3808
630 3958
630 6734
630 7103
630 11200
631 2022
631 2559
631 2671
631 9648
632 2515
632 3040
632 4960
632 7731
632 8523
633 3337
633 4262
633 6403
633 8249
633 11998
633 12046
634 3628
634 11899
634 12679
635 8883
636 3812
636 5794
636 9620
636 9953
636 13982
637 940
637 1588
637 2742
637 6943
638 2378
638 7606
638 9245
638 13576
639 1528
639 2939
639 9438
639 12159
640 3096
640 10853
640 10963
641 4953
641 9048
641 11689
642 7239
642 13576
643 2619
643 8568
643 10453
644 1941
644 2043
644 2151
644 10564
644 12327
644 13430
645 1405
645 2394
645 3174
645 7046
645 8565
645 8883
645 12256
646 1871
646 4021
646 4246
646 4659
646 6164
646 7009
646 9767
646 10276
646 12783
647 1244
647 2268
647 2778
647 6322
648 8234
648 10695
648 12358
649 1532
649 4327
650 8607
650 11697
650 12527
651 3487
651 6276
651 9267
652 2665
652 2858
652 7296
652 7510
653 1723
653 2165
653 3091
653 6751
653 6953
653 8788
653 9221
653 12110
653 13692
654 3110
654 3583
654 10905
655 1765
655 8888
656 1221
656 1676
656 2579
656 5023
657 2997
657 3009
657 6371
657 13338
658 2787
658 12287
658 13585
659 1866
659 3194
659 3611
659 8514
660 5970
660 7162
660 13751
661 1712
661 6195
662 2013
662 5839
662 6769
662 7728
662 7895
662 11748
662 12863
663 5242
664 832
664 3350
664 9182
664 10443
664 10712
664 14107
665 888
665 3172
665 8864
666 4921
666 5691
666 12547
666 13258
667 864
667 5859
667 13700
668 1517
668 4135
668 5211
669 4342
669 10034
669 12802
670 10256
670 11452
671 5301
672 2564
672 7791
672 13339
672 13858
673 4878
673 13346
674 1203
674 3822
674 6660
674 8923
674 11545
675 3255
675 6726
675 7034
675 11899
675 12925
676 1334
676 1704
676 3514
676 4823
676 7153
676 8173
676 11684
677 8251
677 10565
678 686
678 5328
678 7335
679 3697
679 5483
679 6459
679 9756
679 11587
679 13505
680 3013
680 3369
680 11744
680 12854
681 1681
681 3142
681 5931
681 7917
681 9524
681 10797
681 13290
681 14103
682 683
682 1501
682 1810
682 3437
682 4387
682 5677
682 6661
682 9544
682 9635
682 10315
682 10960
682 14069
683 821
683 2865
683 3946
683 8978
684 4372
684 7768
684 9975
684 11410
685 2573
685 2679
685 6343
685 11304
685 13465
686 882
686 1226
686 4985
686 9922
686 12644
687 3221
688 8933
688 11476
688 12401
689 6133
689 7337
689 10541
689 12746
690 8197
690 13505
691 3308
691 3319
691 5551
691 6438
691 6755
691 7005
691 7845
691 8942
691 10738
691 11688
691 11891
692 2506
692 4083
692 12955
692 13672
693 4377
693 4984
693 7400
693 10980
694 11795
694 11930
694 12050
695 1125
695 2549
695 3906
695 6982
696 12417
697 4861
697 7467
698 6880
698 11656
699 2131
699 9813
699 13882
700 1627
700 3488
700 8253
700 13269
701 2046
701 6832
701 12611
702 1003
702 1726
702 9443
702 11031
703 868
703 2634
703 7654
703 8468
703 8823
703 12117
703 12604
703 13343
704 4662
704 5412
704 11000
704 11763
705 4421
705 5283
705 9722
705 12073
706 1747
706 1820
706 6965
707 825
707 2037
707 5271
707 5451
707 8071
707 9153
707 13940
708 5859
709 1340
709 6004
709 8824
709 11102
709 11923
710 1854
710 2073
710 2948
710 3755
711 6468
711 7019
712 1224
712 4270
712 5457
712 5828
712 10415
712 11863
713 1708
713 1736
713 2725
713 6276
713 7112
713 7330
713 10119
713 10599
713 10819
713 11140
713 12627
714 2314
714 4771
714 7109
714 9595
714 9686
714 11652
715 10510
716 1370
716 2825
716 3133
716 3218
716 6692
716 12213
717 915
717 3083
717 6985
717 7699
717 8242
717 11281
717 12710
717 13791
718 721
718 11516
719 3865
719 13334
720 9492
720 13304
721 14205
722 888
722 14361
723 780
723 3414
723 5444
723 5872
723 14156
724 1336
724 3367
724 7555
725 3744
725 5167
725 14161
726 6964
726 7600
726 11788
726 14001
727 1949
727 5103
727 8111
728 1334
728 4669
728 5651
728 6757
728 10787
728 10838
728 11323
728 11937
729 2346
729 6043
729 7714
729 9368
729 9943
730 2182
730 3420
731 1090
731 1549
731 2026
731 5601
731 12537
732 1140
732 3407
732 5915
733 4438
733 6778
733 8542
733 8935
733 11909
734 14343
735 2725
735 4213
735 8075
735 12925
736 1202
736 2156
736 2360
736 2685
736 4868
737 1120
737 1485
737 6286
737 6750
737 8535
737 10679
737 13432
737 13522
738 5405
739 3931
739 11742
739 12773
739 13161
740 1869
740 10107
741 5865
741 6075
741 9806
741 13963
743 4427
743 8221
743 10315
744 875
744 3453
744 9320
744 12019
744 13879
745 2717
745 8617
746 5035
746 6410
746 9038
746 11818
747 2816
747 13700
748 7207
748 9708
749 1471
749 1786
749 2814
749 8060
749 13751
750 1060
750 2160
750 2913
750 3870
750 4058
750 4244
750 8776
750 14304
751 3691
751 7162
751 11112
752 1663
752 4007
752 8754
753 1929
753 2519
753 4958
754 7670
754 7717
754 11229
754 13643
755 4793
755 13190
755 14196
756 2211
756 7243
756 8951
756 9376
757 1127
757 1503
757 3082
758 8340
758 11528
758 12590
759 1150
759 2082
759 3395
759 7540
760 1572
760 5162
760 10004
761 2074
761 7185
761 13239
762 1981
762 2152
762 2828
762 7398
762 9286
762 12408
762 12816
763 2311
763 7209
763 7252
764 980
764 2353
764 3621
764 9577
764 9704
764 13404
765 3478
765 4190
765 5369
765 13934
765 14095
766 1514
766 4842
766 6473
766 6967
766 7045
766 9168
766 12858
767 1521
767 3190
767 3460
767 3987
767 6180
767 9185
767 9678
767 12685
768 905
768 1184
768 2345
769 4428
769 8018
769 8678
769 9890
770 1973
770 6033
770 12141
771 4011
772 11387
772 11536
773 2416
773 2498
773 3844
773 8739
773 10189
773 14128
774 8112
774 12840
774 13065
775 896
775 3224
775 14116
776 2574
776 5188
776 9263
776 10007
776 12709
777 2236
777 3673
777 4898
777 7304
777 10877
777 14049
778 5575
778 8679
778 8879
778 12904
779 1949
779 2409
779 6627
779 6639
779 7550
779 7835
779 9821
779 12007
780 3486
780 6657
780 10615
781 10519
782 1367
782 2315
782 11160
782 12558
783 9748
783 12450
784 3313
784 5357
784 5555
784 6139
784 6251
785 2021
785 2589
785 10106
786 1968
786 2694
786 3374
786 6501
786 7046
786 14070
787 2380
787 3589
787 9726
787 13811
788 1915
788 5828
788 13435
789 5727
789 5919
789 8622
790 2149
790 2185
790 2830
790 6612
790 9389
790 9739
791 1889
791 5318
791 10671
792 930
792 8533
793 2280
793 4222
793 7275
793 10633
794 1719
794 3072
795 1527
795 4459
795 6567
796 6452
796 9009
796 11045
797 1334
797 4540
797 6151
797 9080
797 10332
797 11024
797 14223
798 957
798 4396
798 9255
798 12212
799 841
799 1413
799 3213
799 5808
799 6587
800 9949
800 12753
801 2894
801 3739
801 5111
801 6915
801 7195
801 10945
801 11095
801 13426
802 7137
802 7537
803 2064
803 11232
804 900
804 1019
804 3292
804 12894
805 4033
805 13362
806 930
806 2663
806 4787
806 8443
806 10644
806 11381
807 2102
807 2304
807 8909
807 13168
808 7098
808 12797
809 2032
809 3561
810 1857
810 1978
810 12243
810 13697
811 1435
811 9098
811 9749
812 6734
812 8678
812 10350
813 2804
813 3036
813 6115
813 6192
813 8142
813 9258
814 5081
814 8116
814 10867
814 11772
815 2699
815 10431
815 11966
815 12582
816 1071
816 3177
816 4429
816 8160
816 8461
816 10867
816 12363
817 2081
817 2435
817 4528
817 4556
817 12112
818 1782
818 3526
818 4737
818 6830
818 8371
818 9493
818 9529
818 11039
818 13955
819 2962
819 3507
819 4057
819 4149
819 4468
819 6470
819 7068
819 7200
819 9141
819 11360
819 12155
819 12233
819 13398
820 5879
820 6534
820 9763
820 11031
820 11158
822 1737
822 7594
822 7945
822 9156
822 9668
822 10909
823 6240
823 10139
824 3003
824 5778
824 5992
824 10127
825 11690
826 3667
826 4002
826 8168
827 6768
827 12415
828 2215
828 4515
828 5764
828 8436
829 5899
829 7425
829 8760
829 11273
829 12590
829 12766
830 1429
830 5021
831 2032
831 2747
831 2931
831 6041
831 11416
832 4396
832 8147
833 10181
833 10677
833 12289
834 5996
834 6870
834 11366
834 11695
835 7492
836 3150
836 12983
836 13850
837 5343
837 9508
837 14006
838 11478
838 11621
839 1829
839 9989
839 11292
839 12066
839 13525
840 1874
840 4255
840 4950
840 7796
840 10115
840 12641
840 12782
841 1419
841 13572
842 5184
842 7638
842 13049
842 13336
842 13406
843 8137
844 944
844 4695
844 6856
844 12640
845 2384
845 4728
845 8470
846 2418
846 2986
847 4470
847 6645
847 13538
847 13690
848 1192
848 1613
848 6980
848 7076
848 7222
848 9728
849 7528
849 7638
850 6429
850 7977
850 8922
850 9101
850 12031
850 13742
851 2167
851 2634
851 2971
851 9403
852 4767
852 7311
852 11301
852 14248
853 1010
853 2530
853 10689
853 12060
854 1974
854 2093
854 5252
854 7679
854 8279
854 8313
854 11839
854 11934
854 12389
855 1369
855 1648
855 3599
855 7707
855 12086
855 12506
856 1063
856 3543
856 7666
856 9320
856 9349
856 9870
856 13991
857 2660
857 9696
857 13002
857 14034
857 14333
858 3589
858 7264
859 1055
859 4939
859 6155
859 7372
860 1886
860 2954
860 5042
860 9368
860 13537
860 14179
861 2366
861 2758
861 4680
861 4959
861 10089
861 14125
862 1930
862 2708
862 3505
862 4534
862 9617
862 12914
863 1528
863 1877
863 1885
863 4326
864 2659
864 3959
864 4118
864 7623
864 9925
865 2838
865 3144
865 4700
865 7627
865 14017
866 1498
866 2871
867 1360
867 1926
867 13619
868 1539
869 7532
869 11041
869 13414
870 12274
870 13265
871 3910
871 4030
871 4784
871 5990
872 2910
872 6775
872 8687
873 2685
873 3000
873 5954
873 6638
873 7149
873 8296
873 9346
873 10479
873 11649
873 12694
873 12836
873 13258
873 13657
874 2155
874 3752
874 5326
874 5743
874 8162
874 10528
874 14246
875 3642
875 12563
876 3914
876 6937
877 2153
877 3382
878 1474
878 3708
878 3861
879 2376
880 1020
880 1708
880 2416
880 5323
880 8414
880 11362
880 12035
881 1329
881 3850
881 7503
881 8325
881 13594
882 1756
882 1933
882 8798
882 11489
883 1606
883 6375
883 12468
883 13244
884 899
884 2206
884 3492
885 1839
885 4154
885 5495
885 9117
885 11167
886 2736
886 6652
886 8334
887 7093
887 8592
888 2863
888 3809
888 3898
888 5285
888 6059
888 6540
888 7225
888 11059
889 2050
889 8195
889 9032
890 10525
890 12215
891 6255
891 8923
891 11247
892 7006
892 7157
892 8097
893 6759
893 8506
894 3282
894 11733
895 6922
895 7020
895 9233
896 2609
896 7505
897 1390
897 3525
897 6881
898 1787
898 4781
898 8469
899 3580
899 11295
900 9649
901 1412
901 3991
901 5190
901 9233
901 9417
901 9935
902 1900
902 10300
903 2817
903 3335
904 945
904 1165
904 3592
904 4865
904 5761
904 7017
905 1856
905 12445
906 1381
906 5241
906 6182
907 3209
907 3794
907 5349
907 12172
908 1599
908 1969
908 2241
908 6949
909 2657
909 5560
909 6574
909 6602
909 7115
909 11021
909 12343
909 13085
910 2530
910 3502
910 3598
910 4038
910 4645
910 5893
910 7175
910 9710
910 12421
910 14167
911 6822
911 9017
911 13420
912 1216
912 6633
912 7837
913 2765
913 2793
913 10847
913 13658
914 7912
915 4505
915 4825
915 13180
915 13301
916 5242
916 10376
916 11709
916 12031
917 9193
917 13384
918 1160
918 1419
918 6291
919 1252
919 2006
919 7838
919 8521
919 11488
920 953
920 2784
920 3470
920 5157
920 10098
921 3814
921 10052
921 11750
922 1205
922 6194
922 13546
923 6007
923 6604
923 11580
923 11804
924 3984
924 3997
924 7112
925 1823
925 2776
925 4268
925 10536
925 11835
926 7998
926 13921
927 1167
927 3195
927 3792
927 10300
927 10640
927 11437
928 2199
928 4435
928 5590
929 1263
929 2196
929 12729
929 12852
930 1252
930 2777
930 5429
931 1909
931 3152
931 5044
931 7445
931 7551
931 8005
931 12610
932 4538
932 8610
932 11288
932 11300
932 13697
933 9849
934 3916
934 12112
935 1546
935 7046
935 7979
935 9812
935 10564
935 11628
936 5162
936 9850
936 11026
936 12497
937 1388
937 2342
937 9889
937 10907
937 11817
938 3448
938 11274
938 12201
939 1111
939 1876
939 3094
939 7965
939 9772
941 3537
941 3971
941 4918
941 8251
942 5716
942 11332
943 3069
943 3467
943 4117
943 5252
944 2508
944 2769
944 12728
944 13296
945 6115
945 9694
945 9773
946 5453
946 10225
947 1588
947 2254
947 2629
947 10352
948 1958
948 3270
948 3529
948 7876
949 1715
949 6123
949 6605
949 10878
950 1393
950 1857
950 7029
950 7990
951 3234
951 4075
951 7152
951 9576
951 10277
951 12781
952 1096
952 3780
952 14345
953 8530
953 13730
953 14121
954 3111
954 4423
954 5848
954 7201
954 7494
954 13837
955 3105
955 7392
955 8670
955 9827
955 10858
955 11869
955 12084
955 13341
955 13459
956 3090
957 1455
957 5010
957 11511
957 13298
958 1027
958 1287
958 2858
958 5311
958 7329
959 1701
959 8472
960 1396
960 1934
960 2774
960 8965
960 9304
960 9527
960 13467
961 3168
961 9806
962 6956
962 10265
962 10429
962 14174
963 3574
963 5525
963 6644
963 11184
964 3075
964 5189
964 5341
964 5580
964 10327
964 11741
964 14208
965 12953
966 6219
966 8718
967 3487
967 6853
967 10039
968 3275
968 7230
968 7375
968 12903
968 14196
969 3655
969 3852
969 5581
970 2350
970 4847
970 6763
970 8275
970 8423
970 12564
970 12759
970 13349
971 1038
971 3957
971 4180
971 4681
971 12205
972 2942
972 3404
972 4464
972 5058
972 6738
972 6797
972 8284
972 14161
973 2894
974 4875
974 5234
974 7744
975 1686
975 3011
975 12471
976 1729
976 5581
976 5918
976 12061
977 1791
977 7705
977 8115
977 8317
977 9437
977 11113
978 2861
978 8774
978 10689
979 7424
979 8960
979 14080
980 2199
980 3240
980 7699
980 8774
980 10086
980 12137
980 12288
980 14174
981 2107
981 2189
981 2386
981 3419
981 3559
981 5813
981 6406
981 7228
981 7265
981 8488
981 9196
982 3170
982 11978
982 13066
983 1290
983 5011
983 12471
984 1496
984 2123
984 9424
984 13383
985 4470
985 5050
985 13296
986 5136
986 6878
986 8651
986 11784
986 12192
986 13602
987 9777
987 13578
988 10566
988 11203
989 2350
989 5642
990 2686
990 6507
990 8679
990 9581
990 11942
990 13000
991 3824
991 7030
991 11906
991 12243
992 2318
992 4906
993 2683
993 5174
993 7548
993 8083
993 8417
993 11796
993 12715
993 13799
993 14255
994 1654
995 1717
995 3338
995 3853
995 6974
995 7360
995 12394
996 8353
996 10886
997 1714
997 5813
997 6769
997 7632
997 9113
998 1481
998 5274
998 6397
998 10763
998 12623
998 13992
999 1742
999 3238
999 4005
999 5058
999 10322
1000 1141
1000 5453
1000 6941
1000 12835
1001 3275
1001 4738
1001 6035
1002 3307
1002 5045
1002 5502
1002 6198
1002 6558
1002 7395
1003 1177
1003 11197
1004 11171
1005 2238
1005 3664
1005 9714
1006 2751
1006 13042
1007 10428
1008 5921
1008 10680
1008 12031
1008 12796
1009 1023
1009 2415
1009 2974
1009 8491
1009 9239
1009 12648
1009 13194
1010 2582
1010 10025
1010 12988
1011 4595
1011 5001
1011 8217
1011 9685
1011 11991
1011 12682
1011 14316
1012 1075
1012 1399
1012 2929
1012 3094
1012 3097
1012 3319
1012 4918
1012 5536
1012 7210
1012 8519
1012 9741
1012 9898
1012 10238
1012 11585
1012 12175
1013 8725
1013 11090
1013 13593
1014 6663
1014 10327
1015 2754
1015 2897
1015 7268
1015 11437
1016 1777
1016 3781
1016 7257
1016 13551
1017 3254
1017 4742
1017 6406
1017 7040
1017 7546
1018 9392
1018 11920
1019 2643
1019 5293
1019 5600
1019 5773
1019 10016
1019 12952
1019 14141
1020 4894
1020 7815
1021 4429
1022 3941
1022 5523
1022 6166
1022 11863
1023 3479
1023 3510
1023 5711
1023 9876
1024 1218
1024 2701
1024 2912
1024 8581
1025 2490
1025 9663
1025 12840
1026 2044
1026 5870
1026 8986
1026 13510
1027 1748
1027 4469
1027 4649
1027 5629
1027 7969
1027 8185
1027 9647
1027 11186
1027 12181
1027 13061
1028 2351
1028 6435
1028 8352
1028 12459
1028 12760
1029 4597
1030 7245
1030 8717
1030 9340
1030 12259
1030 12683
1030 13525
1031 3998
1031 5897
1031 7633
1032 1688
1032 3100
1032 7271
1032 9842
1032 10950
1033 3760
1033 8414
1033 11780
1033 12258
1033 13049
1034 6097
1034 6640
1034 13132
1035 1937
1035 3682
1035 4563
1035 10425
1035 10482
1035 13731
1036 4387
1037 8717
1037 9594
1037 13454
1038 1241
1038 11886
1039 2709
1039 3068
1039 6209
1039 13848
1040 1334
1040 9043
1040 9700
1040 13451
1041 2891
1041 3029
1041 3802
1041 4610
1041 5169
1041 5779
1042 2047
1042 6110
1042 6586
1042 9825
1043 7652
1043 12215
1044 5659
1044 6544
1044 7164
1044 14224
1045 1965
1045 2669
1045 9429
1045 10265
1045 12960
1046 1959
1046 2650
1046 3779
1047 5106
1047 7090
1047 7762
1047 10767
1048 2378
1048 3461
1048 9893
1048 10042
1049 5750
1050 1295
1050 1909
1050 6784
1051 3975
1051 4315
1051 7824
1051 9010
1052 5139
1052 11853
1052 11978
1053 4240
1053 13143
1053 13362
1054 1551
1054 2003
1054 8348
1054 8392
1055 1892
1055 5188
1055 6787
1055 6798
1055 8675
1055 9186
1055 9814
1056 4482
1056 12211
1057 1648
1057 2084
1057 3076
1057 4726
1057 9301
1057 13135
1058 14146
1059 2447
1059 3771
1059 4032
1059 6911
1059 9494
1059 10382
1059 12886
1060 1354
1060 8867
1060 12744
1061 4968
1061 8989
1061 9579
1062 5775
1062 5855
1062 6225
1063 1700
1063 2411
1063 4020
1063 4027
1063 4970
1063 5690
1063 5844
1063 9861
1064 4223
1064 5334
1064 12491
1064 12527
1064 13581
1064 13944
1065 3904
1065 5571
1065 6153
1065 6942
1065 11227
1065 11349
1066 1430
1067 2286
1067 6337
1067 7279
1067 8186
1067 12707
1067 12723
1068 7205
1069 4065
1069 4667
1070 2161
1070 4319
1070 6444
1070 7461
1070 8536
1070 9884
1070 12647
1070 13329
1071 4647
1071 9809
1071 11764
1071 11814
1072 1827
1072 6211
1072 7087
1072 10091
1072 12827
1073 4585
1074 6672
1074 6909
1075 1422
1075 2431
1075 7150
1075 8410
1075 12725
1076 5725
1076 12435
1076 13612
1077 2024
1077 2271
1077 6595
1078 14339
1079 3744
1079 3819
1079 8748
1079 10546
1079 13037
1080 5225
1080 8614
1080 10655
1080 12104
1081 2234
1081 2911
1081 11998
1081 12332
1082 1108
1082 8305
1082 11586
1083 3223
1083 6918
1083 9021
1084 1702
1084 2752
1084 10833
1084 12188
1085 6740
1085 10630
1086 1851
1086 4825
1086 5719
1086 6351
1086 10038
1086 13956
1087 1630
1087 7256
1087 9365
1088 1475
1089 3806
1089 3957
1089 4837
1089 8484
1089 9148
1089 11282
1089 13171
1090 1258
1090 2166
1090 4002
1090 5373
1090 9093
1090 13176
1091 5461
1091 7862
1091 12041
1091 12375
1092 7819
1092 7861
1092 8415
1092 9750
1093 3754
1093 10877
1094 1179
1094 3780
1094 4844
1094 11026
1095 1592
1095 8254
1095 8967
1095 10562
1096 2922
1096 4245
1096 7708
1096 11078
1097 3117
1097 6895
1097 7693
1097 11163
1098 4843
1098 4844
1098 5889
1098 7496
1098 9472
1098 10825
1098 12914
1099 1329
1099 3661
1099 5162
1099 8427
1099 9000
1099 10908
1099 11239
1100 8441
1101 1140
1101 2739
1101 2783
1101 4963
1101 5227
1101 8263
1101 10822
1102 1551
1102 1615
1102 7749
1102 8963
1102 12156
1102 12977
1102 13247
1103 3767
1103 6056
1103 7341
1103 7365
1103 8315
1103 11052
1103 13601
1104 2720
1104 9672
1104 11670
1105 2652
1105 6112
1106 1178
1106 7817
1106 10701
1107 3003
1107 4351
1107 5683
1107 10688
1108 1306
1108 3281
1108 3616
1108 11947
1108 14330
1109 1243
1109 5317
1109 5740
1109 7825
1109 13105
1110 1362
1110 2692
1112 4396
1112 7241
1112 7323
1112 10013
1112 12993
1113 3289
1113 5006
1113 8967
1113 13658
1114 1223
1114 3262
1114 8310
1114 9203
1114 9702
1114 11458
1115 5922
1115 7230
1116 1633
1116 3322
1116 9210
1116 12801
1117 13711
1117 13736
1118 2507
1118 3901
1118 4705
1118 6697
1118 13937
1119 2484
1119 9666
1119 10128
1120 2885
1120 3513
1120 4478
1120 10580
1121 2168
1121 2729
1121 5677
1121 7314
1121 8032
1121 10317
1121 14107
1122 1502
1122 4047
1123 5846
1123 10384
1123 11393
1123 13617
1124 1774
1124 2764
1124 7643
1124 9710
1124 10078
1124 12697
1124 13138
1125 1245
1125 4718
1125 14129
1126 4122
1127 2401
1127 2871
1127 4676
1127 9015
1127 13843
1128 2695
1128 5816
1128 6038
1128 8807
1129 4643
1129 4971
1129 7226
1129 8713
1130 8208
1130 9516
1130 10452
1131 5200
1131 7477
1131 8564
1131 9097
1131 12958
1132 2164
1132 2791
1132 7144
1132 12931
1133 2828
1133 8045
1134 4675
1134 5074
1134 6149
1134 7838
1134 8180
1134 10516
1134 13436
1134 14047
1135 1950
1135 3655
1135 12200
1136 3629
1136 6614
1136 11103
1136 11749
1136 13627
1137 4524
1137 10434
1137 11239
1138 2061
1138 9148
1138 12012
1139 2358
1139 11460
1140 2244
1140 2250
1140 11896
1141 10595
1141 12384
1142 10973
1142 12864
1143 4604
1143 11384
1144 1784
1144 1939
1145 1849
1145 2649
1146 2099
1146 2100
1146 4586
1146 7191
1146 11036
1146 11170
1146 12821
1147 2289
1148 1649
1148 9220
1148 12131
1148 12996
1149 3004
1149 7367
1149 12818
1150 1447
1150 3702
1150 3730
1150 3755
1150 7951
1150 8920
1150 9474
1150 9520
1150 13610
1151 2350
1151 8985
1151 13261
1151 13913
1152 2249
1152 3952
1152 5198
1152 6400
1152 11011
1153 1283
1153 4208
1153 7754
1153 7921
1153 8776
1154 5524
1154 8212
1154 8534
1154 13759
1155 3627
1155 4765
1155 5595
1156 2777
1156 3993
1156 7767
1156 10970
1156 11649
1157 3595
1157 12404
1158 6783
1158 13441
1158 13536
1159 6993
1159 12598
1160 5871
1160 9387
1161 1956
1161 3763
1161 3825
1161 12808
1161 14218
1162 1457
1162 1967
1162 11828
1162 12757
1163 1382
1163 1655
1163 3536
1163 4594
1163 7247
1163 7884
1163 11793
1164 3990
1164 4554
1164 6931
1164 10768
1165 3351
1165 3788
1165 13636
1166 2387
1166 7618
1167 1833
1167 3981
1167 7149
1167 9272
1167 11268
1168 3782
1168 10941
1168 13272
1168 13508
1169 2520
1169 7538
1169 8668
1169 11173
1170 14119
1171 5578
1171 12716
1172 6655
1173 2277
1173 3750
1173 13091
1174 2616
1174 4601
1174 7085
1174 11617
1174 13233
1175 1535
1175 5605
1175 6105
1175 7142
1175 12184
1176 3714
1176 8849
1176 13956
1177 2590
1177 3011
1177 3701
1177 6518
1177 7048
1177 8091
1177 8970
1177 10276
1177 11927
1177 13368
1178 1649
1178 3553
1178 4758
1178 4998
1178 8016
1178 10191
1178 13686
1178 14357
1179 1960
1179 13020
1179 13206
1180 1748
1180 1823
1180 2223
1180 3494
1180 3590
1180 4099
1180 6417
1180 11963
1181 11809
1182 1313
1182 5036
1182 7959
1183 5230
1183 9379
1184 3490
1184 7126
1184 7680
1184 11538
1185 4506
1185 6372
1185 11062
1185 13926
1186 1810
1186 2905
1186 3098
1186 3226
1186 11022
1187 1583
1187 2056
1188 2534
1188 2921
1188 3948
1188 10110
1188 13521
1189 2371
1189 2684
1189 10703
1190 2180
1190 8339
1190 8701
1191 1861
1191 1929
1191 2393
1191 2677
1191 6319
1191 6562
1191 8619
1191 8658
1191 11669
1191 11682
1191 13136
1191 13193
1192 2495
1192 4863
1192 5891
1192 7446
1192 8995
1192 11724
1193 1433
1193 5507
1193 7148
1193 8348
1194 1731
1194 4037
1194 6500
1194 11044
1195 5440
1195 7249
1195 10548
1195 12656
1196 6680
1196 11121
1196 12674
1197 3590
1197 13872
1198 3054
1198 6430
1198 11344
1198 14226
1199 4860
1199 5403
1199 8693
1199 9467
1199 9635
1199 10856
1200 4912
1200 6683
1200 10017
1200 12546
1201 1893
1201 4153
1201 5375
1201 6243
1201 7727
1201 10745
1201 10775
1201 12087
1202 4746
1202 6064
1202 6330
1202 10344
1203 6267
1203 8134
1203 11691
1204 1467
1204 2527
1204 3829
1205 2442
1205 2520
1205 3734
1205 10069
1205 10568
1205 12385
1205 12522
1205 13147
1205 13925
1206 9747
1206 9806
1206 11801
1206 12718
1207 4279
1207 5810
1208 3099
1208 5422
1209 9884
1209 12189
1210 2957
1210 6709
1210 8263
1210 10224
1211 3905
1211 5352
1211 6112
1212 7713
1212 11375
1212 12167
1213 3251
1213 3940
1213 4817
1214 5513
1214 13422
1215 5221
1215 8686
1215 8914
1215 9558
1215 10958
1215 11952
1216 5784
1217 6424
1217 8818
1218 2343
1218 4899
1218 7341
1218 7839
1218 13990
1219 1757
1219 2699
1219 3061
1219 11317
1219 13322
1220 3604
1220 5007
1220 10283
1220 11408
1220 13453
1221 2239
1221 8644
1222 1351
1222 4134
1222 9237
1222 10529
1222 11532
1222 12067
1222 12888
1223 2841
1223 3538
1224 3239
1224 7301
1225 4605
1225 5240
1225 12152
1226 5583
1226 8205
1226 8778
1227 5131
1227 5644
1227 7248
1227 11832
1228 1848
1228 6968
1228 9067
1228 13399
1228 13431
1229 1419
1229 4182
1229 6565
1230 4191
1230 6659
1230 7009
1230 9356
1230 11338
1231 7859
1231 8774
1231 13109
1232 4525
1232 5429
1232 10674
1232 11474
1233 5233
1233 6748
1233 11631
1233 11933
1233 12227
1233 13015
1234 2048
1234 11540
1234 11804
1234 12508
1234 14185
1235 1542
1235 3723
1235 13440
1236 1367
1236 2299
1236 13219
1237 6799
1237 10685
1237 11801
1238 3211
1238 9280
1238 12414
1239 8658
1240 2233
1240 4333
1240 8799
1241 4753
1241 7078
1241 7403
1241 12775
1242 4471
1242 11603
1242 13719
1243 13300
1244 5272
1244 11214
1244 12943
1244 13930
1245 3922
1245 4269
1245 4688
1245 7625
1245 9437
1245 9947
1245 11083
1245 11305
1245 14044
1246 1261
1246 2899
1247 5204
1247 11707
1248 2250
1248 4555
1248 7982
1248 12685
1249 1453
1249 3741
1249 4979
1249 4986
1249 8734
1249 8752
1249 9705
1249 10561
1250 4022
1250 6510
1250 7514
1250 8022
1250 8924
1250 11087
1250 12247
1250 13625
1251 3040
1251 4715
1251 7904
1251 8135
1252 1458
1252 3105
1252 6423
1252 7559
1253 1342
1253 2334
1253 6264
1253 6897
1253 11264
1253 12748
1253 13834
1254 3006
1254 6149
1254 12705
1255 12637
1255 14199
1256 3541
1256 5068
1256 8910
1257 1813
1257 8080
1257 14272
1258 2117
1258 2247
1258 2782
1258 4019
1258 6426
1258 6660
1258 7036
1259 5610
1259 6153
1259 9020
1260 8697
1260 11572
1261 2297
1261 12165
1262 3137
1262 11997
1263 6984
1263 10464
1263 11208
1263 13013
1263 14309
1264 1336
1264 2483
1264 8606
1264 11382
1264 13861
1265 2999
1265 4971
1265 6002
1265 6588
1265 8445
1265 12324
1266 2042
1266 4206
1267 8646
1268 1891
1268 3060
1268 3170
1268 3460
1268 4019
1268 4031
1268 4761
1268 10854
1269 7189
1270 4845
1270 5038
1270 9663
1270 13169
1271 3873
1271 4350
1271 5555
1272 3681
1272 5780
1272 6423
1272 13620
1273 6942
1273 10903
1273 13672
1274 3151
1274 5803
1274 10740
1275 5575
1275 5615
1275 11408
1275 12006
1275 12226
1276 3141
1276 4694
1276 5982
1276 9354
1276 10888
1276 13344
1276 13874
1277 6060
1277 12443
1277 12653
1278 4641
1278 9543
1278 12813
1278 14283
1279 3807
1279 6365
1279 8665
1279 9383
1279 12737
1280 6519
1280 6705
1280 7415
1280 8623
1280 9672
1281 4079
1281 13780
1282 3081
1282 4508
1282 10105
1282 11207
1283 4574
1283 5014
1283 11372
1284 2158
1284 5479
1284 5820
1285 1707
1285 11342
1286 3167
1286 3306
1286 4667
1286 4962
1286 5063
1286 5794
1286 6762
1286 7307
1286 8953
1286 11380
1287 1461
1287 3988
1287 6374
1287 8541
1287 12919
1287 13412
1287 14306
1288 4530
1289 3715
1289 5887
1289 9287
1289 14304
1290 1950
1290 11573
1290 12844
1291 7257
1291 7906
1291 9327
1292 1804
1292 4407
1292 11064
1293 5956
1293 6884
1293 10633
1294 3880
1294 12664
1294 12902
1295 2990
1295 7731
1296 3092
1296 8842
1296 9171
1297 2630
1297 5575
1297 12539
1297 14087
1298 5588
1298 8370
1298 11448
1298 13055
1299 7377
1299 8709
1299 8764
1299 9384
1300 1420
1300 13443
1301 8084
1301 9836
1301 10723
1302 4202
1302 5972
1302 6540
1302 6634
1302 10773
1303 4991
1303 10691
1304 3191
1304 3889
1304 9313
1305 3795
1306 5205
1306 5629
1307 1742
1307 8055
1308 2036
1308 4326
1308 6817
1309 1855
1309 4751
1309 5542
1309 11167
1309 13836
1310 1603
1310 8968
1310 9751
1310 14032
1311 7095
1311 8163
1311 10131
1311 10725
1311 12388
1312 3951
1312 5414
1312 6425
1312 6688
1312 10801
1312 10813
1312 11947
1312 13364
1313 6884
1313 8543
1314 2303
1314 5367
1314 11164
1314 13469
1315 1925
1315 3263
1315 11102
1315 14257
1316 1786
1316 2985
1316 4216
1316 4673
1316 12984
1317 1408
1317 1635
1317 2115
1317 6045
1317 8513
1318 1695
1318 5676
1318 6443
1318 6983
1318 13864
1319 4663
1319 5375
1319 13432
1320 3155
1320 4872
1320 10562
1321 8948
1321 10841
1322 1356
1322 2838
1322 4723
1323 9977
1324 7505
1325 2530
1325 4560
1325 11605
1326 1585
1326 3425
1326 5599
1326 6064
1326 7633
1326 7861
1327 4746
1327 5010
1328 3493
1329 2486
1329 7475
1330 2251
1330 13648
1331 1869
1331 5939
1332 3020
1332 5161
1332 10244
1332 11990
1332 13374
1333 7528
1333 11495
1333 11610
1333 14253
1334 1628
1334 1685
1334 2155
1334 5148
1334 8078
1334 13815
1335 3436
1335 3990
1335 8324
1335 11177
1336 5450
1336 5480
1336 8077
1336 11483
1337 4890
1337 7119
1337 9327
1337 13526
1338 1800
1338 1946
1338 2863
1338 3905
1338 8614
1338 11203
1338 14260
1339 3983
1339 5543
1339 5749
1339 10413
1339 12476
1340 3552
1340 4590
1340 7815
1340 10771
1341 7943
1341 8467
1341 8777
1341 10578
1342 4766
1342 7312
1343 2221
1343 7804
1343 10384
1344 9950
1344 10033
1344 10173
1345 5974
1345 9626
1346 1856
1346 3282
1346 3395
1346 12010
1347 4811
1347 8186
1347 8677
1348 1543
1348 4880
1348 6054
1348 6321
1348 10030
1349 1828
1349 1925
1349 2189
1349 8935
1349 11252
1350 7373
1350 12817
1350 12960
1351 6533
1352 3497
1352 7773
1353 2455
1353 2831
1353 7307
1353 8687
1353 9312
1354 3329
1354 12613
1355 2949
1355 5506
1355 8345
1355 9959
1356 2867
1356 3380
1356 3874
1356 12205
1357 5296
1357 7576
1357 9443
1357 13740
1358 1406
1358 7030
1358 7478
1358 8026
1358 12715
1359 2541
1359 4454
1360 4840
1360 8759
1360 13986
1361 3156
1361 5360
1361 6419
1362 2476
1362 10365
1363 1499
1363 7021
1363 13884
1364 2676
1364 5707
1364 9583
1364 10337
1364 11559
1365 3754
1365 10095
1365 12473
1365 12599
1365 13565
1366 3167
1366 6106
1367 2520
1367 8073
1368 2599
1368 3547
1368 4993
1368 8829
1369 2117
1369 2758
1369 2930
1369 2997
1369 3015
1369 4652
1369 7326
1369 8006
1369 11685
1370 1971
1370 3447
1370 5183
1370 8023
1370 8907
1370 10225
1370 11324
1370 11357
1370 12128
1370 12505
1370 13820
1370 14139
1371 2222
1371 5142
1371 6959
1371 7036
1371 7717
1371 10146
1371 11626
1372 6134
1372 9015
1373 6336
1373 7525
1373 8187
1373 14193
1374 2755
1374 6055
1374 7783
1374 13713
1375 2159
1375 3512
1375 3899
1375 7358
1375 7969
1376 1833
1376 1956
1376 2672
1376 10747
1376 12561
1376 12674
1377 2892
1377 8714
1377 9738
1377 11036
1377 13435
1378 3145
1378 10335
1378 11429
1379 1622
1379 1757
1379 1897
1379 3817
1379 4581
1379 10525
1379 11019
1380 2482
1380 3996
1380 9985
1381 3460
1381 5164
1381 10883
1381 14263
1382 1643
1382 8054
1382 9094
1382 12024
1382 14139
1383 1783
1383 3833
1383 6174
1383 8450
1383 12386
1384 1414
1384 6692
1384 7227
1384 10844
1385 1483
1385 5007
1385 14165
1386 9982
1386 11451
1386 13683
1387 1853
1387 6398
1388 1483
1388 2023
1388 3263
1388 3318
1388 3799
1388 11319
1389 3148
1390 4058
1390 8900
1390 13487
1390 13987
1391 6075
1391 12400
1392 7082
1392 12735
1392 14255
1393 1536
1393 4559
1393 7335
1393 14252
1394 2160
1394 5122
1394 5395
1394 10704
1395 1771
1395 7720
1395 9195
1395 11476
1395 11720
1395 14184
1396 1417
1396 4639
1396 8650
1396 8963
1396 12508
1396 13797
1397 1469
1397 4027
1397 4438
1397 8393
1397 8515
1397 9425
1397 11190
1397 11326
1397 12175
1397 12722
1397 13434
1398 2855
1398 3449
1398 6901
1398 8035
1398 8351
1399 1734
1399 1886
1399 2202
1399 2497
1399 3626
1399 8719
1399 10464
1399 11752
1399 11993
1399 12975
1399 13158
1399 13697
1400 4296
1400 7566
1400 8204
1400 9551
1401 1760
1401 5232
1401 5240
1401 6956
1401 7162
1401 7995
1401 11321
1401 11889
1401 11963
1402 6356
1402 7060
1402 11770
1403 1939
1403 13785
1404 3552
1404 7598
1404 9910
1405 1639
1405 1774
1405 3470
1405 4596
1405 8279
1405 9147
1406 1841
1406 2317
1406 2951
1406 3628
1406 5976
1407 9345
1407 11180
1407 11894
1407 13473
1408 6506
1409 9301
1409 11092
1410 9224
1411 1952
1411 11211
1411 12454
1411 12639
1412 6018
1412 12847
1413 1968
1413 2487
1413 5509
1413 10662
1414 13767
1415 1694
1415 3499
1415 3520
1415 4040
1415 7507
1415 9286
1415 12798
1416 1421
1416 4670
1416 14303
1417 2302
1417 2449
1417 8387
1417 9732
1417 10094
1417 10475
1417 11177
1418 7261
1418 10267
1418 13010
1419 3010
1419 6409
1419 8749
1420 2191
1420 6754
1420 7786
1421 8447
1421 10253
1421 12554
1422 3959
1422 7578
1422 7581
1422 13329
1423 3179
1423 11089
1423 11723
1424 3482
1424 5364
1424 5873
1424 7399
1424 10159
1424 13433
1426 3344
1426 4359
1426 13080
1427 3289
1427 3669
1427 10685
1428 2542
1428 10315
1429 8212
1429 9262
1429 9814
1429 11593
1429 12787
1429 13135
1430 3908
1431 3823
1431 10218
1431 11878
1431 12261
1432 1917
1432 10916
1432 11034
1433 2834
1433 3200
1433 11398
1433 11658
1433 12966
1433 13690
1434 5370
1434 7207
1434 10423
1434 10569
1435 9682
1435 12978
1436 3010
1436 10959
1436 11588
1437 5918
1437 10437
1438 2376
1438 5017
1438 7041
1438 9748
1438 13240
1439 5770
1439 8022
1440 1812
1440 3905
1440 13538
1441 1622
1441 3725
1441 7198
1441 7570
1441 11270
1441 11446
1441 12893
1442 1485
1442 8722
1442 10251
1442 11332
1442 12545
1443 3156
1443 7437
1443 9639
1443 13939
1444 5830
1444 6317
1444 9488
1444 10344
1445 1748
1445 4791
1445 8911
1445 10436
1445 12218
1446 4837
1446 9601
1447 4674
1447 5468
1448 1494
1448 7472
1449 2613
1450 2919
1450 3099
1450 4526
1450 5405
1450 9187
1451 1811
1451 5240
1452 6572
1452 8783
1452 10311
1452 11840
1452 11963
1452 12066
1452 12388
1453 2472
1453 2548
1453 6854
1453 10890
1454 2527
1454 2835
1455 3658
1455 12478
1455 14010
1456 3120
1456 6461
1456 10753
1456 12595
1458 7794
1459 10838
1460 1467
1460 6771
1460 10271
1460 13693
1461 2161
1462 2368
1462 7075
1463 4702
1463 14263
1464 1891
1464 2401
1464 13107
1465 7186
1465 9148
1465 10703
1465 13709
1466 1890
1466 2015
1466 3331
1466 3465
1466 9806
1467 2021
1467 6142
1467 7622
1467 9402
1467 10816
1467 12225
1467 13234
1468 2484
1468 5112
1468 12078
1469 3118
1469 5561
1469 11134
1469 11618
1469 12453
1469 13484
1470 3943
1470 14013
1471 4093
1471 10359
1471 12664
1471 14222
1472 1636
1472 9626
1473 2981
1473 3214
1474 4494
1474 12735
1474 13734
1475 1944
1475 3366
1475 9344
1475 10002
1476 2267
1476 4091
1476 9307
1476 14067
1477 1659
1477 2593
1477 3623
1477 3723
1477 4501
1477 6112
1477 10005
1477 12769
1477 13829
1478 9636
1478 13447
1478 14229
1478 14273
1479 2159
1479 3320
1479 7565
1479 9085
1479 9416
1479 12606
1480 2281
1480 4586
1480 10413
1482 1666
1482 2409
1482 3236
1482 7428
1482 10811
1483 7508
1483 9474
1483 10625
1483 14340
1484 5763
1485 2024
1485 2552
1485 3659
1485 5611
1485 5671
1485 9312
1485 10369
1486 2183
1486 9088
1486 14315
1487 1589
1487 10965
1488 1810
1488 2547
1488 4070
1488 6841
1488 7763
1488 11524
1488 13034
1489 3710
1489 6222
1489 7914
1489 8557
1489 8569
1489 8676
1490 6733
1490 11312
1490 14145
1491 1538
1491 3058
1491 3324
1491 6515
1491 6758
1491 10141
1492 5452
1492 7905
1492 9961
1493 2917
1493 8065
1493 12962
1494 1934
1494 3966
1494 4635
1494 7544
1495 1505
1495 4315
1495 8178
1496 4651
1496 8712
1496 10440
1496 14224
1496 14288
1497 5883
1497 7245
1497 8295
1497 13613
1498 2919
1498 3368
1498 4660
1498 8386
1499 1935
1499 2368
1499 13763
1500 2089
1500 3955
1500 4847
1500 7452
1500 8426
1500 13648
1501 5583
1501 9698
1502 3443
1502 11747
1503 9380
1503 12181
1504 7829
1504 8818
1504 9347
1504 12027
1504 14214
1505 3200
1505 8320
1505 9003
1505 11320
1506 1568
1506 4905
1506 5585
1507 5830
1507 9324
1507 12375
1508 3678
1508 4934
1509 9473
1510 3568
1510 3921
1511 11874
1511 11911
1511 13901
1512 1898
1512 3507
1512 4501
1512 5300
1512 5349
1512 5430
1512 13197
1513 4553
1514 2639
1514 4574
1515 2183
1515 2474
1515 5295
1515 11159
1516 4773
1516 5102
1516 5319
1516 9209
1516 10127
1516 10539
1516 10543
1516 10833
1517 1673
1517 5099
1517 6207
1517 11446
1517 14111
1518 3193
1518 11387
1518 12090
1519 3916
1519 4439
1519 11347
1519 11537
1520 2841
1520 3211
1520 5268
1521 11283
1521 12197
1522 7063
1522 12452
1523 13026
1524 4027
1524 11203
1525 1557
1525 2425
1525 8972
1525 11929
1526 1717
1526 1902
1526 7443
1526 8351
1527 2594
1527 2832
1527 3811
1527 4375
1527 6615
1527 9479
1527 9627
1527 10252
1527 11660
1528 5395
1528 7532
1528 12279
1529 2090
1529 4352
1529 9165
1529 12866
1530 11716
1531 4018
1531 9965
1532 2888
1532 4237
1532 4516
1532 6824
1532 9126
1532 12513
1532 14216
1533 2075
1533 2263
1533 13848
1534 2507
1534 13201
1534 14056
1534 14281
1535 2343
1535 2452
1535 2799
1535 6199
1535 9305
1535 9633
1535 10140
1535 10581
1535 13322
1536 2937
1536 3076
1536 4585
1537 1952
1537 3311
1537 4783
1537 6300
1537 6524
1537 9822
1537 12674
1537 13016
1537 14347
1538 4484
1538 5673
1538 7676
1538 8633
1539 2755
1539 2846
1539 3245
1539 11911
1540 2126
1540 3896
1540 7103
1540 10683
1541 1556
1541 4818
1541 9009
1541 10885
1541 11417
1542 10482
1542 12405
1542 13382
1542 13533
1543 2138
1543 3720
1543 8336
1543 9904
1543 11341
1543 12238
1543 13198
1544 4281
1544 5461
1544 9362
1544 10808
1544 12398
1545 3126
1545 6428
1545 8034
1545 8988
1545 10220
1546 2514
1546 3473
1547 1840
1547 3801
1547 5344
1547 8509
1548 3753
1548 8610
1548 10110
1548 11462
1548 13287
1549 2777
1549 13699
1550 12381
1551 1726
1551 2343
1551 3753
1551 6080
1551 10418
1551 11672
1551 13533
1552 6785
1552 9429
1552 9654
1552 10809
1553 2021
1553 3805
1553 5473
1553 5839
1554 2099
1554 2525
1554 9911
1555 2621
1555 3372
1555 3471
1555 4681
1555 4804
1555 5985
1555 6229
1555 8666
1555 13972
1556 2829
1556 4286
1556 6072
1556 9063
1556 9088
1556 10612
1557 7669
1557 8372
1557 9333
1557 10176
1558 7776
1558 8388
1558 9718
1558 10192
1559 2821
1559 4020
1559 5453
1559 6056
1559 8110
1559 8146
1559 14124
1560 1671
1560 2611
1560 3453
1561 9243
1561 11182
1561 11334
1562 8780
1562 9992
1563 8391
1563 8908
1563 10716
1563 13276
1564 2628
1565 2622
1565 6957
1565 11670
1566 3396
1566 7509
1567 3216
1567 6345
1567 6667
1567 10117
1567 10489
1567 11204
1567 14322
1568 2200
1568 4371
1568 11897
1568 11926
1568 13566
1569 2401
1569 10398
1570 7114
1570 7193
1570 12094
1570 13365
1571 2167
1571 2354
1571 5704
1571 5961
1571 11256
1571 12277
1572 3199
1572 3274
1572 7547
1572 11785
1572 14113
1573 3835
1573 9258
1574 2247
1574 4013
1574 4455
1574 10552
1574 14058
1575 2570
1575 3409
1575 10428
1575 14169
1576 2048
1576 3542
1577 7032
1577 8809
1577 9157
1577 11166
1577 13049
1577 13509
1578 2030
1578 3729
1578 5127
1578 11435
1578 12928
1579 2184
1579 2720
1579 4437
1579 6380
1579 7773
1579 9109
1580 11526
1580 12163
1581 2164
1581 7790
1581 7927
1582 1973
1582 8241
1582 9974
1582 14112
1583 14252
1584 4682
1584 9228
1584 12529
1585 10018
1585 11765
1585 13531
1586 2519
1586 7012
1586 8720
1587 3222
1587 6536
1588 2574
1588 4628
1588 11282
1588 14201
1589 2167
1589 3308
1589 7088
1589 7122
1589 8176
1589 10643
1589 11257
1589 11868
1589 12200
1589 12217
1590 3090
1590 7303
1590 11881
1590 13186
1591 3512
1591 5558
1592 4860
1592 7404
1593 3656
1593 5001
1593 5252
1593 8026
1594 5454
1594 5686
1594 13647
1595 13963
1596 4868
1596 5777
1596 7126
1596 9540
1597 5701
1597 9828
1597 12477
1598 7035
1598 7777
1598 11611
1600 3865
1600 13143
1601 2937
1602 2585
1602 3641
1602 6728
1603 3155
1603 9785
1604 2925
1604 3037
1604 4636
1604 10775
1604 12777
1605 2699
1605 6473
1605 8906
1605 13267
1606 3454
1606 5397
1606 9994
1607 3225
1607 11106
1608 6907
1608 12184
1609 3685
1609 13012
1610 3831
1611 3572
1611 3711
1611 5626
1611 9393
1611 14129
1612 3270
1612 3275
1612 7222
1612 8968
1613 1870
1613 3001
1613 3068
1613 3896
1614 3167
1614 7921
1614 10816
1614 12458
1615 9075
1615 9207
1615 9815
1615 11263
1615 12097
1616 9457
1617 3413
1617 4794
1617 5378
1617 9510
1618 3585
1618 4603
1618 7608
1618 9299
1618 12243
1619 12136
1620 1886
1620 3508
1620 4577
1620 7954
1620 10500
1621 2045
1621 2622
1621 6475
1622 1660
1622 2141
1622 2928
1622 3099
1622 5464
1622 9459
1622 9823
1622 10381
1622 11012
1623 3098
1623 6992
1623 7338
1623 7957
1623 8152
1623 9357
1623 12733
1624 1775
1624 1935
1624 5511
1624 7593
1625 6083
1625 11894
1626 3147
1626 3532
1626 7241
1627 7308
1628 6716
1628 10402
1629 5788
1629 10023
1630 3584
1631 5229
1631 9332
1631 12237
1632 2153
1632 2961
1632 6143
1632 9917
1632 11674
1632 13311
1633 3702
1633 4725
1634 3871
1634 4031
1634 9576
1635 1776
1635 2473
1635 6012
1635 11398
1635 12315
1636 1657
1636 2111
1636 9043
1636 9050
1637 3413
1637 3775
1637 5287
1637 6840
1638 3402
1638 8446
1638 14349
1639 6289
1639 10062
1639 11348
1640 2095
1640 9987
1640 10920
1640 12311
1640 13279
1641 1730
1641 10521
1641 13838
1642 2477
1642 6355
1642 8372
1642 9195
1643 2527
1643 4610
1643 4694
1643 9102
1643 10051
1643 12786
1644 4813
1644 6572
1644 7714
1645 4864
1645 8926
1645 11522
1645 11578
1646 2001
1646 3258
1646 3381
1646 6831
1647 2313
1647 2816
1647 3162
1647 8764
1647 11545
1647 14132
1648 5193
1648 9302
1649 4772
1649 5101
1649 13876
1650 1885
1650 3191
1650 13626
1651 7378
1651 10121
1652 5811
1652 5974
1653 3507
1653 13626
1654 2412
1654 3655
1654 4189
1654 7141
1654 8861
1655 1992
1655 5721
1655 7013
1656 3912
1656 12653
1657 5380
1657 8104
1657 13813
1658 7346
1658 8185
1658 9696
1658 10584
1659 2336
1659 4191
1659 8190
1659 8857
1659 9671
1659 10146
1659 11797
1660 10044
1660 12182
1660 12467
1661 1713
1661 3909
1661 8387
1661 10562
1661 13930
1661 14218
1662 2810
1662 5143
1662 5615
1662 9681
1662 14018
1663 3449
1663 8705
1663 9890
1664 2149
1664 2824
1664 8631
1664 10417
1664 11530
1665 6465
1666 5732
1667 12820
1667 13004
1668 3507
1668 3622
1668 9413
1668 9926
1668 11459
1668 11671
1668 11738
1668 11947
1669 1917
1669 7780
1670 2317
1670 4105
1670 5500
1670 6774
1670 12635
1670 14032
1671 9717
1671 10409
1672 1773
1672 1808
1672 8099
1672 10043
1672 10290
1673 7195
1673 9119
1673 12056
1674 3652
1674 6665
1675 7042
1675 12657
1676 3421
1676 11672
1676 13059
1677 4547
1677 6143
1677 6428
1677 13740
1678 2986
1678 3477
1678 6655
1678 10908
1678 11808
1678 11824
1679 2529
1679 3585
1679 10025
1679 10545
1679 14120
1680 3853
1680 9753
1680 13387
1681 2202
1681 6049
1681 7497
1682 2001
1682 5184
1682 7919
1682 11256
1682 12924
1683 7197
1683 11900
1683 11952
1684 1950
1684 3054
1684 9273
1684 11253
1684 11474
1684 12978
1685 3576
1685 3606
1685 4429
1685 8119
1685 8532
1686 2114
1686 3918
1687 2558
1687 6286
1687 9500
1687 10227
1688 2667
1688 3056
1688 7172
1688 7396
1688 11866
1689 7570
1689 7600
1690 2123
1690 9680
1690 14229
1691 2185
1691 7881
1691 8169
1691 9204
1691 10260
1692 4717
1692 7452
1692 10094
1693 4875
1693 7874
1693 12847
1693 13806
1693 14078
1694 4253
1695 13189
1696 4128
1696 7244
1696 10263
1696 12722
1697 2723
1697 13117
1698 6175
1698 10048
1698 10549
1698 12707
1698 14315
1699 3943
1699 6056
1699 6815
1700 3288
1700 5425
1700 8225
1700 8717
1701 3216
1703 5366
1703 6806
1703 9936
1704 2143
1704 3192
1704 6644
1704 7107
1704 8777
1704 12011
1704 13783
1704 14069
1705 1869
1705 7096
1705 10441
1705 10610
1705 12861
1706 1861
1706 2111
1706 3098
1706 8829
1706 9482
1706 14024
1707 1748
1707 8113
1707 9495
1707 10366
1708 2137
1708 4310
1708 9851
1709 3173
1709 6424
1709 6720
1709 9511
1710 4250
1710 9626
1711 4905
1711 5450
1711 8387
1711 12914
1712 8615
1712 9717
1713 2365
1713 4373
1713 9754
1713 10129
1713 11509
1713 11858
1713 13714
1714 2452
1714 3827
1714 6007
1714 8394
1714 9539
1715 2610
1715 6866
1715 8189
1715 10942
1716 2219
1716 8559
1716 12475
1716 13849
1717 5768
1717 11052
1717 12461
1717 14073
1718 4944
1718 5488
1718 9625
1718 13792
1719 2152
1719 9493
1719 13075
1720 3788
1720 5979
1720 13011
1720 13160
1721 11940
1721 14033
1721 14198
1722 2432
1722 3994
1723 8160
1724 2065
1724 6011
1724 7761
1724 9816
1725 8085
1725 11008
1725 11204
1726 2409
1726 5244
1726 7119
1726 9570
1726 10488
1727 2751
1727 4148
1727 10118
1727 12624
1728 8386
1728 9890
1728 13599
1729 4378
1729 8349
1730 9210
1732 3962
1732 11358
1733 1835
1733 1913
1733 2915
1733 5444
1733 7087
1733 8169
1733 9618
1733 9841
1733 12214
1733 12492
1733 14101
1734 8086
1734 10504
1734 13206
1735 1853
1735 3750
1735 12121
1736 2485
1737 2318
1737 2634
1737 3216
1737 13567
1738 2731
1738 4351
1738 6301
1738 8066
1738 10435
1739 1780
1739 2345
1739 3071
1739 9186
1740 2491
1740 7940
1740 8532
1740 11805
1741 2433
1741 5230
1741 8835
1742 2956
1742 5189
1742 10394
1743 3653
1743 8825
1743 13224
1743 13729
1743 14279
1744 2385
1744 7989
1744 10778
1745 7512
1745 9198
1745 10903
1746 3534
1746 6480
1747 4614
1747 12827
1747 13102
1748 1776
1748 2142
1748 2287
1748 2294
1748 2648
1748 4088
1748 4257
1748 4847
1748 4983
1748 5003
1748 5586
1748 7644
1749 2018
1749 2421
1749 9722
1749 10725
1749 13649
1750 7149
1750 8968
1750 11413
1750 14053
1751 4495
1752 3536
1752 3595
1752 4435
1753 3224
1753 5460
1754 2973
1754 4000
1754 5168
1754 7896
1754 9251
1755 1933
1755 3245
1755 13918
1755 14291
1756 3111
1756 3835
1756 3927
1756 5834
1756 10550
1756 12998
1757 5312
1758 2324
1758 6131
1758 7547
1759 4525
1759 6384
1760 4941
1760 7828
1761 3678
1761 4946
1761 8839
1761 10221
1761 12409
1761 13997
1762 3383
1762 3395
1762 7451
1762 8412
1762 10824
1762 13141
1763 4595
1763 9338
1763 9517
1764 2935
1764 5591
1765 2394
1765 13248
1766 1798
1766 3173
1766 3435
1766 6409
1766 7378
1766 7426
1766 7561
1766 12857
1767 3955
1767 4934
1767 6476
1767 8900
1768 2082
1768 2937
1768 6560
1768 11843
1769 3469
1769 8333
1769 10848
1770 3440
1770 12340
1770 13780
1771 4456
1771 6402
1771 11347
1771 13221
1772 11028
1772 11604
1772 11852
1772 12938
1773 7141
1773 9837
1774 3081
1774 10387
1774 11717
1775 2894
1775 12795
1776 2670
1776 2791
1776 3111
1776 3670
1776 6048
1776 6598
1776 6726
1776 9917
1776 12558
1776 12579
1776 12719
1777 4027
1777 6341
1778 3294
1778 3318
1778 5428
1778 8903
1778 14203
1779 2311
1779 6160
1779 8625
1779 11286
1780 2673
1780 3628
1781 5776
1781 9205
1782 4172
1782 7215
1782 9147
1782 11535
1783 2064
1783 2305
1783 3224
1784 3322
1784 8514
1785 2025
1785 10438
1786 1853
1786 5157
1786 7527
1786 11362
1786 11741
1786 12391
1787 2165
1787 3484
1787 11558
1788 3240
1789 5820
1789 11409
1789 12193
1789 12564
1789 13526
1790 6761
1791 3538
1791 6190
1791 9736
1792 4699
1792 8110
1792 14356
1793 3204
1793 3963
1793 5855
1793 7184
1794 4090
1794 7117
1795 9752
1796 3634
1796 3663
1796 3830
1796 6661
1796 10673
1796 12533
1797 2546
1797 4553
1797 5408
1797 11287
1798 6296
1798 12197
1798 14260
1799 2856
1799 3317
1799 4911
1799 6998
1799 9236
1800 3549
1800 5040
1800 10499
1801 2807
1801 8162
1801 10122
1801 13022
1802 2638
1802 9632
1802 11755
1802 12170
1803 6530
1803 9861
1803 13040
1803 13615
1804 3534
1804 4861
1804 8915
1804 9864
1804 12493
1804 14338
1805 3094
1805 3974
1805 13058
1806 2575
1806 6337
1806 6718
1807 4603
1808 4430
1808 11536
1808 12147
1808 13548
1809 5777
1809 12695
1810 2530
1810 4882
1810 5465
1810 5504
1810 7645
1810 8489
1810 10084
1810 12275
1810 13114
1810 13431
1811 3819
1811 9435
1811 10439
1811 12346
1811 12573
1811 13246
1811 13319
1812 5743
1812 11678
1812 12984
1813 3120
1813 3371
1813 3425
1813 5201
1813 5628
1813 11250
1813 13166
1813 14330
1814 2023
1814 2782
1814 4627
1814 5419
1814 12582
1815 2095
1815 4732
1815 7766
1816 2551
1816 4666
1816 8717
1816 13191
1817 2853
1817 3105
1817 6039
1817 11783
1817 11949
1817 12682
1817 13104
1818 4663
1818 5990
1818 7982
1818 10733
1818 14189
1819 6859
1819 8407
1819 12927
1820 2599
1820 3434
1820 3849
1820 4178
1820 5137
1820 5550
1820 8029
1820 11259
1820 13162
1820 13580
1821 6136
1821 6149
1821 8957
1821 12706
1822 7961
1822 10141
1822 12377
1823 1895
1823 2377
1823 13729
1824 2191
1824 5069
1824 13318
1824 14359
1825 3516
1825 8444
1826 2342
1826 10960
1827 7772
1828 7120
1829 4091
1829 5089
1829 11354
1830 7263
1830 12221
1831 4386
1831 13610
1831 13975
1832 4768
1832 4817
1832 13424
1833 2057
1833 3654
1833 9805
1834 7367
1834 12745
1835 5171
1835 5928
1835 6906
1835 10403
1836 5240
1836 12052
1837 3414
1837 9836
1838 4254
1838 8783
1838 9963
1839 10278
1840 3867
1840 5764
1840 6544
1840 7380
1840 9917
1841 2707
1841 3824
1841 3880
1841 5132
1841 9541
1841 10182
1842 2761
1842 3002
1842 7650
1842 12725
1843 2246
1843 3117
1843 4075
1843 7383
1843 8288
1843 11249
1843 12676
1844 2098
1844 2610
1844 10657
1845 6294
1845 6554
1845 6659
1845 6893
1845 7807
1845 10583
1845 11116
1845 12036
1845 13397
1846 3889
1846 8400
1847 2287
1847 3377
1847 4839
1847 8737
1847 12007
1848 4203
1848 10921
1848 10924
1848 13794
1848 13946
1848 14211
1849 3911
1849 7707
1849 12075
1849 13491
1850 5738
1850 10499
1850 11418
1850 13120
1851 8335
1851 10721
1851 13927
1852 2136
1852 3743
1852 4382
1852 8683
1852 11958
1852 14346
1853 2627
1853 3541
1853 6624
1853 8584
1854 9643
1854 13603
1855 4728
1855 8367
1855 9290
1856 3073
1856 5539
1856 8599
1857 2160
1857 11913
1858 3321
1858 4964
1859 2334
1859 3789
1859 10174
1859 11537
1860 5109
1860 5277
1860 7002
1860 8842
1860 11929
1860 12403
1861 2343
1861 3319
1861 3653
1861 3929
1861 4125
1861 5847
1861 5939
1861 6356
1861 6519
1861 11991
1861 13187
1861 14069
1862 3499
1862 5057
1862 14304
1863 3781
1863 5636
1864 4137
1864 4910
1864 8652
1865 2409
1865 5621
1865 7729
1865 8143
1865 10058
1865 10326
1865 11237
1865 13167
1866 2756
1866 3553
1866 6091
1866 8545
1866 13440
1867 7916
1867 9892
1868 2975
1868 6860
1868 8489
1868 13670
1869 2286
1869 6255
1869 7971
1869 10046
1869 10913
1870 3712
1870 12677
1870 12749
1871 4985
1871 8050
1872 6456
1872 10807
1872 11174
1872 11861
1873 3411
1873 10006
1873 12916
1874 3883
1874 4490
1874 7306
1874 8338
1874 12494
1874 13073
1875 10545
1875 13871
1876 4722
1876 6374
1876 11322
1876 13825
1877 13145
1878 6638
1878 6782
1878 7076
1878 8518
1878 11733
1879 2375
1879 3694
1880 4151
1881 2868
1881 6027
1881 8003
1881 10405
1882 1970
1882 4312
1882 4658
1882 11224
1882 11711
1882 12991
1883 2057
1883 6441
1883 7064
1883 8488
1883 13922
1884 3626
1884 5167
1884 9398
1885 4285
1886 3908
1886 6030
1886 6044
1886 8191
1886 9552
1886 10383
1886 12147
1886 13121
1887 4028
1887 4393
1887 5401
1888 3244
1889 6569
1889 14112
1890 2525
1890 2809
1890 5262
1890 7317
1890 8194
1890 8657
1890 10487
1890 11518
1890 13256
1891 10774
1891 11015
1892 5240
1892 6364
1892 6391
1892 6914
1892 8264
1892 10699
1892 13020
1893 3474
1893 6439
1894 4896
1894 9294
1895 2336
1895 3708
1895 4852
1895 9238
1896 3342
1896 13064
1897 3982
1897 4399
1898 7732
1898 7921
1898 13710
1899 2819
1899 2943
1900 2299
1900 2497
1900 3711
1900 4074
1900 7922
1900 11242
1901 4235
1901 5990
1901 6867
1901 9528
1901 10493
1902 2664
1902 3314
1902 6532
1902 7443
1902 7815
1902 9470
1903 3166
1903 5365
1903 9216
1903 12112
1903 13690
1904 2029
1904 2928
1904 8128
1905 7814
1905 9448
1906 8683
1906 10749
1906 12540
1906 14104
1907 12399
1908 2262
1908 2566
1908 3033
1908 4889
1908 9995
1908 11920
1908 12814
1909 3437
1910 3613
1910 6583
1910 6780
1910 8436
1910 11625
1911 3540
1912 3650
1913 2347
1913 3310
1913 6853
1914 5707
1914 6838
1914 7384
1914 8575
1914 14023
1915 2343
1915 4043
1915 7198
1915 7831
1915 9902
1915 11229
1916 5801
1916 10306
1916 10483
1916 11976
1917 1935
1917 3159
1917 4646
1917 5570
1917 7816
1917 11102
1917 11235
1917 13117
1918 6561
1918 6699
1918 7961
1918 8267
1918 9992
1918 13316
1919 2236
1919 5647
1919 5815
1919 5999
1919 6200
1919 6772
1919 7254
1919 7937
1919 11638
1919 13335
1920 3633
1920 6041
1920 7983
1920 11011
1920 12369
1921 2457
1922 2805
1922 6034
1922 6692
1922 7764
1922 8892
1923 4556
1923 6515
1923 9361
1923 11240
1923 12625
1924 8621
1924 8957
1924 10321
1924 10981
1925 2940
1925 6230
1925 13577
1926 3101
1926 3596
1926 13081
1927 2717
1927 3031
1927 4011
1928 4521
1928 5796
1928 7211
1928 7302
1928 7844
1928 8533
1928 8726
1928 9705
1928 13698
1929 2809
1929 4155
1929 5820
1929 5909
1929 7330
1929 7793
1929 11441
1929 14021
1930 2017
1930 4103
1931 4094
1931 7582
1931 10484
1931 10830
1931 11053
1932 2093
1932 3104
1932 5383
1932 5894
1932 8000
1932 8212
1932 8358
1932 8677
1932 8749
1932 10962
1933 4501
1933 6842
1934 2090
1935 8268
1936 3778
1936 4678
1936 5609
1936 9591
1936 9796
1936 10413
1936 11627
1937 2063
1937 2549
1937 3707
1937 13486
1938 5688
1938 7806
1938 14330
1940 2257
1940 2748
1940 3326
1940 3794
1940 7981
1940 12981
1941 2614
1941 4001
1941 5996
1941 9651
1942 3811
1942 7076
1943 2598
1943 4079
1943 6765
1945 9142
1945 9614
1945 9721
1945 11582
1945 12553
1946 9208
1946 10468
1946 13852
1947 3322
1947 3837
1947 4788
1947 6900
1948 10527
1949 4171
1949 8627
1950 4615
1951 4267
1951 6759
1951 12325
1951 14345
1953 3195
1953 5671
1953 9742
1954 6728
1954 8885
1954 10423
1954 10962
1954 12523
1954 14249
1955 3996
1955 5145
1956 2182
1956 2511
1957 3613
1957 8336
1957 8551
1958 10820
1958 13121
1959 5867
1959 7960
1959 11082
1960 4736
1960 6169
1960 10444
1960 11580
1960 14034
1961 2657
1961 4202
1961 4347
1962 2792
1962 3236
1962 3241
1962 4851
1962 9087
1962 9710
1962 10775
1963 6776
1963 9210
1963 14336
1964 3011
1965 1998
1965 7961
1966 3456
1966 7524
1966 12542
1966 13950
1968 3191
1968 3567
1968 9068
1968 9793
1968 11628
1969 3520
1969 4025
1969 7350
1969 13129
1969 13937
1969 14321
1970 2795
1970 5500
1970 8659
1970 13361
1971 2188
1971 4374
1972 10713
1972 12939
1974 7588
1974 10782
1974 12205
1975 3009
1975 4491
1975 10946
1976 2641
1976 6646
1976 7361
1977 2704
1977 4211
1977 5345
1977 10918
1978 2528
1978 3342
1978 3374
1978 5957
1978 11808
1979 6075
1979 6979
1979 10320
1979 11326
1979 14006
1980 2563
1980 4489
1981 13552
1982 2160
1982 2618
1982 4451
1983 5908
1983 9021
1984 3203
1984 11074
1984 13113
1985 3678
1985 6016
1985 9271
1985 13627
1986 6619
1986 7273
1986 10177
1986 12050
1986 14320
1987 5186
1987 11833
1988 6859
1988 7006
1989 2441
1989 6785
1989 12103
1990 2914
1990 3901
1990 5288
1990 6648
1990 13954
1991 9598
1991 10281
1991 11944
1991 13641
1992 4519
1992 6557
1993 2371
1993 2398
1993 9283
1993 9436
1994 2323
1994 8756
1994 11871
1995 2223
1995 3023
1995 12173
1996 13062
1996 13674
1997 2487
1997 4924
1997 5205
1997 5432
1997 6209
1997 9575
1997 11028
1997 12353
1997 12753
1997 13946
1997 14297
1997 14323
1998 2843
1998 7068
1998 12921
1998 13660
1999 5358
1999 5945
1999 6275
1999 8415
1999 13607
2000 3906
2000 7655
2000 13754
2001 2267
2001 3432
2001 4315
2001 4796
2001 8576
2001 10989
2002 12709
2003 2855
2003 9858
2003 12735
2004 5970
2005 3223
2005 6135
2006 8597
2007 3676
2007 12603
2008 7817
2008 8206
2008 9183
2008 9607
2008 12507
2009 2607
2009 6117
2010 2796
2010 13562
2010 14135
2011 2559
2011 7476
2011 13055
2012 8908
2012 10535
2013 5681
2013 5735
2013 8763
2013 11522
2013 14319
2014 5155
2014 14272
2015 4593
2015 8475
2016 3626
2016 4487
2016 6089
2016 6157
2016 6809
2016 7359
2016 7361
2016 8525
2016 11451
2016 11662
2016 13763
2016 14333
2017 3560
2017 3705
2017 7718
2018 2184
2018 3048
2018 3757
2018 6768
2018 11494
2019 5962
2019 8503
2019 9168
2019 11353
2019 13343
2020 2118
2020 2280
2020 4150
2020 6417
2020 8588
2020 11530
2021 3208
2021 3869
2021 4179
2021 4412
2021 5083
2021 7167
2021 8382
2022 2389
2022 2852
2022 2889
2022 3187
2022 3913
2022 4257
2022 6734
2022 10222
2022 12248
2022 14027
2023 2986
2023 4191
2023 4222
2025 2120
2025 2278
2025 7351
2025 7966
2026 6458
2026 8441
2026 10505
2026 14079
2027 3943
2027 4008
2027 6411
2027 6448
2027 7773
2028 2591
2028 4379
2028 6510
2028 10183
2028 10730
2028 12717
2028 14115
2029 11658
2029 12164
2029 13575
2030 2307
2030 3111
2030 3990
2030 8407
2030 11791
2031 3094
2031 3731
2031 4753
2031 5072
2031 7107
2032 8906
2032 10199
2032 12710
2033 2490
2033 3384
2033 3628
2033 4070
2033 4430
2033 6654
2033 11049
2033 12464
2034 4014
2034 12039
2035 4556
2035 8264
2035 11923
2035 12544
2035 13829
2036 3130
2036 6085
2037 6483
2037 14280
2038 8692
2038 9863
2038 10087
2038 14167
2039 5120
2039 5811
2039 6942
2040 3782
2040 5879
2040 12941
2041 10414
2041 10714
2041 11507
2042 2758
2042 2918
2042 6148
2042 7525
2042 8997
2042 11477
2043 3279
2043 8156
2043 10930
2043 11135
2043 12529
2043 12629
2044 10293
2044 10790
2045 2534
2045 11311
2046 3105
2046 4807
2046 13020
2046 14171
2048 2714
2048 4371
2049 8901
2049 9028
2050 11250
2051 7121
2051 7302
2051 10473
2052 9451
2052 12954
2053 3715
2054 3279
2054 6994
2054 7209
2054 7788
2054 7885
2054 9378
2054 14162
2055 12708
2056 5149
2056 8770
2056 10539
2056 13533
2057 11887
2057 14020
2058 2614
2058 3938
2058 6717
2058 7653
2058 8582
2058 10504
2059 10524
2060 5386
2060 9327
2060 10451
2060 12256
2060 12838
2061 4242
2061 6066
2061 8942
2061 10591
2061 12782
2062 12456
2063 3103
2063 9147
2063 9324
2064 8443
2064 8728
2064 8903
2065 2282
2065 3368
2065 6461
2065 7422
2066 3864
2066 4750
2066 8956
2066 10586
2066 11264
2067 5566
2067 13172
2068 8372
2069 3365
2069 6390
2069 7433
2069 9385
2070 3564
2070 7466
2070 7880
2070 10786
2070 11058
2070 12929
2071 3401
2071 3674
2071 6722
2071 10943
2072 2634
2072 2777
2072 5813
2072 8225
2072 13964
2073 7112
2073 13021
2074 3979
2074 6441
2074 8575
2074 10889
2075 2364
2075 5553
2075 12860
2075 14206
2076 8216
2076 11195
2076 11355
2076 13322
2076 13945
2077 3628
2077 10687
2078 7651
2078 13875
2079 2730
2079 10274
2080 4555
2080 8045
2080 14242
2081 4202
2081 7759
2081 13277
2082 12368
2083 2171
2083 5719
2083 6043
2083 12743
2083 13634
2084 3671
2084 4323
2084 13071
2085 9523
2085 10154
2086 7360
2086 10518
2086 12514
2087 4161
2087 10534
2087 13380
2088 2403
2089 3338
2090 5287
2090 13385
2091 3793
2091 8015
2091 8742
2091 10695
2091 12353
2091 12975
2092 7609
2092 9580
2093 3390
2093 4500
2093 4876
2093 14084
2094 2712
2094 9915
2094 10588
2095 3150
2095 4571
2095 9169
2095 10745
2095 12862
2095 14278
2096 4460
2096 4913
2096 12637
2097 13616
2098 2646
2099 2447
2099 3868
2099 4743
2099 5051
2099 5192
2099 9267
2099 9629
2100 5759
2100 13931
2101 4207
2101 6990
2101 10841
2101 14353
2102 4953
2102 6513
2102 8491
2102 9567
2102 10955
2102 12306
2102 13525
2103 3737
2103 3748
2103 9512
2103 11019
2103 11597
2103 12762
2104 2151
2104 11191
2104 11213
2104 14034
2105 8749
2106 11331
2106 12820
2107 3132
2107 5733
2107 8568
2108 2529
2108 3338
2108 5183
2108 10101
2108 10588
2108 11669
2108 12300
2108 13579
2109 2215
2109 3415
2109 4735
2109 9199
2109 11890
2109 14173
2110 3050
2110 4062
2110 4206
2110 5973
2110 5997
2110 9749
2111 6666
2111 7641
2111 8477
2111 11624
2112 4558
2112 7394
2112 8903
2112 10794
2112 11898
2112 12666
2114 2939
2114 6331
2115 2953
2115 3025
2115 4465
2115 8116
2115 11688
2116 5470
2116 13551
2116 13718
2117 11149
2117 12850
2118 3212
2118 7230
2118 12572
2119 6191
2119 6357
2119 10067
2119 11595
2120 2898
2120 9155
2120 12206
2121 2312
2121 3293
2121 3711
2122 7520
2122 9563
2123 10286
2123 11313
2123 13141
2124 8089
2124 11504
2125 2258
2125 2643
2126 3229
2126 7163
2127 5852
2127 12228
2128 5238
2128 5259
2128 8599
2128 10630
2128 12682
2129 9302
2129 9399
2129 9961
2130 3651
2131 3459
2131 4873
2131 8396
2131 14031
2131 14315
2132 2324
2132 6693
2132 14214
2133 4005
2134 10057
2134 12014
2134 13166
2135 3366
2135 5422
2135 5522
2136 3413
2136 3856
2136 12301
2136 13694
2137 2652
2137 6009
2137 9596
2137 9733
2138 2161
2138 2377
2138 3098
2138 3693
2138 4015
2138 5830
2138 11222
2138 12418
2138 12824
2138 12951
2138 13728
2139 6271
2139 8336
2139 9337
2139 12462
2140 4865
2140 6155
2140 8786
2140 8942
2140 12093
2140 13900
2141 3229
2141 3278
2141 11497
2141 12617
2142 11184
2142 13537
2142 13779
2143 14342
2144 5236
2144 6151
2145 7738
2145 12396
2146 2186
2146 3713
2146 7107
2146 7157
2146 8101
2146 9121
2146 13958
2147 5554
2148 4585
2148 5483
2148 9912
2148 11833
2149 4369
2149 6514
2149 8580
2149 11935
2150 3376
2150 4959
2150 7098
2150 8127
2151 2825
2151 4159
2151 5644
2151 10617
2151 10749
2151 10973
2151 13861
2152 3876
2152 10718
2152 12274
2153 5440
2153 5465
2154 2800
2154 7808
2155 3216
2155 3541
2155 9529
2156 3130
2156 3980
2156 5929
2157 12622
2158 9349
2158 12377
2158 12971
2158 14031
2159 7267
2159 9421
2160 10674
2160 14093
2161 4232
2161 6823
2162 9697
2162 12497
2163 2343
2163 3667
2163 4186
2163 7182
2163 14009
2164 2315
2164 3296
2164 4858
2164 7728
2164 12358
2165 5391
2165 5892
2165 6780
2166 3100
2166 3670
2166 5719
2166 7402
2166 8030
2166 9375
2166 10047
2167 2714
2167 3481
2167 5644
2168 2721
2168 3306
2168 3791
2168 4491
2168 6734
2168 6830
2168 8727
2168 10281
2168 13030
2169 2823
2169 3969
2169 7229
2170 2636
2170 4552
2170 4590
2170 6395
2170 12363
2171 10949
2171 14063
2172 5236
2172 5794
2172 11555
2172 12564
2172 13318
2173 3508
2173 9103
2173 10659
2174 3456
2174 8806
2174 10113
2174 12334
2174 14189
2175 3137
2175 5248
2175 6392
2175 6873
2175 10657
2175 10793
2175 11297
2175 13183
2175 13383
2175 14156
2176 2600
2176 6288
2176 10140
2176 11676
2176 14175
2177 2244
2177 5789
2177 8341
2177 11082
2177 12439
2178 3563
2178 4278
2178 4479
2179 2662
2179 2831
2179 2900
2179 4689
2180 2836
2180 3131
2180 11692
2180 14285
2181 4022
2181 4847
2181 9166
2181 9510
2181 13608
2182 2805
2182 3165
2182 8895
2182 13288
2183 2809
2184 3362
2184 7017
2184 9914
2184 10208
2184 11077
2184 13748
2186 2729
2186 6171
2186 7855
2186 8235
2186 8887
2186 10568
2186 12788
2187 5608
2187 8374
2187 9143
2187 9433
2188 5533
2188 7616
2188 11179
2189 2426
2189 4105
2189 7075
2189 8527
2189 8618
2189 12921
2190 2258
2190 6200
2190 7145
2190 9751
2190 10360
2190 12674
2191 7909
2191 10351
2192 4854
2192 5860
2192 7810
2192 10332
2192 11049
2192 13468
2193 2477
2193 3073
2193 10783
2193 12994
2194 12425
2194 12623
2194 14361
2195 3643
2196 2264
2196 3759
2196 9327
2197 6540
2197 8046
2198 3284
2198 13508
2199 2703
2199 7363
2200 7677
2200 8011
2201 2355
2201 4866
2201 11234
2203 3884
2203 4141
2203 13814
2204 3312
2204 5392
2204 6392
2204 6948
2204 8790
2204 9406
2204 10849
2204 11881
2204 12893
2205 7256
2206 5102
2206 5566
2206 8907
2206 9983
2207 2459
2207 8180
2207 12287
2208 2641
2208 4869
2208 8130
2208 10414
2208 14096
2209 2971
2209 3850
2209 11210
2210 2417
2210 2693
2210 6350
2211 5503
2211 5700
2211 8134
2211 8993
2211 10124
2211 13070
2212 3563
2212 4006
2212 5428
2212 6919
2212 7288
2212 8932
2212 10836
2212 11330
2212 13511
2213 5967
2213 6819
2213 7140
2213 12918
2214 7824
2214 9102
2215 6068
2215 9289
2215 11766
2216 2779
2216 4315
2216 4820
2216 6407
2216 10181
2217 6336
2218 3584
2218 5110
2218 13464
2219 11119
2219 12444
2219 12900
2219 14253
2220 7765
2221 13648
2222 8108
2223 3458
2223 8106
2223 8865
2223 14116
2224 2628
2224 3309
2224 6156
2224 7348
2224 8785
2224 13550
2224 13658
2225 7367
2225 7815
2225 8105
2225 10541
2225 13490
2226 4836
2226 8743
2226 9988
2226 12756
2227 2949
2227 3495
2227 9467
2227 13063
2228 2864
2228 11864
2228 11959
2228 12940
2229 3176
2229 3420
2230 7378
2230 8696
2230 11112
2231 8554
2232 5322
2232 10062
2232 11078
2233 2768
2233 7127
2233 8745
2233 10407
2233 12750
2233 13696
2233 14040
2234 4140
2234 11314
2234 12748
2234 13472
2235 3468
2235 4145
2236 8043
2237 2882
2237 6847
2237 9446
2237 10439
2238 3336
2239 3280
2239 3614
2239 9726
2240 4721
2240 10224
2241 7635
2241 9450
2242 5248
2242 9007
2242 11698
2242 14022
2243 3232
2243 3544
2243 9770
2244 2484
2244 7077
2245 10611
2245 11338
2246 4874
2246 7798
2246 11347
2246 11699
2247 3033
2247 10003
2247 12202
2248 2923
2248 7617
2248 11223
2249 5395
2249 5466
2249 7613
2249 9757
2249 13165
2250 3703
2250 5370
2250 12826
2250 13518
2251 7028
2251 11445
2252 10961
2252 11530
2253 3433
2253 6454
2253 6628
2253 7585
2253 7898
2253 8555
2253 10316
2255 4902
2255 7046
2255 8047
2255 8304
2256 6062
2256 8659
2256 10661
2256 13015
2256 14254
2257 6463
2257 7745
2257 12682
2257 12874
2257 14316
2258 6335
2259 10861
2260 2923
2260 7046
2260 10194
2260 12427
2260 12625
2261 3517
2261 8966
2261 13375
2262 5114
2262 7081
2262 7979
2263 5403
2263 6450
2263 11135
2263 11526
2264 2898
2264 13264
2265 3678
2265 6538
2265 8082
2265 9431
2265 11000
2266 3335
2266 5671
2266 7174
2266 13816
2267 3378
2267 3777
2267 7356
2269 7273
2269 9334
2269 11837
2269 14018
2270 6824
2270 7432
2270 12490
2270 12499
2270 13272
2271 3662
2271 11176
2272 4161
2272 4917
2272 9894
2272 10569
2272 12361
2273 8966
2273 11674
2273 12779
2274 2298
2274 13457
2275 10410
2275 14165
2276 10368
2276 14144
2277 2401
2277 5289
2277 5517
2277 6709
2277 7307
2277 12658
2278 3603
2278 5958
2278 7987
2278 9577
2278 13234
2279 7916
2280 10746
2280 11831
2280 12211
2281 7403
2281 8690
2281 9049
2281 12617
2282 13202
2283 3299
2283 7943
2283 11054
2284 3211
2284 3364
2284 4126
2284 5940
2284 6167
2284 11425
2284 13027
2284 13476
2285 10243
2286 7515
2286 8842
2286 10728
2286 13228
2287 4968
2287 9995
2287 12182
2288 13100
2289 13353
2289 14334
2290 3013
2290 14143
2291 2957
2291 7544
2291 7558
2292 8083
2292 9494
2292 13251
2292 13304
2293 11738
2294 6751
2294 12740
2295 6192
2295 9714
2295 10865
2296 6020
2296 6788
2297 2606
2297 7741
2298 3935
2298 5740
2298 6528
2298 10132
2298 11038
2298 11426
2299 3188
2299 5101
2299 7004
2299 13707
2300 8595
2300 12430
2301 3753
2301 8806
2301 11336
2302 3854
2302 5536
2302 6120
2302 7395
2302 9434
2302 12577
2302 13141
2302 13788
2302 14254
2303 4997
2303 5370
2303 5476
2303 5503
2303 8641
2303 9490
2303 9713
2303 10810
2303 12039
2303 13730
2304 5212
2304 5321
2304 5382
2304 10555
2305 5250
2305 6096
2306 4078
2306 4254
2306 4523
2306 5171
2306 11418
2307 5568
2307 9250
2307 11074
2307 13158
2308 7410
2308 10098
2308 10607
2308 12098
2309 2630
2309 7748
2309 12041
2309 13360
2310 5599
2310 12181
2311 2788
2311 2845
2311 3565
2311 4267
2311 5184
2311 6850
2311 12609
2312 7797
2312 7836
2312 11431
2313 6413
2313 11379
2314 2558
2315 8750
2315 11053
2316 4296
2316 8748
2316 10695
2317 3265
2317 3849
2317 4976
2317 12328
2317 12364
2318 3007
2318 6116
2318 14213
2319 9308
2319 11588
2320 3457
2320 6857
2320 7029
2321 2540
2321 3147
2321 3326
2321 4136
2321 5172
2321 10034
2321 11909
2322 6072
2322 6308
2322 8342
2322 9445
2322 12571
2322 13755
2323 4730
2323 10008
2324 3135
2324 5850
2324 8344
2324 9775
2324 10628
2324 10739
2324 12178
2325 6109
2325 7011
2325 7518
2325 12516
2325 12526
2326 3105
2326 3444
2326 14138
2327 2813
2327 4086
2327 4863
2327 5507
2328 6524
2328 13697
2329 3407
2329 7227
2329 8409
2329 10138
2330 4322
2330 11365
2331 5865
2331 5914
2331 7662
2331 14012
2332 4339
2332 4865
2332 11704
2332 12533
2333 3811
2333 3880
2333 6127
2333 11554
2333 13583
2334 6371
2334 6733
2334 9712
2334 13009
2335 2975
2335 3705
2335 4078
2335 7357
2335 7970
2335 13008
2336 11972
2337 4897
2337 12753
2338 2434
2338 4663
2338 5540
2338 7161
2338 7492
2338 7790
2338 9203
2338 11577
2339 4132
2339 7280
2339 11959
2340 6339
2340 7025
2340 7867
2340 9802
2340 10660
2340 12689
2341 5519
2341 11333
2341 13066
2341 13105
2341 13267
2342 12255
2342 12551
2344 6540
2344 9145
2344 10629
2344 11068
2345 2414
2345 8277
2345 10150
2345 11662
2346 4958
2346 5672
2346 8199
2346 8245
2346 10195
2347 3824
2347 10077
2348 3910
2348 9071
2349 6168
2349 8039
2349 9063
2349 14021
2349 14197
2350 7196
2350 7930
2350 12851
2351 8185
2351 12090
2352 7069
2352 11327
2352 11560
2353 2797
2353 10027
2353 10039
2353 10530
2353 12853
2353 13021
2353 13764
2355 2778
2355 4322
2356 4702
2357 12049
2358 2658
2358 7091
2358 11497
2358 12485
2358 12753
2358 14202
2359 6157
2359 6903
2359 7427
2359 11035
2360 3885
2360 4098
2360 6736
2360 8561
2361 3950
2361 4063
2361 4149
2361 11712
2361 12682
2361 14340
2362 4374
2362 6803
2362 7766
2362 8508
2363 4885
2363 6321
2363 11371
2363 11503
2363 14250
2364 8062
2364 12092
2365 3404
2365 10939
2366 3930
2366 7403
2366 7489
2366 9897
2367 5026
2367 14253
2368 4518
2368 6437
2368 8262
2368 14119
2369 6853
2370 2785
2370 12497
2371 8588
2372 8839
2373 3949
2373 4965
2373 7086
2373 8326
2373 8335
2373 11633
2373 13295
2374 2552
2374 6791
2374 7516
2375 3063
2376 2679
2376 5394
2376 7043
2376 11588
2376 13895
2377 4969
2378 9397
2379 4010
2379 7050
2379 9129
2379 9228
2379 10762
2379 12602
2379 13733
2380 2603
2380 2724
2380 3896
2380 5996
2380 11727
2381 7108
2381 14153
2382 2679
2382 8417
2383 2934
2383 3867
2383 5081
2383 10230
2383 11790
2383 12243
2384 7322
2384 10831
2385 3339
2385 3516
2385 7870
2385 12272
2386 2993
2386 5946
2386 6482
2387 5799
2387 7760
2387 10710
2387 10781
2388 5443
2388 7009
2388 8215
2388 10977
2388 13463
2389 5987
2389 7890
2389 10389
2390 3763
2391 3287
2391 6631
2391 6743
2391 7425
2391 9382
2392 2896
2392 6738
2392 8430
2392 10077
2393 10973
2393 11266
2394 3412
2394 5241
2394 9133
2394 10111
2394 12441
2395 2680
2395 5640
2395 10616
2395 11956
2395 13943
2396 3767
2396 6705
2396 10005
2397 5783
2397 8991
2397 10197
2398 9826
2398 9882
2399 2457
2399 13969
2400 8189
2400 10000
2400 10099
2401 2587
2401 3093
2401 4342
2401 9481
2401 10299
2401 11183
2401 12696
2401 13245
2402 10726
2402 13541
2403 2795
2403 4770
2403 5999
2403 7755
2403 8729
2403 12201
2403 12537
2404 2631
2404 2638
2404 3000
2404 3203
2404 9010
2404 11591
2404 11769
2404 11820
2404 13522
2404 13685
2405 5110
2405 6457
2405 7465
2406 6166
2406 12041
2406 12966
2407 3530
2407 4917
2407 4932
2407 9150
2407 13108
2408 7492
2408 12230
2409 2416
2409 8458
2410 3439
2410 3512
2410 13971
2412 13857
2413 5362
2413 7414
2413 11609
2413 12927
2413 13268
2414 12823
2415 10736
2415 11640
2416 3606
2416 5493
2416 14152
2417 3293
2418 12764
2419 8889
2420 12411
2420 13442
2421 4373
2421 6145
2421 6616
2421 7827
2421 11816
2422 5160
2423 6910
2423 9673
2423 9731
2423 10215
2424 3576
2424 8422
2424 12476
2424 13874
2424 13969
2425 5722
2425 13886
2426 3398
2426 7795
2426 9338
2426 11917
2427 4061
2427 6131
2428 3683
2428 9770
2428 9874
2428 10271
2428 11057
2428 12633
2429 5308
2429 7785
2429 7985
2429 8613
2429 10294
2430 2771
2430 4167
2430 13092
2431 6970
2432 6119
2432 7107
2432 11754
2432 12997
2433 8818
2433 12097
2434 7962
2434 9976
2434 11943
2435 6922
2435 8938
2435 11107
2436 6215
2436 8690
2436 10386
2437 2952
2437 3300
2437 13113
2438 2673
2438 3261
2438 13148
2439 9269
2439 10644
2440 5204
2440 6030
2441 4105
2441 11974
2442 7136
2442 9295
2443 5591
2443 6344
2443 8815
2444 3595
2444 3686
2444 3956
2444 10871
2444 13220
2444 14237
2445 3720
2445 6633
2445 14234
2446 12732
2447 8493
2447 11400
2447 12443
2447 13648
2448 7705
2448 7980
2448 10092
2449 12186
2450 12574
2451 6725
2451 8313
2452 11944
2453 6523
2453 10111
2453 11279
2454 7614
2455 3446
2455 11639
2456 6183
2456 8979
2457 3190
2457 5000
2457 7921
2457 10059
2457 10927
2458 3875
2458 4459
2458 9460
2459 5760
2459 6837
2459 9505
2459 11061
2460 5288
2460 10190
2460 10247
2461 10535
2461 11875
2462 4334
2462 6622
2463 3958
2463 10128
2463 10677
2464 3920
2464 4066
2464 4451
2464 7373
2464 7521
2464 7824
2464 14071
2465 6058
2465 6907
2465 9822
2465 10758
2466 5663
2466 13759
2467 2994
2467 4161
2467 11962
2467 12223
2468 12758
2469 6802
2469 8019
2469 12629
2470 2848
2470 6417
2471 7463
2471 10471
2472 5589
2472 5592
2472 12537
2472 13335
2473 5173
2473 5942
2473 8011
2474 12859
2474 13845
2475 6336
2475 6487
2475 9570
2475 12460
2476 8085
2477 5329
2477 6297
2477 7632
2477 9910
2477 9987
2477 11011
2477 13790
2478 11613
2479 2522
2479 8099
2480 8187
2481 5588
2481 7679
2482 3153
2482 4736
2482 10800
2482 13502
2483 4356
2483 9944
2484 4831
2484 8467
2484 14104
2485 5231
2485 7105
2485 8899
2486 3367
2486 5705
2486 6197
2486 6580
2486 8092
2486 8138
2486 10206
2486 11872
2486 12291
2487 10563
2488 2866
2488 6857
2488 11809
2489 4538
2489 11159
2489 12893
2491 8147
2491 9725
2491 11039
2491 13291
2491 13903
2492 2732
2492 3627
2492 7174
2492 9032
2492 9457
2492 9770
2492 10053
2492 11534
2492 11703
2492 12796
2493 4642
2493 8633
2493 11023
2493 12232
2493 14255
2494 5562
2494 7986
2494 8061
2494 10432
2494 10868
2494 13093
2495 10897
2496 6081
2496 7708
2496 13370
2497 3877
2497 4463
2497 4642
2497 10907
2498 5242
2498 8850
2498 10616
2499 4332
2499 9709
2500 3690
2500 5666
2500 11932
2501 3105
2501 6189
2502 3666
2502 4002
2502 7222
2503 2904
2503 6105
2503 6725
2503 9059
2503 9427
2503 12600
2504 9738
2504 11921
2504 13343
2504 14075
2505 8804
2505 11148
2506 4814
2506 8992
2506 9497
2506 10315
2506 14064
2507 9994
2508 2539
2508 5501
2508 7002
2509 5053
2509 10106
2509 13811
2510 4904
2510 5910
2510 7259
2510 9592
2512 7740
2512 10422
2512 11331
2513 2790
2513 3567
2513 8325
2513 8934
2513 8961
2513 10873
2513 12727
2514 6589
2514 13196
2514 13618
2515 4558
2515 7402
2515 7461
2515 9360
2515 10314
2515 10469
2515 13784
2516 3389
2516 9410
2516 10644
2516 13379
2517 7708
2517 11557
2518 3278
2518 3774
2519 4218
2519 7440
2519 13319
2519 14169
2520 4610
2520 6495
2520 7638
2521 6058
2521 9079
2521 10756
2521 12849
2521 13017
2522 2716
2522 4884
2522 9076
2523 3706
2523 3730
2523 4499
2523 7118
2523 12037
2525 7871
2525 8145
2525 9565
2525 11402
2526 4674
2526 11451
2526 12678
2527 6572
2528 3040
2528 5632
2528 6361
2528 11841
2529 4333
2529 4785
2529 9877
2530 7691
2530 10240
2530 12317
2531 6525
2531 6939
2531 7799
2532 7016
2532 13199
2532 13822
2533 2619
2533 5083
2534 8528
2534 10896
2535 2867
2535 3249
2535 5536
2535 10875
2535 13573
2536 12764
2536 14303
2537 6420
2537 11714
2538 8003
2538 8731
2538 10010
2538 10915
2538 11651
2539 12732
2540 5536
2540 5849
2540 6458
2540 8480
2540 9567
2540 10220
2540 12282
2540 12485
2541 8121
2541 12942
2542 5220
2542 5352
2542 10554
2542 13953
2542 14050
2543 5627
2543 5749
2544 9550
2544 10583
2544 12029
2545 9958
2546 7605
2546 8898
2546 11738
2546 13015
2547 6109
2547 8720
2548 3125
2548 8154
2549 2945
2549 3642
2549 3977
2549 4533
2549 6218
2549 9623
2549 9956
2549 10358
2549 11450
2550 7702
2550 9649
2550 10029
2550 11167
2551 3519
2551 5947
2552 4724
2552 10526
2552 13763
2553 8716
2554 5686
2554 9928
2554 10621
2555 6027
2556 3069
2556 4478
2556 11229
2556 11780
2557 3723
2557 4221
2557 5022
2558 10430
2559 3145
2559 9709
2559 11888
2560 10281
2561 5830
2561 12542
2562 2588
2562 7367
2562 8084
2562 8213
2562 8581
2562 11355
2562 12816
2563 8650
2563 9071
2563 11240
2564 3447
2564 6709
2564 8782
2564 9395
2565 7569
2565 10412
2566 3231
2566 4325
2566 13404
2566 13449
2567 3816
2567 12353
2568 2861
2568 3379
2568 7671
2568 13094
2569 5023
2569 13007
2569 13227
2570 3054
2570 4010
2570 4995
2570 7388
2570 8719
2571 2681
2571 6348
2571 12800
2571 13722
2572 3201
2573 2990
2573 5483
2574 4043
2574 11266
2575 3518
2575 3863
2575 8489
2575 13529
2576 6348
2576 13820
2577 2963
2577 5088
2577 6779
2577 7639
2577 8516
2577 8794
2577 11401
2577 13202
2577 13853
2578 5690
2578 7314
2578 7553
2578 10264
2578 10682
2578 12677
2578 13015
2578 13960
2579 8730
2579 11870
2580 7337
2580 13832
2581 9749
2581 11125
2582 8157
2582 9684
2582 10418
2582 12316
2582 14346
2583 4447
2583 6611
2583 8273
2583 9004
2583 11752
2583 12502
2584 5810
2584 7284
2585 2923
2585 7885
2586 3878
2586 7815
2586 9725
2587 4290
2587 9257
2587 9731
2587 11731
2587 13519
2588 9773
2588 11015
2589 8374
2589 12437
2590 2776
2590 11812
2591 4037
2591 4819
2591 6654
2591 11060
2591 11804
2592 11761
2593 3119
2593 8229
2593 8914
2593 12395
2595 3952
2595 7427
2595 9388
2596 3014
2596 4309
2596 7447
2596 8396
2596 9121
2596 9386
2597 3619
2597 10186
2598 6304
2598 11674
2598 13476
2598 13713
2598 14067
2599 6018
2599 12333
2599 12359
2600 3234
2600 11693
2601 6108
2602 3311
2602 5044
2602 7126
2602 11951
2603 2639
2603 12345
2604 3109
2604 4527
2604 4978
2605 5297
2605 10044
2605 10494
2605 12125
2605 12225
2605 13933
2606 7175
2606 7721
2606 7759
2606 8626
2607 9789
2608 3861
2608 8145
2609 11575
2609 12604
2610 8910
2611 3888
2611 13643
2611 14264
2612 8687
2612 10266
2613 4044
2613 4883
2614 9968
2614 11207
2615 12172
2616 4166
2616 5306
2616 7742
2616 8445
2616 12739
2616 13325
2616 14155
2617 3320
2617 3428
2617 11866
2617 14279
2618 7912
2618 13039
2619 4008
2619 10948
2620 8320
2621 9321
2621 10681
2621 12411
2622 2688
2622 3895
2622 5716
2623 2800
2623 3110
2623 5800
2623 8716
2623 10934
2623 12239
2623 13602
2624 4214
2624 4258
2624 5522
2624 7508
2624 13271
2624 14068
2625 3439
2625 3688
2625 6960
2625 7283
2625 10693
2625 12764
2625 13192
2626 3875
2626 4343
2626 5170
2626 5708
2626 10602
2626 14312
2627 3985
2627 4169
2627 5005
2627 8901
2627 13881
2628 10113
2628 14106
2628 14319
2629 4134
2629 11073
2630 5864
2631 4783
2632 6297
2632 9029
2632 10386
2633 3923
2634 7122
2634 10210
2634 11330
2634 12956
2635 12624
2636 14356
2637 2942
2637 10223
2637 11363
2637 13646
2637 13992
2638 6403
2639 14320
2640 6694
2640 11340
2640 13059
2640 13600
2641 4623
2641 6271
2641 14073
2642 13653
2642 13963
2643 7327
2643 7500
2643 14352
2644 4540
2644 9019
2644 13653
2645 3032
2645 3725
2645 4151
2646 3641
2646 4095
2646 4245
2646 4257
2646 5314
2646 5604
2646 6319
2646 7668
2646 9685
2646 14088
2647 7179
2648 7343
2649 4847
2649 7766
2649 12397
2649 12530
2649 12880
2650 3375
2650 5490
2650 10835
2651 5250
2651 5902
2651 9259
2651 14053
2651 14079
2652 11195
2652 12860
2653 6982
2653 8791
2654 8729
2654 14044
2655 4225
2655 4341
2655 4344
2655 11194
2656 3777
2656 11700
2657 10675
2658 3098
2658 11487
2659 7320
2659 10514
2660 3647
2660 5456
2661 3723
2661 5065
2661 5128
2661 11766
2662 3767
2662 4894
2662 12332
2663 3860
2663 7337
2663 10816
2663 12243
2663 12872
2664 4813
2664 8933
2664 9150
2664 10281
2665 3507
2665 5640
2665 8601
2665 10929
2665 12038
2665 13613
2666 2821
2666 4064
2666 5988
2666 9252
2667 7925
2667 11855
2667 12248
2668 9190
2668 10127
2668 11181
2668 12996
2668 13318
2669 3263
2669 9823
2670 5056
2670 8732
2670 8908
2670 8988
2670 12465
2670 13787
2671 3943
2671 4086
2671 12192
2671 12367
2671 12738
2671 14163
2672 5832
2672 12958
2672 13111
2672 13297
2672 14294
2673 4039
2673 6758
2673 9074
2673 9721
2673 9743
2673 9786
2674 2981
2674 10360
2674 12057
2675 4334
2675 4375
2675 10564
2675 12331
2676 3507
2676 4912
2676 8847
2676 12218
2678 4864
2678 5570
2678 6141
2678 10662
2678 12878
2679 3309
2679 12549
2680 3155
2680 11114
2681 3201
2681 14200
2682 3859
2682 4275
2683 5233
2683 6499
2683 7929
2683 11524
2683 11613
2683 12995
2683 13001
2684 3498
2684 4201
2684 10177
2685 2782
2685 3393
2685 3469
2685 6801
2685 9367
2686 4648
2686 8640
2687 3599
2687 5439
2687 8345
2688 6043
2688 8215
2688 8777
2688 9176
2688 11444
2688 11956
2688 13113
2689 5745
2690 2825
2690 13729
2690 14052
2690 14215
2691 8655
2691 8699
2691 10972
2691 11887
2692 5931
2692 7700
2693 3485
2693 3717
2693 5184
2693 7582
2693 8934
2693 11413
2693 12433
2693 12835
2693 12970
2693 13149
2694 4946
2694 8009
2694 9208
2694 11368
2694 12065
2694 13444
2695 3688
2695 5827
2695 6990
2695 7891
2695 10904
2695 12887
2696 3125
2696 4386
2696 5320
2696 10819
2696 14078
2697 9732
2697 14074
2698 2976
2699 9704
2699 12586
2700 8799
2700 11734
2701 5818
2701 10722
2702 3445
2702 4529
2702 9034
2703 5853
2703 11012
2703 11840
2703 12447
2703 12786
2703 13819
2704 5427
2704 10096
2704 10498
2705 3417
2705 5076
2705 7529
2706 8669
2706 11548
2706 11666
2707 6810
2707 7738
2707 10472
2708 6986
2708 7087
2708 12091
2709 4340
2709 6852
2709 8663
2709 9335
2709 10210
2710 3806
2710 8678
2710 10509
2711 4450
2711 9315
2711 12811
2712 4341
2712 5439
2712 8164
2712 11462
2712 11501
2712 12489
2712 13770
2713 3135
2713 3158
2713 7518
2713 11819
2713 13407
2714 3165
2714 13974
2715 3354
2715 5023
2715 12481
2716 7087
2716 10718
2717 3005
2717 3096
2717 5538
2717 6454
2717 10130
2717 11721
2718 2782
2718 3889
2718 11872
2719 6679
2719 7283
2719 7857
2719 8111
2720 5539
2720 6063
2720 7606
2720 12654
2721 2907
2721 6374
2721 7253
2721 12701
2722 5436
2722 6776
2723 7295
2723 8784
2723 13990
2724 3817
2724 12410
2725 3105
2725 3835
2725 4282
2725 9428
2725 11020
2726 5684
2727 6950
2727 7027
2727 8807
2728 3166
2728 7055
2729 7790
2730 2936
2730 5213
2730 6930
2730 7161
2730 9801
2730 10075
2730 10547
2730 12249
2730 14342
2731 13006
2733 6636
2733 13933
2734 3162
2734 9360
2734 10179
2735 5538
2735 5987
2735 7132
2736 4161
2736 7903
2736 9583
2736 11771
2736 12235
2737 2891
2737 8878
2738 5293
2738 9641
2738 11982
2738 12568
2740 3917
2740 6482
2740 7558
2741 5966
2741 7505
2741 12229
2742 13407
2743 6014
2743 10244
2743 10631
2744 8112
2744 11011
2744 11880
2745 5191
2745 5358
2745 6348
2745 12625
2746 3160
2746 5091
2746 5106
2746 10827
2747 4024
2747 9161
2748 6877
2749 8928
2749 12507
2750 2903
2750 3976
2750 10037
2750 10215
2750 10713
2750 13462
2751 7591
2751 9670
2752 2841
2752 3853
2752 5325
2752 6997
2752 7953
2752 14327
2753 3088
2753 3570
2753 3933
2753 4536
2754 6117
2754 6211
2754 7438
2755 7112
2755 8472
2756 6291
2756 7453
2756 12156
2756 12944
2757 2839
2757 6073
2758 10432
2758 13029
2758 13873
2759 10264
2759 10859
2759 11224
2759 11522
2759 13830
2760 8258
2760 8427
2760 10053
2761 2929
2761 6051
2761 14099
2762 7607
2762 12261
2762 13166
2763 4395
2763 5543
2763 9784
2764 3466
2764 8913
2764 10531
2764 10639
2764 11395
2765 3867
2765 6649
2765 12137
2765 12155
2766 11700
2767 3209
2767 14222
2768 3801
2768 6021
2768 9660
2768 13721
2769 3215
2769 4364
2769 7877
2769 9840
2770 10390
2770 11092
2770 12596
2770 12766
2771 5959
2771 9396
2771 9811
2772 11174
2772 13728
2773 6305
2773 7499
2774 6601
2774 7461
2775 3363
2775 3370
2775 4690
2775 5523
2776 4248
2776 6585
2777 4480
2777 4857
2777 5945
2777 6617
2778 5971
2778 7859
2779 3650
2779 3940
2779 3994
2779 5376
2779 8992
2779 11262
2779 12383
2780 3928
2780 7490
2780 13601
2781 8902
2782 9331
2782 11979
2782 12854
2783 7450
2783 9504
2783 11708
2783 14085
2784 6385
2784 10053
2785 5607
2785 5841
2785 13140
2786 4591
2786 6542
2787 3197
2787 6254
2787 8236
2787 11619
2787 11640
2788 3083
2788 4030
2788 9276
2789 6509
2789 7496
2789 11688
2789 11786
2791 6361
2791 9104
2791 9546
2791 13052
2791 13694
2793 3839
2793 6518
2793 6553
2793 9132
2794 3653
2794 6722
2794 9885
2794 11133
2795 4595
2795 5869
2795 6957
2795 9838
2795 10900
2795 11444
2795 11681
2796 12945
2797 8566
2798 3420
2798 5319
2798 10182
2798 10940
2798 13895
2799 6857
2799 7958
2799 11761
2800 3688
2800 8406
2800 9026
2800 10642
2800 12710
2801 4163
2801 7652
2801 13339
2801 13693
2802 4352
2802 9961
2802 12040
2802 14046
2802 14156
2803 5918
2803 11447
2803 12551
2803 13250
2804 2838
2804 3187
2804 8991
2804 9417
2804 9806
2804 13789
2805 4802
2805 5068
2805 7751
2805 7781
2805 8681
2806 2892
2806 3814
2806 4866
2806 9469
2806 10792
2806 11221
2807 3893
2807 5814
2807 7076
2808 7322
2808 11538
2809 2837
2809 5673
2809 8072
2809 8191
2809 14004
2810 3151
2810 4899
2810 7590
2810 8309
2810 10572
2811 11883
2811 12753
2812 5330
2812 7758
2812 9335
2813 3978
2813 5203
2813 6776
2813 11142
2814 3313
2814 9686
2814 12402
2815 3244
2816 3629
2817 3321
2817 3962
2817 4876
2817 12022
2818 6971
2818 12770
2819 3711
2819 5013
2819 12395
2819 13269
2820 6030
2821 3360
2821 9274
2822 3275
2822 7334
2822 8481
2822 11662
2823 3213
2823 3930
2824 3144
2824 3913
2824 6713
2824 7857
2825 6745
2825 13397
2826 3009
2826 5549
2826 7060
2826 7160
2827 3820
2827 12261
2827 12828
2827 13030
2828 8809
2828 12685
2828 13095
2829 4302
2829 10941
2829 11091
2829 12246
2830 6615
2830 9693
2830 13219
2831 4712
2832 9276
2832 11278
2833 2973
2833 3801
2833 7713
2833 13431
2834 5041
2834 11315
2835 9786
2836 4744
2836 5507
2836 5777
2837 4895
2837 9455
2837 11923
2837 14254
2838 6523
2839 4214
2839 6997
2839 8202
2839 10405
2839 10634
2840 2999
2840 3190
2840 4671
2840 7543
2840 8599
2840 10342
2840 10964
2840 12215
2841 4654
2841 7107
2841 10045
2841 12140
2841 14349
2842 4720
2842 9882
2842 10154
2843 11146
2844 4158
2845 3844
2845 6144
2845 7673
2845 9317
2846 7474
2846 13874
2847 3246
2847 5771
2847 11478
2848 3248
2848 3786
2848 5778
2848 10026
2848 12485
2849 2992
2849 3217
2849 3701
2849 7873
2849 10227
2849 11204
2849 11270
2849 12436
2849 14172
2849 14204
2850 3575
2850 4834
2850 6579
2850 14043
2851 9704
2852 3218
2852 6439
2852 12171
2853 3123
2853 4106
2853 7391
2853 9319
2853 9628
2853 10543
2853 11578
2853 12746
2854 3359
2854 7546
2854 8087
2854 8493
2854 11640
2854 13925
2854 14268
2855 2881
2855 5549
2855 6508
2855 14225
2856 5814
2856 6146
2856 12792
2857 5462
2858 5527
2858 9050
2859 2884
2859 2981
2859 7554
2859 10024
2859 13070
2859 13755
2860 4074
2860 4818
2860 9688
2861 8013
2861 10537
2861 12270
2861 12585
2862 3320
2862 4753
2862 10756
2862 11361
2862 11786
2862 12390
2863 4271
2863 5229
2863 6139
2863 6813
2863 10139
2863 12172
2863 12751
2864 11357
2865 3539
2865 5060
2865 5617
2865 6698
2866 9609
2866 10172
2867 4872
2867 13376
2868 4193
2868 6432
2868 12550
2868 13347
2869 9299
2870 3273
2870 8417
2870 14230
2871 3749
2871 4214
2871 8271
2871 11499
2871 11967
2871 12540
2871 13090
2871 14301
2872 8965
2872 10638
2872 14187
2873 4300
2873 7370
2873 8133
2874 8321
2874 11367
2874 12922
2875 8328
2876 7886
2876 12848
2877 2896
2877 13565
2878 3649
2878 3889
2878 5139
2878 10333
2878 13487
2879 2932
2879 3289
2879 10712
2880 3334
2880 7851
2880 13645
2880 13895
2881 3010
2882 12349
2883 3341
2883 9268
2883 13328
2884 3668
2884 7321
2884 7325
2885 4391
2885 5730
2885 7333
2886 8276
2887 3788
2887 5418
2887 6119
2887 10635
2888 3571
2888 14163
2889 8605
2889 12151
2890 2918
2890 4252
2890 13562
2890 13998
2891 4933
2891 9993
2891 11541
2892 5432
2892 6410
2892 6668
2892 6832
2892 11622
2892 13649
2893 5519
2893 7080
2893 13591
2894 6559
2894 11718
2894 12095
2894 14285
2895 3055
2895 3358
2895 8391
2895 12828
2896 3691
2896 6534
2896 8797
2896 11276
2896 11821
2896 11908
2897 5313
2897 5668
2897 6456
2897 8240
2897 8618
2897 10148
2897 13110
2898 5729
2898 7022
2898 7637
2898 7665
2898 12415
2899 4629
2899 4769
2899 7031
2900 6328
2900 8404
2900 8691
2900 12395
2901 5097
2901 7936
2901 8569
2901 8717
2901 10312
2902 4171
2902 5876
2902 6408
2902 9388
2902 10277
2902 10452
2902 11995
2902 13592
2903 8275
2903 8865
2903 9455
2903 9683
2903 11938
2904 5416
2904 11542
2905 4117
2905 4915
2905 7073
2906 6536
2906 8402
2906 10101
2906 11145
2906 13813
2907 3071
2907 4577
2907 6215
2908 4299
2908 7281
2908 10580
2908 11883
2909 4754
2909 10313
2910 4318
2910 7954
2910 9585
2911 5229
2911 8449
2912 3919
2912 4909
2912 5678
2913 5166
2913 6756
2913 12947
2913 13173
2913 13217
2914 6653
2914 9157
2915 2982
2915 3722
2915 4476
2915 5775
2915 8720
2915 9196
2915 10350
2915 10618
2915 11558
2915 13405
2915 13470
2915 13645
2915 13843
2915 14110
2916 9633
2916 13015
2917 3469
2917 12588
2917 13437
2917 13981
2918 4109
2918 6876
2918 7318
2918 13309
2919 3694
2919 10534
2919 12371
2920 9531
2920 12485
2920 12624
2920 13860
2921 8894
2921 9422
2922 3623
2922 3705
2922 7438
2922 8151
2922 9947
2922 12680
2922 14159
2923 5523
2923 8220
2924 3608
2924 10307
2925 3324
2925 4036
2926 10266
2926 13200
2928 6395
2928 7916
2928 13266
2929 6907
2929 10670
2930 8835
2930 9477
2931 10230
2932 11990
2932 12055
2933 7093
2933 7283
2933 7974
2933 8702
2933 11319
2933 12231
2933 12286
2934 5970
2934 12733
2934 14351
2935 4073
2935 4442
2935 12576
2935 13609
2936 5746
2936 9520
2936 10084
2936 13239
2936 13549
2937 7634
2937 12566
2937 13952
2938 3544
2938 12114
2939 8731
2939 11685
2940 3001
2940 4543
2940 5127
2940 7484
2940 8215
2940 11611
2940 13068
2941 8024
2941 13460
2942 3055
2942 5046
2942 5299
2942 6659
2942 8594
2942 9276
2942 12195
2943 3039
2943 7536
2943 8986
2943 9543
2943 13421
2944 3049
2944 6011
2944 8521
2945 3935
2945 4307
2946 4192
2946 6789
2946 10244
2947 4291
2947 8141
2947 9946
2949 3081
2949 3429
2950 3814
2950 7801
2950 11023
2951 4284
2951 8897
2951 10629
2951 11827
2951 13775
2952 4959
2952 6119
2952 8798
2952 9430
2953 3076
2953 9663
2953 10717
2954 3861
2955 8500
2955 8960
2955 14353
2956 7569
2957 10711
2958 3423
2958 5505
2958 5964
2958 11629
2958 11835
2958 13200
2959 3513
2959 9298
2959 10190
2959 12680
2960 11688
2960 13431
2961 8921
2961 10596
2961 13501
2962 9477
2962 9602
2963 3444
2963 11498
2963 11638
2964 8689
2964 9540
2964 12240
2964 14175
2965 3328
2965 14334
2966 5668
2966 6510
2966 9019
2966 13839
2967 3808
2967 4979
2967 6444
2967 13114
2968 3271
2968 3714
2968 5547
2968 7412
2968 8013
2968 13976
2969 6797
2969 8513
2969 13622
2970 5744
2970 8021
2970 8791
2970 9083
2970 12418
2970 13086
2970 13619
2972 8565
2973 5738
2973 9019
2973 9051
2974 3401
2974 11182
2974 13512
2975 5486
2975 13013
2976 6866
2976 10112
2976 10547
2976 11506
2976 12794
2977 7637
2977 8660
2977 9755
2977 10538
2977 13806
2977 14145
2978 6794
2978 8673
2978 9352
2978 9626
2978 10432
2978 12168
2979 3133
2979 4385
2979 4769
2979 7657
2979 9292
2980 7102
2980 11243
2980 12763
2980 14227
2981 7390
2981 8432
2982 3648
2982 7716
2982 9855
2982 11862
2983 4145
2983 4409
2983 5294
2983 7206
2984 4028
2984 5379
2984 5952
2984 7648
2984 9090
2984 10991
2984 12341
2984 13337
2986 5327
2986 5620
2986 10934
2987 3072
2987 5072
2988 5284
2988 10440
2989 3002
2989 5691
2989 8676
2989 11874
2990 7907
2990 9543
2990 9834
2991 5385
2991 7832
2991 12038
2991 13521
2992 3986
2992 7684
2992 10397
2992 11521
2993 4531
2993 7915
2993 10179
2993 11426
2994 5883
2994 6333
2995 5106
2995 14324
2996 3718
2996 3796
2996 9148
2996 12409
2997 8030
2998 5083
2998 10904
2999 3895
2999 11147
2999 11679
2999 13647
3000 7842
3000 8471
3001 9063
3001 11459
3002 4402
3002 4820
3002 9225
3003 3011
3003 7385
3003 10563
3004 5436
3004 13340
3005 7148
3005 7422
3005 8893
3005 11296
3005 12469
3006 4928
3006 10233
3007 4403
3007 9351
3007 9408
3008 3713
3008 6927
3008 7611
3008 11851
3009 9082
3009 11001
3010 8753
3010 9360
3010 12159
3010 12303
3010 12827
3011 4935
3011 9341
3012 7159
3012 9239
3013 3419
3013 3879
3014 9506
3015 4198
3015 5759
3015 9920
3016 7348
3016 9075
3016 10006
3016 13415
3016 13426
3016 13633
3017 6785
3017 10012
3017 11499
3017 14311
3018 5821
3018 8606
3018 11440
3018 11846
3018 13784
3019 3566
3019 5422
3020 7873
3021 9532
3022 6290
3022 6977
3022 8201
3022 8506
3022 9328
3022 13314
3022 14023
3023 10653
3023 11200
3024 3896
3024 6653
3024 6698
3025 5545
3025 6091
3025 7753
3025 11799
3026 13372
3027 3086
3027 10107
3027 10621
3027 13035
3028 5033
3028 5591
3028 6792
3029 6825
3029 10270
3030 4061
3030 7485
3030 8826
3030 8947
3031 6785
3031 10459
3032 12054
3033 6795
3034 5108
3034 8053
3034 8601
3034 9999
3034 13288
3035 6542
3035 7700
3035 8979
3035 13939
3036 3198
3036 3697
3036 10579
3036 14290
3037 7799
3037 12174
3038 5077
3038 7238
3038 7992
3038 8153
3038 8400
3038 11604
3038 13933
3039 9948
3039 11083
3039 12079
3040 3884
3040 6427
3040 12873
3040 14210
3041 3463
3041 3725
3041 10105
3041 14100
3042 3350
3042 4106
3042 4619
3043 7934
3043 8708
3043 12308
3043 13846
3044 10290
3044 10688
3045 5258
3045 6523
3045 9882
3046 10710
3046 12550
3047 6155
3047 6286
3047 8000
3047 14332
3048 5348
3049 3400
3049 4422
3049 6459
3049 7659
3049 9119
3049 10589
3049 12175
3049 12228
3050 11402
3050 12780
3051 4113
3052 12268
3053 3649
3053 3694
3053 5092
3053 8236
3053 10167
3054 6588
3054 6906
3054 10165
3054 10452
3055 7562
3055 7763
3055 9612
3055 10342
3056 5594
3056 10422
3056 12179
3057 6780
3057 9939
3058 3180
3058 3272
3058 3485
3058 6044
3058 6124
3058 11539
3058 11920
3058 12055
3058 12224
3058 12903
3059 4892
3059 6212
3059 10705
3060 4804
3060 9563
3060 9693
3060 10835
3060 11564
3060 12096
3060 13654
3061 7563
3061 12138
3061 12346
3062 6246
3062 6504
3063 3067
3063 5301
3063 13388
3064 3988
3065 9486
3065 10564
3065 14307
3066 3412
3066 4611
3067 5743
3068 4727
3068 5095
3068 6404
3068 7266
3068 9396
3069 13905
3070 13625
3071 6800
3072 8725
3073 6906
3073 9981
3073 11653
3073 12895
3073 14135
3074 5602
3074 7050
3074 11755
3075 7433
3076 4261
3076 4872
3076 6964
3076 11956
3077 8262
3077 11616
3077 12159
3078 10697
3078 12613
3078 14031
3078 14257
3079 4486
3079 8138
3079 10538
3079 10817
3079 11340
3080 12464
3080 13309
3081 3560
3081 3906
3081 4574
3081 11599
3081 12346
3082 4608
3082 5143
3082 8681
3082 10000
3082 12271
3082 12745
3083 11024
3083 11224
3084 10637
3084 10762
3084 12371
3085 12188
3085 12611
3085 13751
3085 14020
3086 4063
3086 7481
3086 11922
3086 13059
3087 9811
3087 11880
3088 9810
3088 11094
3088 13534
3089 7540
3089 13072
3090 7000
3090 11511
3091 9513
3091 12070
3091 13844
3092 6238
3092 8198
3092 9778
3093 4017
3093 7386
3093 7876
3093 8002
3093 8991
3093 13106
3093 14209
3094 3179
3094 3961
3094 6261
3095 7565
3095 12169
3095 13303
3096 3928
3096 8443
3097 3849
3097 8002
3098 3531
3098 7098
3098 8291
3098 8442
3098 9440
3098 14320
3099 4474
3099 4548
3099 6027
3099 12536
3099 14096
3101 6023
3101 7977
3101 7989
3101 8051
3101 11073
3101 11658
3101 12263
3101 12506
3102 4894
3102 5602
3102 6360
3102 8019
3102 9079
3102 10025
3102 11245
3102 11677
3102 12525
3102 12962
3103 3436
3103 4821
3103 9542
3104 7532
3104 11564
3104 12572
3104 12574
3105 4052
3105 6905
3105 11250
3105 11995
3105 13241
3105 13448
3105 14316
3106 3718
3106 11202
3107 4081
3107 5312
3107 10032
3107 11349
3107 11492
3107 11523
3107 12341
3107 13409
3107 14077
3108 4389
3108 7870
3108 8089
3109 8752
3109 13731
3110 4421
3110 7745
3110 13084
3110 13121
3111 3215
3111 6514
3111 6801
3111 12884
3112 6440
3112 10470
3112 13559
3113 6195
3113 10449
3113 14142
3114 3282
3114 6170
3114 8724
3115 5438
3115 6622
3116 4035
3116 7778
3117 9101
3118 4491
3118 5786
3118 9244
3118 11740
3121 10544
3121 10865
3123 12243
3124 9975
3124 10172
3125 12549
3126 3994
3126 5256
3126 8017
3126 8522
3127 3787
3127 11684
3128 4814
3128 11188
3129 4530
3129 5027
3129 6678
3129 11092
3130 5285
3130 7461
3131 11054
3131 13997
3132 4476
3132 4679
3132 10152
3133 7583
3133 9377
3134 7078
3134 10555
3134 13400
3135 3369
3135 10137
3135 12093
3136 8464
3136 10285
3136 12607
3136 12666
3136 12941
3137 10682
3138 3492
3138 5586
3138 8133
3138 12821
3140 5603
3140 13743
3141 4420
3141 5268
3141 6240
3141 7449
3141 8194
3141 11608
3141 11694
3141 12370
3141 13967
3141 14175
3141 14336
3142 7782
3143 7097
3143 10980
3143 12737
3143 14088
3144 4545
3144 5892
3144 5908
3144 6949
3144 8415
3144 13088
3145 6546
3145 7360
3146 4591
3146 5593
3146 10706
3146 11945
3147 13126
3148 3853
3148 8566
3149 10548
3151 3840
3151 10046
3151 11293
3152 3218
3152 7768
3152 11188
3152 14144
3153 5147
3153 6841
3153 7681
3153 10037
3153 10063
3153 10392
3153 11251
3153 12144
3153 13514
3154 5690
3154 7303
3155 3613
3155 8552
3155 11561
3156 4986
3156 7498
3156 9693
3156 12034
3156 13260
3157 3508
3159 3188
3159 7095
3159 7654
3159 10563
3159 13321
3160 4035
3160 6765
3160 8615
3160 12373
3161 3484
3161 6059
3161 7133
3161 9135
3161 11269
3162 4462
3163 6274
3163 8643
3163 9182
3163 13379
3164 3460
3164 3777
3164 7428
3164 8360
3164 8711
3164 10515
3164 11313
3165 6962
3165 7021
3165 7205
3166 6679
3166 7993
3167 3176
3167 3521
3167 6389
3167 12174
3167 14241
3167 14249
3168 10280
3168 12004
3169 5734
3169 9050
3169 10732
3169 12233
3170 3961
3170 6555
3170 7595
3171 4761
3171 11753
3172 3190
3172 7344
3172 12822
3173 9057
3173 10920
3174 5228
3174 9455
3174 9498
3174 9999
3175 6458
3175 8433
3175 8503
3175 9205
3175 12578
3176 3623
3177 5472
3177 5833
3177 6074
3177 9132
3177 9161
3177 10909
3177 12567
3178 4019
3178 6313
3178 9463
3178 9922
3178 12169
3178 14206
3179 3738
3179 4973
3179 11328
3179 11534
3179 14022
3180 3719
3181 5409
3181 9882
3181 10885
3181 11952
3181 12183
3181 12442
3181 12555
3181 13268
3182 4208
3182 4892
3183 13898
3184 12314
3185 11592
3186 3826
3187 6882
3187 8925
3187 13797
3188 7362
3188 13356
3188 13359
3188 13361
3188 13704
3188 13825
3189 4321
3189 5847
3189 8843
3189 9734
3189 10178
3189 14183
3190 5324
3190 6338
3190 7571
3191 7706
3191 10970
3191 13887
3192 4667
3192 5494
3192 7430
3192 12600
3193 6347
3193 9431
3193 11064
3193 12165
3193 14056
3194 3530
3194 12182
3195 3884
3195 13775
3196 3524
3196 9430
3196 10290
3196 10450
3196 12310
3196 13601
3197 5764
3197 8370
3197 10476
3199 12320
3200 4618
3200 7577
3200 7942
3201 8211
3201 9229
3201 11964
3202 5288
3202 7174
3202 8069
3203 9518
3203 12938
3204 13103
3205 5651
3205 11776
3205 11957
3205 12263
3206 4464
3206 6299
3206 8569
3207 12919
3208 3355
3208 6687
3208 10868
3209 4273
3209 5536
3209 5931
3209 6137
3209 7726
3209 7913
3209 10526
3209 11014
3210 6524
3210 10620
3210 11620
3210 12302
3211 3532
3211 9915
3211 13249
3213 6606
3213 7893
3214 4867
3214 5173
3214 7649
3215 12844
3215 13877
3216 3509
3216 4794
3216 9243
3216 9910
3216 10712
3216 11097
3216 11175
3216 11953
3217 5773
3217 7517
3217 9169
3217 10074
3217 12901
3219 4244
3219 6701
3219 9176
3219 9876
3219 9968
3220 7123
3221 8114
3221 10948
3221 13685
3222 3961
3222 11377
3222 11544
3222 12525
3222 12818
3222 14032
3222 14143
3223 6648
3223 11403
3223 11570
3223 12447
3224 3481
3224 5995
3224 12627
3224 13628
3225 12328
3226 3254
3226 5554
3226 13433
3227 6113
3227 13432
3228 8864
3230 4645
3230 5893
3230 6533
3230 11791
3230 12815
3231 4791
3231 6812
3232 3865
3232 6498
3232 8387
3232 10462
3233 6399
3233 8435
3233 8636
3233 9448
3234 12080
3234 13595
3235 3638
3235 7962
3235 8831
3235 9393
3235 11212
3236 3308
3236 3953
3236 6786
3237 3247
3237 4034
3237 4862
3237 7030
3237 8268
3237 8828
3237 9277
3237 12130
3238 10731
3238 11312
3238 12417
3238 12934
3239 4970
3239 5584
3239 8587
3240 3455
3240 7107
3240 13776
3241 6834
3241 9693
3241 11975
3242 3656
3242 5793
3242 8737
3242 11393
3242 12717
3243 8939
3243 9123
3243 12978
3244 6360
3245 3424
3245 5761
3245 7802
3245 8277
3245 10303
3246 11925
3247 6242
3247 11670
3248 4753
3248 13852
3249 10809
3249 11328
3250 3503
3250 4027
3250 8044
3250 8735
3250 9559
3250 12018
3250 12670
3252 3455
3252 9853
3253 3296
3253 9477
3254 8327
3255 5376
3255 10934
3255 14241
3256 4109
3256 5337
3256 8398
3257 10328
3258 5032
3258 5131
3258 7503
3258 7539
3258 9532
3259 7447
3259 9244
3259 10997
3260 5150
3260 9982
3261 3867
3261 6813
3262 5397
3263 6218
3263 9161
3263 10138
3263 11877
3264 3503
3264 13224
3265 6204
3265 8205
3266 3630
3266 3775
3266 5372
3266 6115
3266 7735
3266 9844
3266 10340
3267 10864
3267 13546
3268 6735
3268 10467
3268 11573
3268 11806
3268 13880
3269 3987
3269 4308
3269 5835
3269 9612
3269 12804
3270 4747
3270 4784
3271 6666
3271 7712
3271 13856
3272 6017
3272 8732
3272 9804
3272 10601
3273 8726
3274 5863
3274 8832
3274 11492
3275 4958
3275 13114
3276 8279
3276 12121
3277 6304
3277 7498
3277 12458
3277 13248
3278 10448
3279 5005
3279 6097
3280 5297
3280 5789
3280 12979
3282 4124
3282 5799
3282 6363
3282 9551
3282 10565
3282 12175
3282 12481
3282 13065
3282 13202
3283 4942
3283 7686
3283 8598
3283 12403
3284 3309
3284 8930
3284 11677
3285 4954
3285 5821
3285 6908
3285 7143
3285 8364
3285 8636
3285 11628
3286 10474
3287 8730
3287 9293
3287 10168
3287 13466
3287 13526
3288 5937
3289 6177
3289 8058
3289 8608
3289 8977
3289 10029
3289 11109
3289 13872
3290 4670
3290 10001
3290 11821
3291 4939
3291 8958
3291 9727
3292 4427
3292 8379
3293 4882
3293 8014
3293 8044
3293 8499
3293 9264
3293 10667
3294 3833
3294 12631
3294 13943
3295 4404
3295 7217
3295 12131
3296 6623
3296 10649
3296 11978
3297 7014
3297 7806
3298 3460
3298 6006
3298 6330
3298 7764
3298 8895
3298 12687
3299 5212
3300 8231
3301 4530
3301 5840
3301 8981
3302 7478
3302 13045
3302 14152
3303 7650
3303 11813
3304 4650
3304 8026
3304 10782
3304 12006
3305 4828
3305 7558
3305 10185
3305 11192
3306 3650
3306 13306
3307 6320
3307 13224
3308 3662
3308 4166
3308 4390
3308 5943
3308 6549
3308 12445
3309 3970
3309 6535
3309 10659
3309 12056
3309 14236
3310 9150
3310 9548
3311 3439
3311 5836
3311 9527
3311 9579
3312 11014
3312 11653
3313 9970
3314 8141
3314 10566
3314 13244
3314 14016
3315 6171
3315 11441
3315 11473
3315 12663
3315 14305
3316 5211
3317 3364
3317 6711
3318 7591
3319 4595
3319 5740
3319 6305
3319 6483
3319 7143
3319 7408
3319 7525
3319 10448
3319 11125
3319 11270
3319 13231
3320 5160
3320 12618
3321 3666
3321 4555
3321 5447
3321 6112
3321 8384
3321 8917
3321 10083
3321 10084
3321 11206
3321 11878
3321 12110
3321 13183
3321 13480
3321 13936
3321 14350
3322 8057
3323 6293
3323 9292
3323 10025
3323 11061
3324 3703
3324 4598
3324 13434
3325 3727
3325 10526
3325 11189
3326 3855
3326 5725
3326 8336
3326 9416
3326 10279
3326 12837
3327 9851
3328 3665
3328 4011
3329 8934
3329 10564
3329 14340
3330 3793
3331 5007
3331 7119
3331 8145
3332 3717
3332 5282
3332 9973
3333 6070
3333 10422
3334 6789
3334 10410
3335 4046
3335 8133
3335 9313
3336 7261
3336 8771
3336 10562
3336 13380
3337 3456
3337 5113
3337 10511
3337 11325
3338 8448
3338 10821
3339 6678
3339 12187
3339 13744
3340 7184
3342 10354
3342 12972
3343 4258
3343 6665
3343 9269
3343 10826
3343 12461
3343 14348
3344 5381
3344 6519
3344 10762
3344 11376
3345 4049
3345 9929
3345 13566
3346 3618
3346 6114
3346 7720
3346 8516
3346 8675
3346 9635
3347 7411
3348 4537
3349 3730
3349 12898
3350 7013
3350 7366
3350 7451
3350 8733
3350 11264
3350 13145
3351 3811
3351 4759
3351 6998
3351 7054
3351 11996
3351 12668
3352 6094
3352 6461
3352 11242
3352 14203
3353 5653
3353 7921
3354 4387
3354 8904
3354 11126
3355 10258
3356 11000
3356 11363
3356 13945
3357 5718
3357 6472
3357 8445
3358 3464
3358 3800
3358 8924
3359 4236
3359 5134
3359 5477
3359 5536
3359 8175
3360 3627
3361 8151
3361 9534
3362 3707
3362 6747
3362 9058
3363 10933
3363 11315
3364 6088
3364 8055
3364 10462
3365 6505
3365 12218
3366 10099
3366 13072
3366 13081
3367 3436
3367 4637
3367 12905
3368 6707
3368 12113
3370 3809
3370 9619
3370 12221
3371 3893
3371 5435
3371 6750
3371 7837
3372 4880
3372 5492
3372 11193
3372 11540
3373 4302
3373 8028
3374 6310
3374 12942
3374 13465
3375 7477
3375 14230
3376 5305
3377 3379
3377 6448
3378 3883
3378 8393
3378 12721
3379 5781
3380 9041
3380 10118
3381 8361
3381 8503
3381 13902
3382 3908
3382 5367
3382 14280
3383 7523
3384 5896
3384 6582
3384 9471
3384 12637
3384 12661
3385 3688
3385 11664
3385 13222
3386 4323
3386 5332
3386 11137
3387 3595
3387 9494
3387 10996
3388 6460
3388 7500
3388 11607
3388 12858
3389 5594
3389 6652
3389 8194
3389 10055
3389 11338
3389 11562
3389 12655
3389 13050
3389 13800
3390 9527
3390 13218
3391 7192
3391 12359
3392 6130
3392 6930
3392 9152
3393 4206
3393 12737
3394 4645
3394 6218
3394 9703
3394 10122
3395 6351
3395 8970
3395 11663
3396 5100
3397 4802
3397 5571
3397 5783
3397 7052
3397 8087
3397 8576
3398 3849
3399 10322
3400 3892
3400 5141
3400 8770
3400 11698
3400 12488
3401 3669
3401 4099
3401 5895
3401 11872
3402 3694
3403 3698
3403 4362
3404 6220
3404 8680
3404 9495
3404 9548
3404 10454
3405 4955
3405 6592
3405 7695
3405 7828
3405 13198
3406 3903
3406 4510
3406 7227
3406 10269
3406 13788
3407 7169
3407 7307
3407 8207
3408 11055
3408 13976
3409 6962
3409 7930
3409 9515
3409 11120
3409 11482
3409 12674
3409 13273
3410 5037
3410 13256
3411 11418
3411 11455
3411 13256
3412 5110
3412 6749
3412 8611
3412 9256
3412 9462
3412 11270
3412 11892
3412 13904
3413 7653
3413 9717
3414 4550
3414 5782
3414 6399
3414 7136
3415 8847
3415 10639
3416 9062
3417 6967
3417 8286
3417 9488
3418 3971
3418 5245
3418 5345
3418 5421
3419 3717
3419 9343
3419 10019
3420 9747
3420 11860
3421 5237
3421 10418
3421 11273
3422 4331
3422 6626
3422 13915
3423 4638
3423 6092
3423 6314
3423 6801
3423 8700
3423 8708
3424 13601
3425 9495
3425 11130
3426 5390
3426 8572
3427 10465
3427 13177
3428 4665
3428 7277
3428 11322
3429 4963
3429 5152
3429 8957
3429 11301
3430 4230
3430 5297
3430 10864
3431 3949
3431 5167
3431 12632
3432 3883
3433 10835
3434 4718
3435 7264
3435 10010
3435 11932
3436 7099
3436 8104
3436 8218
3437 5423
3437 8473
3437 10412
3437 11349
3437 12044
3438 7282
3438 10234
3439 4450
3439 8391
3439 12223
3439 14102
3440 8764
3441 6402
3441 11103
3442 4144
3442 6661
3442 9189
3442 11498
3443 3929
3443 10460
3443 11939
3444 3453
3444 4426
3444 9685
3444 13178
3444 13653
3445 4071
3445 4464
3445 7494
3445 10106
3445 11475
3446 6013
3446 6221
3446 9366
3447 5475
3448 5110
3448 8518
3448 10493
3448 12490
3448 13537
3449 4126
3449 14123
3450 7485
3450 9521
3450 12741
3450 14268
3451 4630
3451 8652
3451 9662
3451 10409
3451 10488
3451 11803
3451 13504
3452 6611
3452 8226
3452 9586
3455 9902
3455 13315
3456 5333
3456 11710
3456 13104
3456 14104
3457 4484
3457 9317
3457 12793
3458 3969
3458 6669
3458 7585
3458 12592
3459 12389
3459 13227
3460 3763
3460 4772
3460 10802
3460 10977
3460 11515
3460 11823
3460 13806
3460 13843
3460 13952
3461 6805
3461 10541
3461 10560
3461 13617
3462 5935
3462 10193
3463 4644
3463 5039
3463 5947
3463 7907
3463 8376
3463 9675
3463 11043
3463 11270
3463 11771
3463 12853
3464 8261
3464 8353
3464 9669
3464 10147
3465 13808
3466 5589
3466 6995
3467 3878
3467 5874
3467 11975
3467 12238
3467 13452
3468 10517
3469 3707
3469 4035
3469 13418
3469 13570
3470 4576
3470 5631
3471 8759
3471 12232
3471 14198
3472 5489
3472 6958
3472 11805
3472 13650
3473 5158
3473 5299
3473 10677
3473 10951
3474 4358
3474 6898
3474 7504
3474 10637
3474 10660
3474 11006
3474 11659
3475 11319
3475 11508
3475 11833
3476 3641
3476 4587
3476 5034
3476 9162
3476 10875
3476 11911
3476 14141
3477 4720
3478 5508
3478 13650
3479 5170
3479 5463
3479 14287
3480 4957
3480 7663
3481 5003
3481 5367
3481 6237
3481 6449
3481 8085
3481 8189
3481 10742
3481 13571
3481 14086
3482 11259
3483 7541
3483 8595
3483 10611
3483 11034
3484 3923
3484 9567
3485 5638
3485 5968
3485 7380
3485 9837
3485 10396
3485 11918
3485 13462
3485 14194
3486 4954
3486 13285
3487 11866
3488 7222
3488 7685
3488 8323
3488 9413
3489 4698
3489 9243
3489 12511
3489 13821
3490 3583
3490 10559
3491 3526
3491 7812
3492 3615
3492 5212
3492 5382
3492 6117
3492 6225
3492 7435
3492 9252
3492 9799
3492 10650
3492 12256
3492 13802
3493 5771
3494 6099
3494 6964
3494 7987
3494 10117
3496 5864
3496 9599
3496 10784
3496 11222
3497 4236
3497 4753
3497 9892
3497 14187
3498 3585
3498 6487
3498 8941
3498 11147
3498 11793
3499 8974
3499 9224
3500 3513
3500 6124
3500 10403
3500 14248
3501 4527
3501 6458
3501 7443
3503 4130
3503 7231
3503 7893
3503 9061
3503 13066
3504 3855
3504 8375
3504 10193
3504 13274
3505 9588
3506 4394
3506 6415
3506 11717
3506 13303
3507 5488
3507 6411
3507 7862
3507 8992
3507 9570
3507 11173
3507 11604
3507 12768
3508 3874
3508 3964
3508 4547
3508 4882
3508 6150
3508 6531
3508 10097
3508 12949
3509 9568
3510 4788
3510 12727
3511 9859
3511 12972
3512 11984
3513 7770
3513 9011
3513 10578
3513 11928
3514 5436
3514 6113
3514 6392
3514 6844
3514 7127
3514 7413
3514 7567
3514 11630
3514 13242
3515 7106
3515 12019
3516 4802
3516 5595
3516 7507
3516 13311
3517 3557
3517 3996
3517 12232
3517 12899
3517 13324
3518 6701
3518 7978
3518 8006
3519 6117
3519 8946
3519 11423
3520 4301
3520 10762
3520 11789
3520 14039
3521 12039
3522 4399
3522 8646
3522 13965
3522 14113
3523 3626
3523 5272
3523 7869
3523 14172
3524 10727
3525 3629
3525 5539
3525 7975
3525 9156
3525 10294
3526 4352
3526 4716
3526 12472
3526 14280
3527 4462
3527 7821
3527 8085
3528 5177
3528 6391
3528 6642
3528 7453
3529 4002
3529 6119
3529 7229
3529 8338
3529 10499
3529 12370
3529 13467
3529 14220
3530 4742
3530 6635
3530 7528
3530 8069
3530 8510
3530 10983
3530 11427
3531 6967
3531 11351
3532 4929
3532 12436
3532 12483
3533 3583
3533 3585
3533 3994
3534 3626
3534 8036
3535 4251
3535 6265
3535 13657
3535 14229
3536 3807
3536 4312
3536 5951
3536 7396
3537 12079
3538 8201
3538 14060
3539 12522
3539 12845
3540 4317
3540 4553
3540 12163
3540 12418
3541 3896
3541 9117
3542 5731
3542 5800
3542 10222
3542 11807
3543 5509
3543 6690
3543 9459
3543 10776
3543 12542
3544 3707
3544 12587
3544 13870
3545 7029
3545 9560
3545 11922
3545 12394
3546 3798
3546 6804
3546 7987
3546 11584
3546 13194
3547 14265
3548 12284
3548 13048
3549 9293
3549 9720
3550 3591
3550 7407
3550 10417
3550 11984
3550 13087
3550 13547
3551 4913
3551 13313
3551 13843
3552 4078
3552 6216
3552 13038
3553 4225
3553 4831
3553 7687
3553 8436
3553 9373
3553 9672
3553 10018
3553 12298
3554 4473
3554 6740
3554 8754
3555 7228
3555 10423
3555 12126
3555 12496
3556 6735
3557 5531
3557 13112
3558 6725
3558 11696
3558 14019
3559 4023
3559 8245
3559 9506
3559 9943
3559 11415
3560 6788
3560 7144
3560 7613
3561 3738
3561 3839
3561 12400
3562 4541
3562 14131
3563 10403
3563 11615
3563 13101
3564 12824
3565 4337
3565 5117
3566 4710
3566 13517
3567 5491
3567 11964
3568 4465
3568 8447
3569 8496
3569 13097
3570 11515
3571 4839
3571 13166
3571 13263
3571 13691
3572 5424
3572 9014
3573 4426
3574 12277
3575 6817
3576 13412
3577 8461
3577 12795
3578 9643
3578 12802
3579 3736
3579 4335
3579 5728
3579 6442
3579 9200
3579 13755
3580 5386
3580 6019
3580 6928
3580 8296
3580 8399
3580 10032
3582 7480
3582 8720
3584 5777
3584 5868
3584 9828
3585 7378
3586 11143
3586 11680
3586 13394
3587 10901
3588 3679
3588 11711
3589 5219
3589 14146
3590 4273
3590 6146
3590 12718
3591 5494
3591 11415
3593 4060
3593 6521
3593 7153
3593 7267
3593 8099
3593 8543
3593 9320
3593 12560
3594 5739
3595 10319
3596 4777
3596 12629
3596 14215
3597 4513
3597 6300
3597 6944
3598 6514
3598 8780
3598 11573
3598 12898
3599 7085
3600 4813
3600 9869
3601 7360
3601 10278
3601 11990
3601 13996
3602 5424
3602 9101
3604 4143
3604 5405
3604 10004
3604 11492
3605 3713
3605 4841
3605 7107
3605 13084
3606 6069
3607 12830
3607 13857
3608 3622
3608 5187
3608 6699
3608 7672
3609 7862
3609 8631
3609 11264
3610 11539
3611 4338
3611 9207
3611 13876
3612 12340
3612 14342
3613 4855
3613 12142
3614 9390
3615 5682
3615 6745
3616 6786
3616 6839
3617 11671
3618 4154
3618 12440
3619 9859
3619 12603
3619 13173
3619 13661
3620 4365
3621 6230
3621 6925
3621 7207
3622 5249
3622 6177
3623 6888
3623 8162
3623 8605
3623 8672
3623 11189
3623 12692
3624 6071
3624 11299
3625 9436
3626 4664
3626 6329
3626 6485
3626 6751
3626 11753
3626 13406
3626 13673
3627 10676
3628 5396
3628 9450
3628 9856
3628 9972
3628 10908
3629 5315
3629 13083
3630 12323
3631 7663
3631 13915
3631 14209
3632 6365
3632 7955
3632 12246
3633 13838
3633 13870
3634 4936
3634 5422
3634 9275
3634 14276
3635 5524
3635 12869
3636 8043
3636 10090
3636 11696
3636 13427
3636 13637
3637 11949
3637 13525
3639 3900
3639 7588
3639 7901
3639 8497
3639 8578
3639 11794
3639 14281
3640 5555
3640 5715
3641 7412
3641 13999
3642 3893
3642 7320
3643 4176
3643 8608
3643 10241
3643 11785
3643 12260
3643 12593
3643 14104
3644 11364
3644 13159
3645 3980
3645 12419
3645 13697
3646 4362
3646 5513
3646 6929
3646 10206
3647 4300
3647 6337
3649 4307
3649 11341
3649 12734
3649 14098
3650 6249
3650 6760
3650 8612
3650 13259
3651 8910
3651 9595
3651 10249
3651 10461
3651 12955
3651 14214
3652 10020
3653 6799
3653 7577
3653 14271
3654 12093
3655 5960
3655 12774
3656 12160
3657 9109
3657 14145
3658 4551
3658 8246
3658 8979
3658 13451
3659 9156
3659 9173
3659 9991
3659 10127
3659 10582
3659 11519
3660 5712
3660 6467
3660 6721
3660 9975
3660 13327
3662 3963
3662 5081
3662 6148
3662 6671
3662 11760
3662 13056
3663 3786
3663 12154
3663 13881
3664 8918
3665 6164
3665 6630
3665 9142
3665 11258
3665 12684
3665 14276
3666 5179
3666 9419
3666 11314
3667 10959
3668 8534
3669 12810
3670 8067
3670 12339
3670 13235
3671 7228
3672 4957
3672 14302
3673 9982
3673 10151
3673 14264
3674 3788
3675 5499
3675 10080
3675 11086
3676 8696
3676 11392
3676 12869
3676 13967
3677 6190
3677 8047
3677 10965
3677 12699
3678 6193
3678 6245
3679 7343
3679 11968
3680 4974
3680 7807
3680 8604
3680 8799
3680 10808
3681 4139
3681 4473
3681 5979
3681 6307
3681 6806
3681 10067
3681 12975
3681 13237
3682 6978
3683 13228
3684 6734
3684 7579
3684 8439
3684 10379
3685 8563
3685 13009
3686 10688
3687 5292
3687 6673
3687 11905
3687 12253
3688 6015
3688 6913
3688 10790
3688 12913
3688 14063
3689 8040
3689 11231
3689 13780
3690 4760
3690 8631
3690 10315
3691 3710
3691 3916
3691 4557
3691 5966
3691 9962
3691 11596
3692 6816
3692 8197
3692 11740
3692 11908
3692 13113
3693 5726
3693 7816
3693 9070
3693 9972
3693 11889
3694 3783
3694 9271
3695 9836
3695 13566
3696 4423
3696 11509
3696 12308
3696 13350
3698 6388
3698 11690
3698 14278
3699 10368
3699 13629
3700 7412
3700 8590
3700 8790
3700 12205
3701 4534
3701 4677
3701 9290
3701 11776
3702 3972
3702 5138
3702 6427
3702 7087
3702 9206
3702 9862
3702 10514
3702 10600
3702 10769
3702 12851
3702 13498
3703 7631
3703 8632
3703 14129
3704 7632
3704 9344
3705 3765
3705 10361
3705 10947
3705 13473
3705 13955
3706 4886
3706 6923
3707 3866
3707 8008
3707 12183
3708 9829
3708 14328
3709 4243
3709 8620
3709 12183
3709 13550
3710 4021
3710 11806
3710 12543
3711 4110
3711 5796
3711 13222
3712 8647
3712 12275
3712 13548
3713 4800
3713 7771
3713 13963
3714 4832
3714 6078
3715 4084
3715 8530
3715 13002
3716 12260
3717 3760
3717 13849
3718 4025
3718 5353
3718 6257
3718 8163
3719 9778
3719 12107
3720 3766
3720 5185
3720 7580
3720 8236
3720 9101
3721 9956
3721 11002
3721 11246
3722 6523
3722 8627
3722 9768
3722 10232
3722 11026
3722 13025
3723 3791
3723 5075
3724 4941
3724 10757
3725 6967
3725 10663
3726 4485
3726 6074
3726 10234
3726 12426
3726 13008
3727 7413
3727 7905
3727 12135
3728 3753
3728 6739
3728 12827
3728 12976
3728 13530
3729 4491
3729 11107
3729 12356
3730 6295
3730 8960
3730 12790
3731 6588
3731 14070
3732 6061
3733 4760
3733 11729
3733 12163
3733 12752
3733 13772
3734 4340
3734 8527
3734 10474
3734 11888
3734 12008
3734 13429
3734 13919
3734 14270
3735 3797
3735 11996
3735 14127
3736 9757
3736 11540
3736 13764
3736 14347
3737 9089
3738 4076
3739 11960
3740 4272
3740 9300
3740 11454
3741 7513
3741 8879
3741 12926
3742 6031
3742 9314
3742 10761
3742 11044
3742 11663
3742 13587
3743 9246
3744 4628
3744 12859
3745 4731
3745 9160
3746 8217
3746 11385
3747 4946
3747 8300
3748 4963
3748 6979
3748 7975
3749 4971
3750 8717
3750 13381
3751 8637
3751 8945
3751 9536
3751 10018
3751 11630
3751 12430
3752 6458
3752 9247
3752 12236
3753 3929
3753 6386
3753 13947
3754 7542
3754 8312
3754 12450
3755 9924
3755 14005
3756 7454
3756 10733
3757 6880
3757 9457
3758 5367
3758 6390
3758 8135
3758 9339
3759 6763
3761 4451
3761 4595
3761 6735
3761 10391
3761 10411
3762 6526
3762 9371
3762 10969
3762 12165
3762 12635
3763 8416
3763 9448
3764 6849
3764 11679
3764 13088
3765 11502
3765 13793
3766 7589
3766 9915
3766 12270
3767 4220
3767 4928
3767 7686
3767 13719
3768 6598
3768 10319
3768 12133
3768 14355
3769 7981
3769 11054
3769 13231
3769 14031
3770 4475
3770 4483
3770 7182
3770 8252
3770 9414
3770 10574
3770 11168
3770 12517
3771 4735
3771 9710
3772 7198
3772 7572
3772 12770
3772 13361
3773 4923
3773 13003
3774 4338
3774 5003
3774 6839
3774 8440
3774 8964
3774 13392
3775 4949
3775 5991
3775 8949
3775 12533
3775 14144
3776 4476
3776 4665
3776 7178
3776 11183
3777 11039
3777 12091
3777 12538
3778 6741
3778 12746
3778 12889
3778 13941
3779 7993
3779 9851
3779 11138
3779 11809
3780 6059
3780 6484
3780 8492
3780 10636
3780 11947
3780 12632
3781 5107
3782 4272
3782 6075
3783 4317
3783 5711
3783 5933
3783 8970
3783 9599
3783 11307
3783 11505
3784 7572
3784 8491
3784 12395
3784 13727
3785 13406
3786 12420
3786 13372
3787 10248
3787 13088
3789 9699
3790 7977
3790 9385
3790 13012
3791 4803
3791 10987
3791 14208
3792 4191
3792 4454
3793 4388
3793 6674
3793 7409
3793 8365
3793 8526
3793 12674
3793 13976
3794 4029
3794 6176
3794 6486
3794 8045
3794 10244
3795 4021
3795 5477
3795 5959
3795 9667
3795 12886
3796 3846
3796 10302
3797 4279
3797 4677
3797 5885
3797 6660
3797 13540
3798 7286
3798 11091
3799 11628
3799 12776
3799 13427
3801 8357
3801 14047
3802 7155
3802 10998
3802 11293
3803 6724
3803 9617
3803 13965
3804 5507
3804 6048
3804 9241
3804 12750
3804 12821
3805 6045
3805 7840
3805 12404
3806 6015
3807 4231
3807 6123
3807 6513
3807 7252
3807 12187
3807 13567
3808 5028
3808 6907
3808 8321
3808 11538
3808 11811
3809 12749
3810 3865
3810 10939
3811 3969
3811 5906
3811 7568
3811 7896
3811 8836
3811 9202
3811 11362
3812 6877
3812 7008
3812 7734
3812 14032
3813 4743
3813 5447
3813 9474
3814 4262
3814 5637
3814 6503
3814 8315
3814 9034
3815 11932
3815 13889
3816 5560
3816 13817
3816 14019
3818 8777
3818 10936
3819 12997
3819 13747
3820 10648
3821 8083
3821 8908
3821 11831
3821 13665
3821 13795
3823 4506
3824 4684
3824 12474
3824 13541
3825 3983
3825 4847
3825 7931
3825 8447
3825 9521
3825 9880
3825 10145
3825 10573
3825 13371
3826 3861
3826 4800
3826 6653
3826 8846
3826 12040
3826 13231
3828 5808
3828 6337
3828 7187
3828 13192
3829 4350
3829 8539
3830 5635
3830 7072
3830 11545
3830 11920
3830 14331
3831 4892
3831 10402
3832 8357
3833 8595
3833 9680
3833 13760
3834 4697
3834 5068
3834 9118
3834 12347
3835 10824
3835 11674
3835 11972
3835 14354
3836 10646
3836 11557
3836 13786
3837 4353
3838 7624
3838 8462
3838 10348
3838 10865
3839 4042
3839 9331
3840 11593
3840 13835
3840 14296
3841 11531
3842 4059
3842 5040
3842 7701
3842 9685
3842 11308
3843 6289
3843 6656
3843 7713
3843 8992
3843 9819
3843 10810
3843 13978
3844 4203
3844 10259
3844 11105
3844 11632
3844 11823
3845 5939
3845 11083
3845 12432
3846 6412
3846 9390
3846 11734
3847 3981
3847 4549
3847 7016
3847 7235
3847 7658
3847 11139
3848 4489
3848 4741
3848 5378
3848 8316
3848 9193
3848 10736
3848 11425
3848 12597
3849 4445
3849 5168
3849 5698
3849 8642
3851 14104
3852 8886
3853 7887
3853 9073
3853 12374
3854 6197
3854 9751
3854 10129
3854 10230
3854 12709
3855 5906
3856 6885
3856 6989
3856 9115
3856 10852
3856 13187
3857 8355
3857 9328
3857 9924
3857 11259
3857 11907
3857 13371
3858 11886
3858 13087
3859 5637
3860 5447
3861 9160
3861 9647
3861 13286
3862 13876
3863 4752
3863 12308
3864 8073
3864 8869
3864 12036
3864 13012
3865 6576
3866 8994
3867 4565
3867 5706
3867 11025
3867 11845
3867 12489
3868 4500
3868 5017
3868 6687
3868 10119
3869 4248
3869 7214
3869 9263
3869 10033
3869 10296
3869 10890
3871 7812
3871 10681
3871 10706
3871 12099
3872 13945
3873 7908
3873 8665
3873 9460
3873 12519
3874 7996
3874 13978
3875 6282
3875 7195
3875 11505
3876 5587
3876 5858
3876 10290
3877 4724
3877 8061
3877 8517
3878 4678
3878 6519
3878 9620
3878 10126
3878 11985
3879 5261
3879 6455
3879 7887
3879 9538
3880 4681
3880 10088
3880 10729
3880 11478
3881 4312
3881 9607
3881 9637
3883 11047
3883 12878
3883 14079
3884 4264
3884 4814
3884 5278
3884 8247
3884 10052
3884 10467
3884 11480
3884 13389
3884 14107
3885 4118
3885 4196
3885 6737
3886 8479
3886 11832
3887 11363
3888 6784
3888 9043
3888 10717
3888 14157
3889 8413
3889 8767
3889 10757
3889 10826
3889 13532
3890 10872
3890 12588
3890 14308
3891 4227
3891 12625
3891 14210
3892 5723
3892 10001
3893 5519
3893 7922
3893 8052
3893 11844
3893 12716
3893 13435
3894 9617
3894 10462
3895 8512
3895 9006
3896 4823
3896 11388
3897 4270
3897 12171
3897 13926
3898 10898
3898 11362
3899 9525
3900 4386
3900 4474
3901 4496
3901 5553
3901 9923
3901 11085
3901 13287
3901 13425
3902 4420
3902 8356
3902 8367
3902 13017
3903 5036
3903 8853
3903 13879
3904 4079
3904 4852
3904 5331
3904 5771
3904 6791
3905 4488
3905 10827
3906 9940
3906 11188
3906 12818
3907 11580
3907 12307
3908 7017
3908 7681
3909 6848
3909 7195
3909 8706
3909 13899
3910 7228
3910 13531
3911 7268
3912 3964
3912 4342
3912 4836
3912 4860
3913 4677
3913 7397
3913 8567
3913 10760
3914 5821
3914 13072
3915 4132
3915 4791
3915 10965
3916 5335
3916 7340
3916 12654
3917 8244
3917 11352
3917 13645
3918 6744
3919 14248
3921 7575
3921 7919
3921 14085
3921 14117
3923 4599
3923 12514
3924 4971
3924 5046
3924 10747
3924 10965
3924 11905
3925 5173
3925 5933
3925 6642
3925 6874
3925 9220
3925 12835
3926 8212
3926 9866
3927 9031
3930 8240
3930 9014
3930 11283
3930 14164
3931 10831
3931 12314
3932 7694
3932 9122
3933 9618
3934 10331
3934 14268
3935 5860
3936 4021
3936 4330
3936 6990
3936 7639
3936 8983
3936 14024
3937 9048
3937 13927
3938 4192
3938 11620
3938 13242
3938 13848
3939 5999
3939 8292
3941 3961
3941 9718
3942 10478
3942 10794
3942 12127
3943 5879
3943 6610
3943 6629
3943 9213
3943 13833
3944 12878
3945 7963
3946 5886
3946 9934
3946 10805
3947 12846
3948 5405
3948 5612
3948 9006
3948 10933
3948 11431
3948 13249
3949 9310
3949 13070
3949 13614
3950 7833
3950 11502
3951 5877
3951 8378
3951 9910
3951 10026
3951 10065
3951 11957
3951 12043
3951 12049
3951 14001
3952 7421
3952 8597
3952 10898
3952 13289
3953 4203
3954 3957
3954 5578
3954 9375
3955 7248
3955 7494
3955 8746
3955 10594
3956 7944
3956 9071
3957 5229
3957 6728
3957 7192
3957 7621
3957 10419
3957 11553
3957 12851
3957 13529
3960 5728
3960 10520
3960 12867
3961 5566
3961 6820
3961 7041
3961 9035
3962 5433
3962 6976
3962 7799
3962 8891
3963 8185
3963 12449
3964 14174
3965 12367
3966 5234
3966 5858
3966 8738
3966 13234
3966 14184
3967 4813
3967 10015
3967 13531
3968 8082
3968 9160
3969 6702
3969 9468
3969 11380
3970 8507
3970 10352
3970 12777
3971 6599
3971 6828
3971 8236
3971 12331
3971 14199
3972 4610
3973 10886
3973 11087
3974 5391
3974 7807
3974 13700
3975 9378
3975 9919
3975 11426
3977 7563
3977 14178
3978 8418
3978 14290
3979 4523
3981 12774
3981 13760
3982 8090
3982 12316
3983 4241
3983 5613
3983 5899
3983 7629
3983 13011
3985 13110
3985 13605
3986 10777
3986 13699
3987 8667
3987 10587
3988 8620
3988 13444
3988 14199
3989 5408
3989 6541
3991 10837
3991 13789
3992 5198
3992 13319
3994 8100
3994 12156
3994 12341
3995 12426
3995 13690
3996 7946
3996 8795
3997 12732
3998 5253
3998 10142
3999 6764
3999 8057
4000 12581
4002 12119
4003 9176
4004 8018
4005 5679
4005 9839
4005 9883
4005 10175
4005 12494
4007 4810
4007 7037
4007 9110
4007 10564
4008 7376
4008 10863
4009 12438
4009 14064
4010 13917
4011 4532
4011 9483
4011 10478
4011 12631
4012 6740
4012 14055
4014 10584
4015 7023
4015 8107
4015 9136
4016 7739
4016 11532
4017 5337
4017 6313
4017 7713
4018 4813
4018 7748
4021 4774
4021 6781
4021 8184
4021 12922
4022 6377
4022 6628
4022 9779
4022 11515
4023 12972
4024 5733
4024 6092
4024 9941
4024 12261
4024 12629
4025 6328
4025 7566
4025 13013
4027 12744
4028 4199
4028 4818
4028 6700
4028 8688
4028 10750
4029 9879
4030 5372
4030 6997
4030 9013
4030 9280
4030 9295
4030 12236
4031 5984
4031 11624
4032 8869
4032 9690
4032 10558
4033 7481
4033 9687
4034 9019
4034 13793
4035 4348
4035 8023
4036 7079
4036 9656
4037 6287
4037 12885
4037 12947
4038 4260
4038 4556
4038 8999
4039 10848
4040 8921
4040 10216
4041 10521
4042 6133
4042 7153
4043 4727
4043 5022
4043 8144
4043 12570
4044 9478
4045 8767
4046 4212
4046 5176
4046 6744
4046 7602
4046 8674
4046 11232
4047 5304
4047 7178
4047 9259
4047 13707
4047 14063
4048 6302
4049 8713
4049 13525
4050 9396
4050 12080
4052 9757
4052 10090
4053 7734
4053 13969
4054 4897
4054 10392
4055 12368
4056 12058
4057 4959
4057 7123
4057 8653
4057 9231
4058 8252
4060 5906
4060 13042
4061 4265
4061 13803
4061 13970
4063 13880
4064 9127
4064 14087
4066 5313
4066 6037
4066 6742
4066 6804
4066 11037
4067 4347
4067 5559
4067 10500
4068 11031
4068 12147
4068 12516
4069 7455
4069 13761
4070 4777
4070 7112
4070 10592
4071 4612
4072 4903
4072 5370
4073 7020
4074 6522
4074 8880
4075 7683
4076 9644
4076 10973
4077 6327
4077 7311
4079 8615
4079 10402
4079 12303
4080 6465
4080 11350
4080 12213
4081 8481
4081 12720
4082 4650
4082 4875
4082 6599
4082 8231
4083 11298
4083 13664
4084 5746
4085 7257
4085 9623
4086 6909
4086 8713
4086 10656
4086 10980
4086 12560
4087 10992
4088 4508
4088 7973
4088 10613
4088 13888
4089 7114
4090 4303
4091 4941
4092 5970
4092 7470
4093 6089
4094 8881
4094 14155
4095 6714
4096 9535
4096 9541
4097 4743
4098 5057
4098 8944
4099 4883
4099 6923
4099 11673
4100 7799
4100 10605
4100 11055
4101 10776
4101 11271
4101 11645
4102 12354
4102 12684
4103 4694
4103 5881
4103 6545
4104 5105
4104 8935
4104 11722
4105 7214
4105 10335
4106 12136
4107 4490
4108 12758
4109 7433
4109 8726
4109 10939
4110 6712
4111 6743
4111 8698
4111 11233
4112 5750
4112 7078
4113 7334
4113 7516
4113 9636
4113 10503
4114 13113
4115 8255
4116 10345
4116 11077
4116 12510
4116 13994
4117 8936
4118 5163
4118 12513
4119 5937
4119 12372
4120 4127
4120 13630
4121 7412
4121 10430
4122 5565
4122 7029
4122 12603
4122 13261
4123 9949
4124 6415
4125 7435
4125 10258
4127 9863
4127 11521
4128 9513
4128 10180
4128 10434
4129 9342
4130 4775
4130 6318
4131 6816
4131 13908
4132 6956
4132 14063
4133 9464
4133 10916
4134 7484
4134 8380
4135 5941
4135 7955
4136 6181
4136 7923
4136 13284
4137 13535
4138 8123
4138 12208
4138 13188
4139 10570
4140 11710
4141 12515
4142 5024
4142 8297
4144 12180
4145 5970
4145 13082
4146 4831
4146 5374
4147 5641
4147 7922
4147 12922
4148 13974
4149 6294
4149 13498
4151 9954
4152 4557
4152 5216
4152 6798
4152 8714
4154 5476
4154 7715
4154 10903
4156 13312
4157 4315
4157 5960
4157 12276
4158 6034
4159 7289
4159 12795
4159 14274
4160 8987
4161 13883
4162 13261
4162 13599
4164 10869
4164 13858
4165 4379
4165 9725
4166 4571
4166 7024
4166 9893
4166 13511
4167 8982
4168 8111
4168 11761
4169 9239
4170 4272
4170 10667
4171 7523
4171 11824
4171 13272
4172 6128
4173 7716
4173 14356
4174 5526
4174 5946
4175 5716
4175 8603
4175 11188
4176 5118
4177 5286
4177 11732
4177 13267
4178 6418
4178 10363
4178 13042
4179 10100
4179 12817
4180 12185
4180 13665
4181 8405
4181 10742
4181 14136
4183 8487
4183 14254
4184 6768
4185 10196
4185 10319
4186 9045
4186 9674
4186 10375
4186 12751
4186 13279
4187 5987
4187 6598
4188 4421
4189 11356
4189 12549
4189 14274
4190 6728
4190 8990
4190 9293
4190 11884
4192 4890
4192 9261
4193 9069
4193 10009
4194 11372
4194 13390
4195 5382
4195 13233
4196 7914
4197 6184
4197 8512
4197 13087
4198 7650
4199 13965
4202 7889
4203 8816
4204 5342
4204 12361
4204 12987
4204 13537
4204 13887
4205 13212
4206 5220
4206 5704
4206 9287
4208 6365
4209 8058
4209 13075
4210 4621
4210 7329
4210 7587
4212 8916
4214 6052
4214 8291
4215 4922
4215 5168
4216 8061
4216 13656
4217 11113
4218 7977
4218 8125
4218 11759
4219 12123
4220 4906
4220 9362
4220 9540
4220 13300
4222 11503
4223 9294
4224 4489
4224 4542
4224 6926
4224 9422
4224 10627
4225 9358
4226 7046
4228 4464
4228 8930
4229 7560
4229 7929
4230 9417
4230 13880
4231 6028
4231 6294
4232 11456
4232 13658
4233 5304
4233 12794
4234 5603
4234 14322
4235 5927
4235 9061
4235 13547
4237 9703
4238 8869
4239 13636
4240 4999
4240 5557
4240 8212
4240 9322
4240 10431
4240 13082
4242 9523
4242 10577
4243 6422
4244 4924
4244 5014
4244 10691
4244 14332
4245 13215
4246 8374
4247 10335
4247 13130
4248 9234
4248 14196
4249 6335
4249 8862
4249 12382
4250 4514
4250 11498
4251 5029
4251 7928
4252 13211
4253 12697
4254 7721
4254 10663
4255 5517
4255 7102
4255 7823
4255 8220
4255 12729
4256 10989
4257 4854
4257 6990
4257 7431
4257 9929
4257 9969
4257 10279
4257 14064
4259 6304
4259 8326
4259 10744
4261 7651
4261 10070
4261 11818
4262 6335
4262 9112
4262 9210
4263 11607
4264 8747
4264 12612
4265 12090
4266 11069
4266 14299
4269 10900
4269 11860
4269 14116
4271 6903
4272 7821
4272 8170
4272 8401
4273 6278
4273 6328
4274 5202
4274 6268
4274 10297
4274 11991
4276 11660
4277 12676
4277 13157
4278 6962
4279 7137
4279 10483
4279 10936
4280 6253
4280 7768
4281 5149
4281 13270
4283 6847
4283 9765
4283 10014
4283 10892
4283 13859
4284 5298
4284 6395
4284 6457
4285 4715
4286 6850
4287 8818
4287 11202
4287 13597
4288 5067
4288 7320
4289 5641
4289 10970
4290 6079
4290 12282
4290 12848
4290 13227
4292 12286
4293 14172
4294 9907
4294 14182
4295 5812
4295 6479
4295 8433
4297 8030
4299 11639
4299 12916
4300 11391
4300 13166
4301 6447
4301 13950
4303 13561
4304 8658
4305 9044
4305 13122
4306 11856
4307 7420
4307 10439
4307 12484
4308 6648
4308 9378
4308 11722
4308 13715
4310 5070
4311 10446
4311 12857
4312 8962
4312 9836
4313 7567
4313 10533
4313 13330
4314 11402
4315 5329
4315 12764
4316 4345
4316 6239
4316 7865
4316 10473
4316 14033
4318 5729
4319 6962
4319 7864
4319 9145
4319 13043
4320 11584
4321 5751
4321 11582
4322 8121
4323 6030
4323 9123
4324 5514
4325 8172
4325 9930
4326 8188
4326 12996
4328 7448
4329 9942
4329 12605
4330 7799
4330 9426
4330 9819
4332 7340
4333 4927
4333 9465
4334 10424
4335 9399
4336 4502
4337 4815
4337 6600
4337 7682
4337 8481
4337 10845
4337 13628
4338 7253
4339 8979
4339 10850
4340 5163
4340 6107
4340 12321
4341 10448
4341 12063
4342 6606
4342 13914
4344 9234
4344 12385
4345 5841
4345 6350
4345 10292
4345 13446
4346 8001
4346 10485
4347 12667
4348 4978
4348 10671
4349 6918
4350 5784
4350 7661
4351 4636
4352 8150
4352 14178
4353 8200
4353 11566
4354 5645
4354 6905
4355 12603
4355 13459
4356 8368
4357 7644
4357 11798
4358 5291
4358 10052
4359 5011
4359 11833
4359 12279
4359 12736
4359 13297
4360 8769
4360 12863
4361 6307
4362 13635
4363 7667
4363 9571
4364 11465
4365 6025
4365 7900
4365 14231
4366 10527
4366 12143
4367 6056
4368 6946
4368 8750
4368 12852
4369 8282
4369 13198
4370 13945
4371 4712
4371 10004
4374 9420
4375 5075
4375 7863
4375 9082
4375 10168
4376 6723
4376 6833
4377 7679
4377 8196
4377 8686
4377 9523
4377 10913
4379 8014
4380 5021
4380 11554
4380 12425
4381 6267
4383 10563
4384 6831
4384 9034
4385 13150
4385 13316
4388 10825
4389 7354
4389 9691
4390 10425
4390 10859
4390 11547
4391 7999
4391 10238
4392 5537
4392 5838
4392 9299
4392 10977
4395 5136
4396 6266
4396 7362
4396 13664
4397 9566
4397 11669
4398 10246
4400 7929
4401 7927
4401 10416
4401 13744
4402 12695
4402 13609
4403 5881
4403 8003
4404 6182
4405 4889
4405 5547
4408 12047
4408 13506
4410 4686
4410 7925
4411 5817
4412 6214
4412 12450
4412 13642
4413 5677
4414 12212
4415 5799
4415 10567
4416 7242
4416 10656
4416 12137
4417 6313
4417 7690
4418 10137
4419 8751
4419 12193
4419 14283
4420 6338
4421 11748
4421 12250
4421 12543
4422 9689
4423 10881
4424 8285
4424 11455
4425 10894
4425 11707
4426 9650
4426 11443
4426 14358
4427 14052
4429 9451
4429 13249
4431 5127
4431 13502
4432 4569
4432 8450
4432 10411
4433 12238
4434 4875
4434 6861
4434 13771
4436 8809
4436 11993
4436 12589
4437 9581
4439 7189
4440 6635
4440 10280
4440 11437
4440 12348
4441 14003
4442 8194
4442 12141
4443 4741
4444 14328
4445 12036
4446 7002
4446 10640
4446 14319
4447 9875
4447 12252
4448 8143
4448 12882
4449 9969
4451 11152
4452 7219
4452 11162
4452 13587
4453 13495
4453 14075
4454 6665
4454 11763
4455 9987
4456 10128
4457 5328
4457 5540
4457 11825
4458 6137
4458 7945
4459 6359
4460 9228
4461 5557
4461 12931
4463 9259
4463 12290
4464 6608
4464 6636
4464 10797
4464 13493
4465 9936
4465 10514
4466 8546
4466 9662
4466 12986
4467 6069
4467 6767
4467 8641
4467 12915
4468 5014
4468 9279
4470 5016
4470 7820
4471 6206
4471 9000
4471 11441
4472 12739
4472 14292
4473 7046
4474 11725
4474 11956
4475 12361
4475 12937
4476 4559
4476 6962
4476 8579
4476 9500
4476 10856
4476 11188
4476 11475
4476 13173
4476 13730
4477 6922
4477 7705
4477 9069
4477 14074
4478 6243
4478 10813
4478 11551
4478 11758
4478 14239
4479 6240
4479 7420
4479 7648
4480 6851
4480 9856
4480 14291
4481 9471
4482 7256
4482 8111
4482 13208
4483 6887
4483 13231
4484 6253
4484 13313
4484 13864
4485 5476
4485 7380
4485 9922
4485 10547
4486 6023
4487 7313
4487 11736
4488 10748
4488 11560
4488 12290
4489 5256
4489 5282
4489 10044
4489 12118
4491 8666
4491 10017
4491 10269
4492 9344
4492 9364
4493 7477
4493 10421
4494 6728
4494 11102
4494 11778
4494 13461
4495 6058
4495 12699
4496 9661
4496 10709
4497 4696
4498 10552
4499 10197
4499 10687
4500 13940
4501 5193
4501 7020
4501 7646
4501 7909
4501 11485
4502 5577
4502 11358
4502 12552
4503 13316
4504 10581
4505 5518
4505 6082
4505 8526
4505 11879
4506 4561
4506 6048
4506 9797
4506 10123
4506 14288
4507 12401
4508 9249
4508 11352
4508 14071
4509 4546
4509 9540
4509 14114
4510 6896
4510 11478
4511 7264
4511 13814
4511 13852
4512 4714
4512 8829
4513 5009
4513 11491
4513 13507
4513 14075
4513 14241
4514 7681
4514 9164
4514 11361
4516 13666
4517 13936
4518 6366
4518 8793
4519 9747
4519 10100
4520 4610
4520 10869
4521 6184
4521 6551
4521 9908
4521 10879
4521 11158
4522 8434
4522 10068
4524 6887
4524 9341
4525 9917
4526 14044
4527 13240
4528 7124
4528 13508
4530 6039
4530 10071
4531 8033
4531 12162
4532 7916
4532 13477
4534 4896
4534 7224
4534 9193
4535 8534
4537 11348
4538 5192
4538 7286
4539 13550
4540 8245
4541 6239
4541 7295
4541 13119
4543 13390
4544 6379
4546 6962
4546 8001
4546 10459
4547 13808
4550 6890
4550 13929
4551 4863
4551 9676
4551 11162
4552 8564
4553 4656
4553 5260
4553 12518
4553 14298
4554 10948
4555 7572
4555 8959
4555 11090
4555 11767
4556 7260
4556 9328
4556 10369
4557 11735
4558 7255
4559 5724
4560 7529
4561 5225
4562 7328
4564 7153
4565 6200
4565 7690
4565 12328
4565 13780
4565 13844
4566 6665
4566 7496
4566 8824
4567 7491
4568 4868
4568 9790
4569 11939
4570 12105
4570 13820
4571 6664
4571 8197
4571 10109
4571 13794
4571 14118
4571 14353
4572 7933
4572 13385
4573 8363
4573 11275
4574 6399
4574 9015
4574 12756
4575 5973
4575 6761
4575 13102
4576 12910
4578 7487
4579 8323
4579 11466
4580 5111
4580 5941
4580 6813
4582 12600
4583 9808
4583 11503
4583 12239
4584 11194
4585 11758
4586 12286
4587 6680
4588 4747
4588 7377
4588 9247
4589 13794
4590 12344
4590 12882
4591 8956
4592 8070
4592 11915
4593 10416
4593 12612
4594 7878
4594 7994
4595 9865
4595 11102
4595 12550
4596 5253
4596 13403
4597 4989
4597 11661
4600 5949
4600 8328
4602 7089
4602 9269
4604 11178
4604 13470
4606 8760
4607 5858
4607 13691
4607 13971
4607 14250
4609 7656
4609 8335
4609 9452
4609 13450
4610 12642
4610 12651
4612 8673
4613 7742
4613 7859
4613 12395
4615 8388
4615 13016
4616 5015
4616 6025
4616 6219
4616 14081
4617 8436
4617 8759
4618 9721
4618 10224
4619 4661
4619 5556
4619 7081
4619 12087
4620 6965
4620 14207
4621 5008
4621 11053
4622 7949
4622 10447
4623 5542
4624 8088
4624 13995
4626 8383
4627 5624
4627 5973
4627 13128
4628 6481
4628 7859
4629 12784
4629 13474
4630 5569
4630 12262
4631 4825
4631 12040
4631 13693
4632 8989
4633 7706
4633 12582
4634 4984
4634 10301
4635 6445
4635 8555
4635 8994
4635 10901
4636 6438
4636 9947
4638 9096
4638 13375
4638 14068
4639 7628
4639 9567
4640 8019
4640 9275
4640 9479
4641 13800
4644 5633
4645 6071
4645 6090
4645 10237
4646 11270
4647 7954
4647 8002
4647 9080
4648 7890
4648 10606
4649 5269
4649 10756
4650 9436
4650 9702
4651 8286
4651 11020
4652 10980
4653 6470
4654 6995
4654 9179
4654 10066
4654 10188
4655 7091
4655 10312
4655 12176
4655 12183
4656 7921
4656 10696
4656 12109
4656 14258
4657 9133
4658 6706
4658 13279
4659 12013
4660 11327
4661 5104
4661 7848
4661 13777
4663 5428
4663 6882
4665 8906
4666 5455
4666 5513
4666 8989
4667 11570
4667 11688
4668 14198
4669 9162
4669 9959
4670 10665
4671 12713
4672 5739
4672 10250
4674 9683
4674 12515
4675 9822
4676 11574
4677 7866
4677 8601
4678 8812
4678 9452
4679 10187
4680 13325
4682 5694
4682 8928
4682 11980
4683 6703
4683 7259
4683 9661
4684 4878
4685 5456
4686 8793
4686 10639
4686 12253
4687 7308
4688 4792
4688 6385
4688 9426
4688 10307
4689 12108
4689 13549
4690 5800
4690 8470
4690 9568
4691 8390
4691 11419
4692 13188
4693 6831
4693 7232
4693 9256
4694 5516
4694 9575
4695 11326
4695 12289
4697 7483
4697 7744
4697 8781
4697 11566
4698 5563
4699 10778
4700 6993
4700 8858
4700 9488
4701 5680
4701 7087
4701 7690
4701 9049
4701 12380
4701 13298
4702 6182
4703 8413
4704 10301
4704 12936
4705 11528
4705 11696
4706 5463
4706 8130
4706 10456
4706 11612
4706 12288
4707 5091
4707 14290
4708 12459
4709 13018
4710 5067
4710 10206
4710 12354
4711 7422
4711 10593
4713 6009
4714 5895
4714 8553
4714 12605
4716 4943
4716 5740
4716 8344
4716 9572
4716 9582
4717 10890
4718 6180
4719 4790
4719 5868
4720 8463
4721 11765
4721 13990
4723 12533
4726 4893
4728 12310
4729 6498
4730 10491
4730 10512
4730 13208
4731 7821
4731 10211
4731 12540
4731 13132
4734 10484
4735 7300
4735 7322
4735 8003
4735 8183
4735 11575
4735 13188
4736 9633
4737 7476
4737 12183
4738 8650
4739 5954
4739 7405
4739 13824
4740 8383
4740 12113
4741 4847
4741 7330
4741 8960
4741 12428
4742 5079
4742 10582
4742 12342
4742 14231
4744 10455
4744 12349
4744 12846
4745 8498
4745 10304
4746 10388
4746 10537
4746 10542
4747 5909
4747 9738
4747 10279
4747 12780
4748 8134
4748 9023
4749 6531
4749 8412
4750 9222
4751 5369
4751 5947
4751 6899
4751 9222
4751 13734
4751 14092
4752 7677
4752 8436
4752 11094
4753 8797
4754 7617
4755 4992
4755 7642
4756 6324
4756 12372
4757 11856
4757 12731
4757 13099
4757 13324
4758 10534
4760 7988
4760 9354
4760 11839
4762 7422
4763 8448
4764 8821
4765 4781
4765 11852
4766 11982
4768 12798
4769 14303
4770 11333
4771 6789
4771 8115
4771 8150
4771 9500
4772 8641
4772 10008
4772 10474
4772 11855
4772 13515
4772 13531
4773 7614
4774 8221
4774 11974
4775 10474
4776 9164
4777 7634
4777 10526
4778 12098
4778 13053
4779 6888
4779 9883
4779 11302
4779 12493
4780 7676
4780 12955
4780 13556
4780 13990
4781 10911
4781 11285
4781 12562
4781 13448
4781 14029
4782 5122
4784 5460
4784 9064
4784 9722
4786 6165
4786 14057
4787 5824
4788 5094
4788 9382
4789 5742
4789 6601
4789 10917
4790 11872
4791 7191
4791 9916
4791 10273
4792 9307
4793 5939
4793 10215
4793 11903
4794 9339
4794 10280
4795 9814
4796 4854
4796 5621
4796 9002
4796 13849
4797 7565
4797 13082
4797 13732
4798 4800
4798 11689
4799 7185
4799 9216
4799 10078
4800 7998
4800 10474
4801 7118
4801 11601
4801 11793
4801 12921
4802 11469
4803 5692
4803 5984
4803 6420
4804 10136
4805 13537
4806 4862
4806 11636
4806 13120
4807 12616
4807 12686
4807 14113
4808 6839
4809 9762
4809 12039
4809 13011
4810 9665
4810 10297
4811 6652
4811 8302
4811 8484
4811 11945
4812 6770
4813 7278
4814 13136
4815 5352
4815 7180
4816 7711
4816 12596
4817 7765
4817 12759
4818 9508
4818 13889
4819 8177
4820 8102
4820 8558
4820 8825
4820 11779
4821 7927
4822 7231
4822 13431
4824 9682
4826 5051
4826 13641
4827 5116
4827 11687
4828 7285
4828 8706
4829 9120
4829 12348
4830 9296
4832 5862
4832 8077
4833 12291
4834 14064
4836 8890
4838 6944
4838 8729
4838 9507
4838 13594
4838 13997
4839 8506
4840 11072
4840 13207
4841 8549
4841 8697
4841 12414
4841 13487
4842 10823
4842 13728
4843 5490
4843 5677
4844 6106
4844 7324
4844 8550
4845 11037
4846 5755
4846 12462
4846 14076
4847 5447
4847 6736
4847 9170
4847 9402
4848 8650
4849 4993
4849 6148
4850 14015
4851 5646
4851 14336
4852 4947
4852 9978
4853 5553
4854 6403
4855 9005
4856 8037
4856 9210
4856 10772
4857 13932
4858 7941
4858 11937
4859 6126
4859 6899
4860 5474
4860 9123
4860 14191
4861 8962
4861 10745
4862 5230
4862 5844
4863 9866
4864 12507
4864 13259
4867 9270
4867 13022
4868 12762
4870 9187
4870 11277
4870 13600
4871 5627
4871 9332
4871 10256
4871 10622
4872 6520
4872 7514
4872 7912
4872 9852
4873 5657
4873 9057
4873 11363
4873 13339
4874 9856
4875 7850
4875 10146
4875 11045
4875 13274
4875 13363
4875 13749
4877 5018
4877 6345
4877 14043
4878 6248
4879 6683
4879 11177
4879 12928
4880 7800
4880 10514
4881 5230
4881 6923
4882 12340
4882 13120
4882 14105
4884 7311
4884 7579
4884 8301
4884 8449
4887 5391
4888 11488
4888 11931
4889 9174
4890 7995
4890 11548
4890 11940
4891 5117
4891 6286
4892 7410
4892 9757
4894 12333
4895 5517
4896 10351
4896 11321
4897 9315
4898 7818
4898 9889
4900 5174
4900 5558
4900 6921
4901 11305
4902 5299
4903 7059
4903 11091
4904 5300
4904 12153
4905 6944
4905 10025
4905 12888
4906 5738
4907 6381
4907 11608
4908 9297
4908 13110
4910 9408
4912 11050
4914 6675
4914 12736
4914 13858
4914 13942
4915 6572
4916 4963
4916 8655
4916 9848
4918 9521
4919 5105
4919 8081
4919 8387
4919 9095
4919 10356
4920 5662
4920 9012
4920 9819
4922 5509
4922 6871
4922 12865
4922 13303
4923 8910
4923 9352
4924 5242
4925 8869
4925 12154
4926 12731
4928 5197
4928 13168
4930 13922
4931 10640
4931 13205
4933 5579
4933 6441
4933 7924
4933 11294
4933 11343
4933 12064
4933 12761
4934 8058
4936 8730
4937 11808
4938 6114
4938 7139
4938 10843
4939 13424
4940 10011
4940 10473
4940 10665
4942 7005
4944 10714
4944 11581
4945 9574
4945 11545
4946 6718
4946 9312
4946 10198
4946 12992
4947 9033
4948 7982
4948 8474
4949 12152
4950 7299
4950 12063
4950 12246
4951 5194
4951 6270
4952 7808
4952 9318
4952 10291
4954 9703
4955 7788
4956 9353
4957 5831
4957 6344
4957 7533
4957 7673
4959 7676
4959 8409
4960 8819
4961 9052
4961 12364
4962 6276
4962 11023
4962 11596
4963 6987
4963 8958
4963 11050
4964 9370
4964 11036
4965 7628
4966 8582
4967 5699
4967 7298
4967 8984
4968 10227
4968 10777
4968 13807
4969 13805
4971 7257
4972 5504
4973 8975
4974 7196
4975 11740
4975 12644
4976 8308
4977 5192
4979 11806
4981 7784
4982 5442
4982 6235
4983 12246
4983 13443
4983 13899
4984 6109
4984 7779
4984 8919
4984 12454
4984 12990
4984 14063
4985 10026
4986 8514
4987 6826
4987 6838
4988 12905
4988 13567
4990 6612
4990 7327
4990 10350
4991 8684
4991 13601
4992 6664
4992 12350
4992 13702
4993 6304
4994 6970
4994 9627
4994 11064
4995 11320
4996 8158
4997 6895
4997 10294
4998 12998
4999 11529
4999 12712
5001 10058
5002 5697
5002 10655
5003 11209
5004 5815
5004 10012
5005 7098
5006 12717
5007 6073
5009 12185
5010 9738
5010 10672
5011 6130
5011 8443
5011 11264
5012 13063
5015 9988
5016 13799
5018 5311
5018 7774
5018 12747
5019 9111
5019 10636
5020 5722
5020 8094
5020 8242
5021 6940
5021 9285
5021 11382
5023 6563
5025 8695
5026 13597
5026 13714
5028 6262
5028 9260
5028 10863
5030 12344
5031 7019
5032 13521
5034 8587
5034 10419
5034 11903
5035 5206
5035 5829
5035 7244
5035 8181
5035 8591
5035 9060
5035 12314
5037 6491
5038 6965
5038 12670
5039 13363
5040 8942
5044 5878
5044 8728
5044 9169
5044 9617
5045 9708
5046 5905
5046 6135
5046 8298
5047 13887
5048 5767
5049 8431
5049 9538
5049 10186
5050 6769
5050 8447
5052 6753
5052 11753
5053 7762
5053 8929
5053 9255
5053 11168
5053 12788
5054 10096
5054 12313
5055 11212
5056 9859
5056 12730
5058 13701
5059 8932
5059 11127
5059 13303
5061 9620
5062 11633
5062 12013
5064 6529
5064 13569
5065 5210
5065 5878
5065 8603
5066 6283
5066 7727
5067 7332
5068 12750
5069 7536
5070 9054
5072 9191
5072 11882
5073 7991
5073 8969
5075 7548
5075 8839
5075 12260
5075 13196
5076 9655
5078 7814
5079 8007
5079 8341
5080 6396
5080 7647
5080 8176
5080 9963
5081 5887
5081 6272
5081 14114
5082 5499
5082 6447
5084 6732
5084 7113
5084 7554
5084 8206
5085 6763
5085 9504
5086 6027
5086 10940
5087 11569
5089 11141
5089 11735
5090 9451
5090 10447
5090 13105
5091 9350
5092 6383
5093 8047
5094 7545
5094 9391
5094 9957
5096 6259
5096 8421
5096 11640
5097 10265
5098 7131
5098 9547
5098 14049
5099 8489
5100 6268
5100 9223
5103 8967
5103 11466
5103 13451
5104 7882
5105 13368
5106 10296
5108 6623
5108 10962
5109 7756
5109 10415
5110 8290
5110 8650
5110 8809
5110 9956
5111 7223
5111 8563
5111 9581
5113 6180
5114 12917
5114 14066
5115 8137
5115 11159
5115 12485
5116 9126
5116 14098
5117 13326
5118 12937
5119 11004
5119 12023
5119 14338
5120 11951
5121 9805
5122 6573
5122 12296
5122 12343
5123 11140
5124 10493
5125 8250
5125 8748
5125 12426
5126 5189
5126 11338
5128 8340
5128 8896
5129 5892
5130 5740
5130 7019
5130 7250
5130 8536
5130 9437
5130 13415
5131 10458
5131 11502
5131 12484
5132 6535
5133 7404
5134 6911
5134 11382
5134 13961
5135 5408
5136 5770
5136 12980
5139 6340
5139 8472
5139 12500
5140 8868
5142 6327
5142 12959
5142 13377
5143 10971
5144 12835
5145 7024
5145 11806
5146 12937
5148 5364
5148 6710
5150 7892
5151 10384
5152 13407
5153 6692
5154 6573
5155 6445
5155 8143
5155 10700
5156 12995
5158 7134
5158 8393
5158 11927
5158 13142
5159 9566
5159 11604
5159 11806
5159 13846
5160 13196
5160 13551
5161 5439
5161 13782
5163 6839
5163 7501
5164 9974
5164 11230
5164 12662
5165 6005
5165 11924
5165 12766
5166 5927
5168 14116
5170 6338
5170 9719
5170 11309
5170 13863
5171 9063
5171 11984
5171 12435
5171 12988
5172 5729
5172 11637
5173 12747
5174 6070
5174 6688
5174 9081
5174 9785
5174 11461
5175 13615
5175 13922
5176 8380
5177 6604
5178 8438
5179 7687
5180 10161
5180 14125
5181 12774
5182 11023
5184 11185
5185 10163
5186 10087
5186 12116
5187 6304
5187 6363
5188 12593
5189 7530
5189 12762
5189 14320
5190 11886
5191 10440
5191 14287
5192 9205
5192 9502
5193 8755
5193 11211
5194 9260
5194 12587
5195 5222
5195 5274
5196 6764
5196 12223
5197 5781
5197 11862
5197 12736
5198 8843
5198 12437
5199 12649
5200 7953
5200 13333
5201 7323
5202 10160
5203 10358
5203 10408
5203 12481
5204 9083
5204 11284
5204 13945
5206 11393
5207 10384
5207 12822
5207 13400
5208 11000
5209 8840
5210 11984
5211 10381
5211 11391
5213 9715
5214 11503
5215 5280
5215 5926
5217 13731
5218 9230
5218 13043
5218 13784
5218 13922
5219 7597
5220 11601
5222 12047
5223 7466
5223 9201
5224 6539
5224 6568
5224 10151
5224 12179
5224 13614
5225 6529
5225 13465
5226 8258
5226 10838
5226 12393
5227 7795
5227 10869
5227 13157
5228 6975
5228 8401
5228 9974
5228 10641
5229 6683
5229 10715
5229 11055
5229 12801
5229 13894
5230 7439
5230 9268
5230 12969
5231 6996
5231 7247
5231 12161
5232 8014
5234 7147
5235 5377
5235 9820
5235 10901
5237 7634
5238 5241
5238 7747
5238 11342
5241 5655
5241 7674
5241 8269
5241 11002
5241 12370
5241 13870
5243 6050
5244 5254
5244 6040
5245 9730
5245 10800
5246 8052
5246 10513
5246 11040
5247 8276
5247 11688
5248 6859
5248 10060
5249 12836
5253 9144
5253 10149
5254 8408
5254 13057
5255 7435
5255 9589
5256 5266
5256 7199
5256 7790
5256 7872
5256 12923
5256 12979
5257 9877
5257 10356
5258 5768
5258 9015
5258 10440
5258 11772
5258 14222
5261 12338
5261 12403
5263 6263
5263 8069
5264 9134
5264 13570
5265 6155
5265 7401
5265 7936
5265 10255
5267 7146
5267 12004
5267 12504
5268 5597
5268 9655
5269 12245
5269 14343
5270 13654
5271 6324
5271 7133
5271 12967
5272 13902
5273 11323
5274 10027
5274 12103
5274 12577
5275 7896
5275 9744
5275 11156
5275 13554
5276 7238
5276 10901
5277 6169
5277 7067
5277 8239
5277 10337
5278 10585
5279 7975
5279 11623
5280 12438
5281 11151
5281 11800
5283 13200
5284 5542
5284 5688
5284 9793
5285 6165
5285 7982
5285 13207
5285 13939
5286 7721
5286 8289
5286 8673
5286 12851
5286 14210
5287 8994
5288 7136
5288 11883
5288 13239
5289 7851
5290 6502
5290 9973
5290 12473
5290 12803
5291 7004
5291 7942
5291 11021
5292 11950
5294 5757
5295 5478
5295 7219
5295 7536
5295 9538
5295 10357
5296 5784
5297 13159
5297 13918
5298 5548
5300 7931
5300 12108
5301 7146
5301 13336
5301 13930
5301 14135
5302 11462
5303 9741
5303 14067
5304 8918
5304 10304
5304 10686
5305 10684
5305 10922
5307 13252
5307 13424
5309 9378
5309 9605
5311 7864
5311 12566
5312 6026
5312 11836
5314 12603
5314 12893
5315 6483
5315 11736
5316 9594
5316 10572
5316 10719
5317 8242
5317 12735
5318 13154
5319 8812
5320 12101
5320 12137
5323 9643
5323 11503
5324 13243
5325 7546
5325 11077
5325 13370
5326 5459
5326 12701
5328 11082
5328 12618
5329 11311
5330 6349
5330 7303
5330 10963
5330 12809
5331 12791
5333 6650
5334 14171
5335 7176
5335 10420
5336 7116
5336 7520
5337 6201
5337 7993
5338 7775
5338 10808
5338 11523
5339 7451
5339 13820
5340 6298
5340 7615
5343 8144
5344 8752
5345 9227
5345 12547
5346 6671
5347 13170
5348 10171
5348 14047
5349 5581
5350 10086
5351 9521
5352 6227
5352 8246
5354 12351
5355 7138
5355 7753
5355 12391
5355 12935
5356 9075
5358 9711
5359 12322
5359 14290
5361 5555
5361 10498
5363 12110
5364 10909
5365 8184
5366 10031
5367 6280
5367 6543
5367 11941
5368 7273
5368 11944
5369 8407
5369 10734
5370 13869
5371 9675
5372 7101
5373 11325
5374 7754
5374 8238
5374 14346
5377 6114
5377 11160
5377 13370
5377 13729
5378 8826
5379 14214
5380 7517
5381 13240
5382 5509
5382 10633
5382 13565
5383 9188
5383 9776
5383 11653
5384 10843
5384 12030
5385 7519
5385 8344
5385 10664
5386 6051
5386 7667
5386 8535
5386 10856
5387 6712
5387 7210
5387 8407
5387 12652
5388 5740
5389 6676
5390 12567
5391 6601
5393 12944
5393 13226
5394 8973
5394 10047
5394 13710
5395 11861
5398 6697
5398 13313
5399 7257
5400 6292
5401 6325
5401 12373
5401 12659
5402 6813
5402 9689
5403 5462
5403 5972
5404 10493
5404 10562
5405 11411
5406 7627
5407 11731
5408 14141
5409 6433
5409 10957
5410 6262
5410 7767
5410 8886
5411 7008
5411 12633
5412 10811
5412 12510
5412 14090
5413 13462
5414 13544
5414 14035
5415 9836
5415 13627
5416 10996
5417 7746
5417 11372
5418 7452
5419 12011
5419 13223
5420 11634
5420 13580
5420 13702
5421 7092
5421 8834
5421 13643
5423 12397
5424 11307
5425 11103
5426 11266
5426 12730
5428 5903
5428 8848
5428 10272
5429 9287
5429 10039
5429 11279
5429 12993
5429 13447
5430 10430
5431 9332
5431 11501
5431 14295
5432 5685
5432 9986
5434 5607
5434 11173
5435 8059
5435 8857
5437 10758
5438 6238
5439 6806
5439 10276
5440 10924
5441 10450
5441 11779
5442 5907
5442 7083
5443 5920
5443 8202
5443 9107
5445 10599
5445 12645
5445 13554
5446 14126
5447 7503
5447 8282
5448 6784
5448 7221
5448 10615
5449 6561
5449 8291
5449 9539
5449 9933
5451 5789
5451 8031
5455 7159
5455 10440
5455 12199
5456 5845
5458 8670
5458 10530
5459 9163
5459 9688
5460 11387
5460 11884
5460 12809
5461 10878
5462 6779
5462 13498
5463 12450
5465 6231
5465 13360
5466 9436
5466 9532
5467 8497
5468 7610
5468 11847
5468 12237
5469 7582
5470 8347
5470 13090
5471 10193
5472 9576
5472 9943
5472 11909
5473 6712
5473 13088
5474 13810
5475 6769
5476 7542
5477 8266
5477 11989
5477 13082
5481 13661
5481 13882
5482 6244
5482 13139
5483 12236
5484 12710
5485 6615
5485 9160
5485 12085
5486 7163
5486 12471
5487 7156
5487 8666
5488 13675
5490 12516
5491 7578
5491 13667
5492 7769
5492 11986
5493 8067
5494 6952
5494 13439
5496 5762
5496 7518
5496 8159
5497 13989
5498 9205
5498 14238
5499 6126
5499 13587
5500 13684
5502 5815
5504 7680
5504 8781
5504 13834
5505 6775
5506 6620
5508 11299
5509 9940
5509 14154
5510 7390
5510 9587
5510 9844
5511 7420
5511 10088
5512 12355
5513 6881
5514 6261
5515 6943
5516 9094
5517 10818
5517 13496
5518 9815
5518 13126
5520 7677
5521 6935
5522 7557
5523 9569
5523 14221
5524 6356
5524 13719
5526 8343
5526 12725
5528 8550
5528 8842
5528 11054
5529 11664
5530 6569
5530 7376
5530 9735
5530 14126
5531 9165
5532 7953
5532 10478
5532 12159
5533 10415
5534 6926
5535 5881
5535 6799
5536 7360
5536 11473
5537 5785
5537 7013
5538 14310
5539 6104
5539 9888
5539 10992
5539 12765
5540 5696
5540 6429
5540 12200
5540 13894
5541 11788
5542 11465
5543 5636
5544 6881
5544 12013
5544 12986
5544 13514
5545 6572
5545 8870
5545 10251
5545 10537
5546 11306
5546 12444
5546 14248
5547 12365
5550 6278
5550 11700
5551 11359
5551 12094
5552 10058
5553 8322
5553 14005
5554 7766
5554 10336
5554 14025
5555 6984
5556 6102
5556 6964
5556 14180
5557 7396
5559 7429
5559 9024
5559 9035
5560 9912
5560 11837
5561 8074
5562 6778
5562 6982
5562 10283
5563 9808
5564 6881
5566 5929
5566 9195
5566 11548
5567 10648
5567 13160
5568 8771
5568 13277
5569 5955
5570 6958
5572 6390
5572 6939
5573 11650
5573 12438
5574 6801
5574 7847
5574 13328
5576 7505
5577 8361
5577 12665
5578 11524
5579 7544
5579 8594
5579 10614
5579 10686
5580 12244
5581 8391
5581 14076
5582 12825
5582 13290
5583 6190
5583 8908
5583 10706
5583 13840
5584 12611
5586 6701
5588 10452
5588 11248
5588 13885
5589 7885
5590 12492
5591 8440
5592 7333
5592 12888
5592 12924
5594 10938
5595 8991
5596 5830
5596 7648
5596 9220
5596 13408
5597 11237
5597 11291
5598 11922
5598 12372
5601 11603
5602 9361
5602 10103
5602 10858
5603 6848
5603 11523
5603 14007
5604 8088
5605 14183
5606 10826
5607 6908
5608 6339
5608 6730
5610 8296
5612 6314
5612 6812
5612 7174
5613 13907
5614 6675
5615 13911
5616 11687
5617 14166
5618 8864
5619 5958
5619 12438
5620 7883
5621 5632
5621 13413
5622 8968
5622 13231
5623 12818
5625 7542
5625 11557
5626 5909
5626 7104
5626 13991
5627 8133
5627 13033
5627 13106
5629 8517
5629 13085
5630 8274
5630 12132
5630 12466
5631 10386
5631 11484
5631 12994
5631 14300
5632 7753
5634 5849
5634 7136
5634 11219
5634 13804
5635 6806
5635 13217
5636 10945
5636 14153
5637 7729
5638 7447
5638 9143
5638 12219
5639 7467
5639 8821
5639 9261
5639 11553
5639 13026
5639 13205
5640 10472
5641 13169
5642 7598
5642 12183
5643 12306
5644 6401
5644 10117
5644 12742
5646 6434
5646 14101
5648 8400
5649 10216
5649 12505
5649 12720
5649 13303
5650 11197
5650 14030
5651 8480
5651 10952
5651 13185
5651 14276
5652 7038
5652 7107
5654 9502
5656 7573
5656 8309
5658 10184
5658 10351
5658 10862
5658 14055
5659 9003
5659 11965
5659 14092
5660 14280
5661 9120
5661 10335
5664 7125
5664 8592
5664 12587
5665 6625
5665 9761
5665 11565
5666 11762
5666 11809
5667 5817
5667 9543
5667 13635
5667 13812
5667 13850
5668 7751
5669 9032
5669 9118
5669 10743
5669 11411
5669 14031
5669 14072
5670 5858
5670 9179
5670 9950
5670 10045
5671 7942
5671 7947
5671 8439
5672 13603
5673 12845
5674 11878
5674 12000
5675 11177
5676 6442
5676 8278
5676 11144
5676 14104
5678 6138
5682 6279
5682 6423
5682 11252
5685 7778
5685 10379
5686 8227
5686 12162
5687 10359
5689 11888
5691 9986
5692 7920
5692 12211
5693 7719
5693 8256
5693 11177
5695 6615
5695 11626
5695 11665
5697 8942
5697 12795
5697 13460
5698 10446
5698 13158
5699 7977
5700 8236
5700 12336
5700 13766
5701 6619
5701 8808
5701 9885
5701 12713
5702 6913
5702 13230
5702 14135
5703 7135
5704 8023
5705 7034
5705 9016
5706 10738
5707 6337
5707 7232
5707 9498
5709 12795
5710 9730
5713 5918
5713 7702
5713 9703
5713 11240
5714 10551
5715 6006
5716 11000
5716 13485
5718 6962
5718 10917
5718 12312
5719 7295
5721 6558
5722 7946
5722 9275
5723 13878
5724 6373
5724 12489
5726 8237
5726 10540
5727 6447
5727 6519
5727 9370
5728 6459
5728 13704
5729 9686
5729 12214
5729 14134
5730 6686
5730 9774
5732 7025
5732 12974
5733 6513
5735 6557
5735 9281
5735 11854
5735 12737
5736 6049
5736 12254
5737 9734
5737 10487
5737 10881
5738 6465
5739 11586
5739 12767
5739 13552
5739 13806
5740 5804
5740 12183
5741 5777
5742 12136
5742 12488
5743 6959
5743 7165
5743 8018
5743 11959
5743 12516
5743 13863
5744 10949
5747 12111
5748 10448
5749 6508
5749 12101
5750 12698
5750 13259
5751 7814
5751 7899
5751 9462
5751 10353
5751 12250
5751 12670
5751 13865
5752 9345
5753 10647
5753 13097
5754 5974
5754 11264
5754 11929
5755 7812
5755 10544
5755 11586
5756 6956
5756 10686
5757 8427
5758 9657
5760 6194
5760 7081
5761 6442
5761 8476
5762 11265
5764 14239
5765 10014
5766 9827
5767 6163
5767 12493
5768 8063
5769 7105
5769 11182
5770 9007
5771 7779
5771 9570
5771 13505
5772 12265
5772 12556
5772 12972
5773 11708
5775 6532
5775 9022
5776 6112
5777 9158
5777 11408
5777 12296
5777 12931
5777 13296
5777 13802
5778 6475
5779 6137
5779 9935
5779 13230
5780 8693
5782 12187
5783 11688
5783 11841
5784 8502
5784 12041
5786 7080
5786 11419
5787 11426
5789 6451
5789 7418
5789 7664
5789 8653
5790 7717
5790 9226
5791 7436
5791 8505
5791 9701
5791 12598
5792 7561
5792 8107
5793 9229
5793 9603
5794 6939
5794 8674
5794 8971
5794 9838
5794 10326
5795 12065
5795 12806
5797 6565
5797 10985
5798 8661
5798 12751
5798 13060
5799 6313
5799 9608
5799 12760
5800 7371
5800 7582
5801 8956
5803 5886
5803 9391
5804 6377
5804 12403
5804 12933
5805 7174
5806 6103
5807 9536
5809 6032
5809 11402
5811 6922
5811 7980
5812 9946
5813 10564
5814 10262
5815 12660
5816 8435
5816 10040
5817 9541
5817 10940
5819 10307
5819 11549
5820 10346
5821 10113
5822 8436
5823 6861
5824 8086
5824 13092
5825 12062
5826 7151
5826 9455
5826 10410
5826 11747
5826 12082
5827 9524
5828 11003
5829 6203
5829 7841
5829 8628
5829 13089
5831 11276
5832 8606
5832 9916
5832 13486
5832 14057
5833 7726
5833 8788
5833 11662
5834 11340
5835 9039
5835 10500
5835 11129
5835 11799
5838 7659
5839 13663
5839 13671
5840 9540
5842 8822
5842 9197
5843 8983
5843 11642
5843 13029
5844 13774
5844 13910
5845 6960
5845 7433
5845 9119
5845 10254
5845 13527
5847 7275
5847 8465
5849 7632
5849 13130
5850 12540
5851 9105
5851 10641
5851 11388
5852 7504
5853 10344
5854 10810
5855 8131
5856 13591
5857 6074
5857 6796
5857 11191
5858 8892
5859 10750
5859 11498
5859 14096
5861 9368
5862 8030
5863 10890
5864 10669
5866 13799
5867 9825
5867 11521
5867 13295
5868 11635
5868 14014
5869 13259
5870 9372
5870 11811
5871 6614
5871 12929
5871 13793
5873 6798
5874 13424
5875 9418
5875 9739
5877 7544
5878 8658
5878 13842
5879 13066
5880 13724
5881 9039
5881 12653
5882 7650
5882 9456
5882 13072
5882 13193
5882 13365
5882 14339
5883 6032
5883 8177
5884 9544
5886 12054
5888 9024
5888 12204
5890 7417
5891 9590
5891 10375
5891 11560
5893 9536
5893 10615
5894 8730
5894 11037
5894 13533
5895 6132
5895 9829
5896 7762
5896 11187
5897 8326
5897 8766
5898 10906
5899 8279
5899 12025
5900 8764
5901 10263
5902 11487
5902 13279
5904 7702
5906 6731
5909 6827
5911 11240
5912 13665
5912 14119
5913 6342
5913 11687
5914 7984
5914 13677
5915 10405
5916 7142
5916 11492
5917 8007
5919 6928
5919 9098
5919 9216
5919 12222
5920 8366
5921 6998
5922 7362
5922 8434
5922 11947
5922 14123
5923 6021
5924 11040
5925 9457
5925 14235
5926 7465
5926 9898
5927 6619
5928 8898
5928 10034
5928 10081
5928 10351
5930 7223
5930 10583
5931 7993
5931 8914
5932 10218
5932 10421
5933 7616
5933 10073
5933 10845
5934 7649
5934 8443
5935 9407
5935 9411
5935 12521
5936 9320
5937 6030
5937 6443
5937 8784
5937 10632
5937 12873
5938 9588
5939 10946
5940 12737
5942 7737
5942 11837
5942 13466
5942 14061
5943 8827
5944 10619
5945 12366
5946 9339
5947 13320
5948 7761
5948 8937
5949 9035
5949 10781
5950 7322
5950 12543
5951 5971
5951 7740
5951 9081
5952 8061
5953 6899
5953 12345
5954 11450
5955 6241
5955 10089
5955 12836
5955 13077
5955 13687
5956 8185
5956 11713
5957 8470
5957 8520
5957 8912
5957 11329
5957 12724
5958 6678
5958 9680
5959 12211
5960 6504
5960 14333
5961 14292
5962 11063
5963 10025
5963 12009
5964 8429
5965 9635
5966 6902
5966 8871
5966 8894
5966 12038
5967 7338
5968 6207
5968 6226
5968 7868
5968 8372
5968 11399
5969 6901
5969 10298
5970 9107
5971 9052
5971 9229
5971 11040
5971 12791
5971 14089
5972 6478
5972 12504
5973 8627
5973 9100
5974 11487
5975 11281
5975 13979
5976 11286
5977 8087
5977 13267
5978 7733
5978 8259
5978 9199
5980 6091
5980 6265
5980 8085
5981 6618
5981 12308
5982 11253
5983 8404
5983 11454
5984 8824
5984 10799
5984 13814
5985 12332
5986 6579
5986 11574
5988 6084
5988 10816
5988 11879
5989 8191
5990 13194
5991 12484
5991 12519
5993 9649
5994 6380
5994 8449
5995 8552
5996 10619
5997 6113
5997 8269
5997 13396
5998 14187
5999 13428
5999 14110
6000 9521
6000 14010
6001 8624
6001 9234
6001 10338
6002 12255
6003 7202
6003 8005
6003 10142
6004 9178
6005 6948
6005 9213
6005 9700
6005 11093
6006 7476
6006 14142
6007 11276
6008 9374
6008 9926
6009 8018
6010 8670
6015 6580
6015 7318
6016 12809
6017 10564
6017 11448
6017 11588
6018 10658
6019 12171
6020 7297
6020 10858
6021 11910
6021 13557
6022 6811
6022 11535
6022 14010
6023 14256
6024 6087
6024 6105
6024 9213
6024 13265
6025 8103
6025 9108
6026 6522
6026 7480
6026 9928
6027 12886
6027 14341
6028 8835
6028 11930
6029 11451
6030 13214
6031 9816
6031 10492
6031 13852
6032 14063
6033 9295
6033 14097
6034 10682
6035 9466
6035 10618
6035 12129
6036 8436
6040 8928
6040 9364
6040 13563
6041 6840
6041 10315
6041 11524
6041 13813
6041 14216
6042 12478
6042 13375
6043 8291
6044 9405
6045 11577
6046 7685
6046 10308
6047 10452
6048 7130
6048 8161
6048 12869
6049 11737
6050 9068
6050 10227
6050 10295
6050 14108
6051 6109
6051 7624
6051 8665
6051 11952
6052 8242
6052 8458
6052 10375
6053 9752
6053 13099
6055 12696
6057 10048
6057 12286
6057 13862
6058 12497
6059 7381
6060 10276
6061 8280
6061 12175
6062 12393
6062 13681
6063 11700
6064 10380
6065 9926
6066 8441
6066 11542
6067 7801
6067 9556
6067 11373
6068 6726
6068 12918
6070 7338
6070 9725
6070 11950
6071 9703
6071 14054
6071 14101
6073 11827
6075 6297
6075 6432
6075 12902
6076 8279
6077 7295
6079 12096
6080 12395
6081 8641
6083 8191
6083 9969
6085 6390
6085 7812
6085 7871
6085 13883
6086 7945
6086 9448
6086 12363
6087 7648
6087 11891
6088 8425
6089 13684
6090 7170
6092 9223
6092 11697
6092 13377
6093 8527
6093 11409
6093 12716
6094 12311
6095 6769
6095 8770
6095 9547
6096 9882
6098 13452
6099 9932
6101 8896
6101 13438
6102 11100
6103 11559
6103 13294
6104 6677
6104 9554
6106 7643
6106 7894
6106 8732
6108 12249
6110 6571
6110 10727
6111 10543
6111 13557
6112 9707
6113 12713
6115 13294
6115 13863
6116 6329
6116 9830
6117 14243
6118 7814
6119 6461
6120 6980
6121 12264
6122 7435
6122 11137
6124 9504
6124 9541
6124 9909
6125 8832
6125 9797
6126 9618
6126 13001
6127 7185
6128 10606
6128 13370
6129 7078
6129 10610
6130 6389
6131 13670
6132 8284
6132 11532
6133 7315
6133 10325
6134 9871
6134 10017
6134 11167
6134 11607
6135 12380
6136 13990
6136 14039
6140 14341
6141 7361
6141 7596
6141 7621
6141 11883
6143 7866
6144 8566
6144 9897
6145 9703
6145 12823
6146 9061
6147 11695
6148 11122
6148 13962
6149 13556
6150 9489
6150 11297
6151 9051
6151 11604
6152 11126
6152 12779
6153 7960
6153 9431
6154 6492
6158 10127
6158 10416
6159 7866
6159 12860
6160 6337
6160 6394
6160 7246
6160 9396
6160 14109
6161 11340
6161 11857
6162 11773
6163 10813
6163 11067
6165 9752
6165 11405
6166 8477
6166 10609
6167 11251
6168 11844
6169 11664
6169 12853
6169 13655
6169 14255
6171 8544
6172 12858
6173 8799
6173 11623
6175 12583
6175 13261
6176 10194
6176 10373
6177 8930
6177 11876
6177 13936
6178 10235
6178 12764
6182 9603
6182 13752
6184 11277
6185 8344
6186 14270
6187 13528
6188 6781
6188 14263
6189 6503
6191 12041
6193 9027
6194 7586
6195 10632
6195 14215
6196 12278
6196 13629
6199 11728
6199 13181
6199 14318
6201 10405
6201 10427
6202 12548
6204 7958
6204 11486
6204 12371
6204 14247
6205 7527
6206 8795
6207 13525
6208 11648
6210 6490
6210 9007
6211 7818
6212 8781
6213 7771
6217 7536
6218 9931
6218 13140
6219 9803
6220 11119
6221 9149
6221 9762
6221 10310
6222 8013
6223 10413
6223 12011
6224 6876
6224 12644
6225 6262
6225 7798
6225 10807
6228 9999
6229 10127
6229 11132
6229 11735
6230 13568
6231 12547
6232 9642
6232 13085
6233 14024
6234 13049
6235 9245
6235 12894
6236 10265
6237 10076
6237 11666
6238 14061
6239 6966
6239 9099
6240 10000
6240 13841
6242 9342
6242 9809
6242 11163
6243 13695
6243 14247
6245 12070
6245 13987
6246 13037
6247 6923
6247 8204
6248 12046
6250 8166
6251 14161
6252 12727
6253 10824
6255 10812
6255 12177
6256 10788
6256 11102
6256 12624
6257 12422
6257 12897
6257 13229
6257 14098
6257 14296
6258 7214
6258 13115
6259 7061
6259 9570
6260 6485
6260 6817
6260 12657
6261 10974
6261 12048
6261 12235
6261 12717
6264 9516
6264 11133
6265 8152
6266 12315
6267 6855
6267 6962
6267 9298
6267 9518
6268 6425
6268 11193
6268 11998
6269 6314
6269 9270
6269 10500
6269 13907
6270 8380
6270 14352
6271 6613
6271 11507
6273 10822
6273 11507
6275 9264
6275 10956
6275 12439
6277 6685
6277 11123
6278 11813
6279 7579
6279 9394
6281 12675
6282 7051
6282 8017
6282 9148
6282 10507
6282 13631
6284 8123
6284 8955
6285 6409
6286 11235
6286 12836
6287 9913
6288 8223
6288 8530
6290 9500
6291 9729
6291 12258
6291 13924
6292 7265
6292 10072
6292 13695
6293 13218
6294 11347
6294 12924
6294 12978
6296 7719
6298 8864
6298 11673
6298 13384
6298 13856
6300 7194
6300 14198
6301 9725
6302 13370
6303 6935
6304 14216
6305 7141
6305 7194
6305 8783
6305 11619
6306 6895
6306 8804
6307 7547
6307 12412
6307 14021
6308 6393
6308 8894
6308 10392
6309 10327
6309 12846
6310 7910
6310 10291
6310 12152
6310 12183
6311 7854
6311 7995
6312 7060
6312 7210
6314 12822
6315 7267
6315 12740
6315 12906
6315 14269
6316 10123
6317 7679
6317 12687
6319 8670
6319 13355
6320 10492
6322 9782
6323 12088
6323 13477
6324 10842
6324 12232
6325 7996
6325 8200
6325 9451
6326 9893
6326 10762
6329 6469
6329 9820
6329 10925
6329 12422
6331 6907
6331 9032
6331 10249
6331 11951
6331 12581
6332 8767
6333 8968
6334 12550
6335 8230
6335 9339
6335 11215
6335 12762
6337 12216
6338 13479
6339 7443
6339 13611
6339 14312
6340 8389
6341 7035
6343 9394
6343 13028
6344 6452
6345 10224
6346 8424
6347 7968
6347 14024
6349 6587
6350 9410
6352 7600
6353 7281
6353 13776
6354 14264
6356 10778
6357 8210
6357 11163
6358 7046
6358 8973
6359 9365
6359 9831
6359 12488
6361 6904
6361 6936
6361 7262
6361 7627
6361 11985
6361 13067
6362 7217
6363 8710
6363 12435
6364 11289
6365 10666
6365 12593
6365 13571
6366 7575
6366 8436
6366 10057
6368 12400
6369 6374
6370 10221
6370 12660
6372 10073
6373 10167
6374 13175
6375 11372
6376 13398
6377 8772
6378 8865
6378 9184
6378 10091
6378 12511
6378 13777
6379 8351
6379 8375
6379 14129
6380 11987
6382 12897
6383 7494
6383 11154
6383 11401
6383 11530
6384 7996
6385 8740
6386 10761
6387 13372
6390 6959
6390 8526
6390 9441
6390 9648
6390 12832
6390 14069
6391 9343
6392 10511
6393 6480
6393 7712
6394 10944
6396 10726
6396 10847
6397 13038
6397 14285
6398 7088
6398 9228
6399 9118
6400 7441
6400 12627
6401 8267
6401 11054
6403 9189
6404 9613
6404 12875
6405 7688
6405 8386
6405 10063
6407 6560
6407 10892
6408 10184
6408 11242
6409 12213
6410 6863
6410 9597
6410 10266
6410 11050
6411 12395
6411 13328
6411 13856
6412 10611
6413 10782
6414 9711
6415 7525
6416 10353
6419 13018
6420 8451
6420 9452
6421 11046
6421 11541
6422 7090
6422 11326
6422 11875
6422 13686
6424 12098
6424 12175
6425 10986
6426 9959
6426 13862
6427 11617
6427 13410
6428 9440
6429 7451
6430 7217
6430 9833
6430 10906
6430 14034
6431 7016
6431 13623
6431 14101
6435 8889
6436 14148
6437 9788
6437 10940
6437 11357
6437 13537
6437 13745
6438 12297
6439 8507
6441 9444
6441 11625
6441 12283
6442 6631
6442 11603
6443 13817
6444 9904
6446 7698
6447 10267
6448 7430
6448 11042
6449 8450
6449 10635
6450 9428
6451 12205
6451 12314
6452 7888
6453 7436
6455 6959
6455 7553
6456 6864
6456 10627
6457 8561
6457 10765
6457 10835
6458 7227
6458 8936
6458 9612
6458 11951
6460 11878
6461 9315
6461 11466
6461 14063
6462 8907
6462 10419
6464 8572
6465 12149
6465 12310
6465 13069
6466 8052
6466 8255
6466 11359
6466 13289
6468 7454
6468 8441
6468 12139
6469 10973
6469 13376
6469 14057
6471 8877
6472 6848
6472 6957
6472 7365
6472 8436
6472 8596
6472 9722
6473 13485
6474 9054
6476 11260
6477 12958
6478 10093
6478 13905
6479 9459
6481 6526
6483 6715
6483 8001
6483 9401
6483 10338
6483 11195
6483 12100
6485 6943
6485 12606
6486 11627
6487 7271
6487 8203
6488 12384
6489 7186
6490 10538
6491 7464
6492 12434
6493 8489
6493 8621
6494 8558
6494 10584
6494 11281
6496 9026
6496 9037
6496 11782
6497 9633
6498 12085
6501 12096
6503 11220
6503 12285
6504 10808
6507 10248
6508 11581
6509 10532
6510 10792
6511 12669
6513 8310
6513 13166
6516 9455
6517 7627
6518 7628
6520 7630
6522 7572
6522 8740
6522 14353
6523 11004
6523 11592
6523 12807
6524 10744
6526 8533
6526 11907
6527 10936
6527 13205
6529 12154
6529 12156
6530 10709
6530 11878
6533 9028
6534 10688
6537 12530
6539 8957
6539 12628
6539 14338
6540 8214
6541 10084
6541 11670
6542 10716
6544 7605
6545 9390
6545 13817
6546 7309
6547 11266
6548 9213
6550 11463
6550 11630
6550 14316
6551 10227
6552 11006
6553 10086
6553 12739
6556 9653
6556 10668
6556 13043
6556 13545
6557 7630
6557 12041
6558 8455
6558 9254
6558 10149
6558 10514
6558 10978
6558 13050
6559 7770
6559 8136
6559 10832
6559 14001
6563 12255
6564 10412
6565 12229
6565 13497
6566 11849
6566 13222
6566 13849
6567 12512
6568 11738
6568 11855
6570 8701
6570 12767
6570 13828
6571 7076
6572 7114
6572 8361
6572 11915
6573 7019
6573 9452
6573 11416
6574 8188
6574 8189
6576 9484
6576 9945
6576 12512
6577 11661
6578 9701
6578 10518
6579 13266
6581 7376
6581 9327
6583 10715
6583 13630
6584 10442
6585 7809
6585 8276
6585 11497
6586 7008
6586 11386
6587 14105
6590 13318
6591 9434
6591 13756
6593 6648
6593 12998
6594 13228
6595 13070
6596 8177
6597 9567
6597 11743
6598 9937
6598 13095
6599 7365
6599 10021
6600 11531
6600 11823
6600 11977
6602 9366
6602 13397
6603 12115
6603 12873
6604 8304
6604 11939
6604 12280
6605 12007
6606 6655
6606 7619
6606 13974
6607 7429
6607 10248
6607 10791
6607 12198
6608 8600
6609 11238
6609 12719
6611 11319
6611 12999
6612 11288
6613 14117
6614 10583
6617 7389
6617 10384
6618 13951
6620 11661
6620 11871
6620 13221
6620 13710
6621 8884
6621 9354
6621 9580
6621 10013
6622 8615
6622 12122
6623 10170
6625 6991
6625 7389
6625 8987
6626 7442
6626 11138
6627 10502
6627 11204
6628 12967
6629 8074
6629 9601
6630 11471
6631 11099
6634 8348
6637 9981
6637 11210
6637 11745
6638 6680
6638 12041
6638 13553
6638 14229
6639 11895
6640 7022
6640 9916
6641 9807
6641 13414
6642 12550
6642 13796
6643 7208
6643 13908
6644 8383
6644 8498
6644 8629
6645 7576
6645 10989
6646 9538
6646 10447
6647 7188
6648 7187
6650 8393
6650 8437
6650 12953
6651 7085
6651 13030
6652 13898
6654 10408
6655 9222
6655 12091
6655 12166
6655 13539
6655 13789
6656 7249
6656 10964
6656 13969
6659 13786
6660 10384
6661 9149
6661 11369
6661 13432
6662 8942
6662 12601
6663 6799
6663 11706
6664 11725
6666 9348
6666 12412
6666 13065
6667 7626
6667 10381
6670 7656
6670 14188
6671 8397
6671 9033
6671 9867
6672 6829
6672 9984
6673 7839
6673 10709
6676 9054
6676 11129
6677 9077
6677 10859
6678 9407
6679 7153
6679 10918
6679 11655
6680 10857
6680 10872
6680 12303
6680 12310
6681 7416
6681 12817
6682 10208
6683 8547
6684 6754
6684 8798
6686 8138
6686 9759
6686 11892
6687 9567
6689 11393
6689 12631
6691 8541
6693 12497
6694 6964
6694 7750
6694 9913
6694 12304
6695 6987
6695 12057
6696 12239
6697 10296
6697 12881
6698 10122
6701 6753
6702 9778
6703 13685
6704 7369
6706 12674
6708 7975
6708 10985
6708 13508
6709 10699
6709 12432
6709 13366
6709 14296
6710 7076
6710 9411
6710 10572
6711 10397
6711 13559
6712 13644
6713 10502
6713 11778
6714 13636
6717 10199
6719 8040
6721 8333
6721 11327
6722 6862
6722 11305
6723 8625
6724 12066
6725 9096
6725 9483
6726 12782
6727 8625
6727 10771
6728 7180
6728 7680
6728 7695
6728 8114
6728 8331
6728 13757
6728 14089
6729 8189
6732 12068
6732 14019
6733 7198
6734 9431
6735 8490
6735 12702
6735 12960
6736 7947
6736 8848
6737 12890
6738 11717
6739 8058
6739 13922
6741 11224
6742 9211
6742 12067
6743 8345
6743 11455
6743 11492
6746 7143
6746 9558
6746 10009
6747 7961
6747 8107
6747 9115
6747 9213
6749 10275
6749 11003
6750 8381
6751 7070
6752 7503
6755 11832
6756 8350
6757 8916
6757 12726
6758 13529
6759 11214
6760 12507
6760 13786
6761 7481
6761 9652
6761 12642
6762 6945
6762 7080
6762 13883
6763 7479
6764 7390
6764 10082
6764 10463
6766 9449
6766 9675
6766 12549
6767 7464
6767 10294
6767 10362
6767 11016
6769 8535
6769 12581
6769 13687
6770 7756
6770 13590
6771 8076
6771 9404
6771 11067
6772 12599
6773 7179
6774 10672
6774 10807
6776 10065
6776 13482
6777 9125
6777 9556
6778 8293
6778 10624
6778 12678
6780 13904
6781 8841
6781 12476
6783 13361
6784 7854
6784 9137
6784 12123
6784 12183
6784 12351
6785 7429
6785 12996
6786 13171
6787 7789
6789 12032
6790 9466
6790 13297
6790 13362
6791 7435
6791 11433
6791 13905
6792 7265
6792 10270
6793 12703
6794 14026
6795 8359
6795 12629
6797 9415
6798 10678
6799 8954
6799 11134
6799 14180
6801 6922
6801 7993
6801 9387
6802 9972
6803 9631
6803 12549
6804 8342
6806 10466
6806 12281
6807 9783
6808 12709
6809 13742
6811 9347
6812 10751
6814 8657
6814 9870
6814 11020
6814 12891
6815 13316
6816 8410
6816 12520
6817 7493
6817 8072
6817 10758
6818 12726
6819 8076
6819 12126
6820 8642
6821 7274
6822 9861
6823 7395
6823 11364
6823 14130
6824 12711
6825 13809
6826 8702
6826 12269
6826 12984
6826 13891
6827 9084
6830 11412
6833 8279
6833 9417
6834 10219
6834 12871
6835 12389
6836 10781
6836 11032
6836 12144
6836 12810
6840 11088
6840 11971
6840 13054
6840 13262
6840 13647
6842 14203
6843 13141
6844 7202
6844 11858
6845 7108
6845 9292
6845 9846
6845 11265
6846 7418
6846 11327
6847 10653
6850 8909
6852 11036
6853 7171
6854 9981
6854 10037
6855 9224
6855 9649
6857 10881
6858 9081
6861 7226
6861 7592
6861 11592
6862 11019
6862 12909
6863 11056
6864 6932
6864 14245
6865 13738
6867 13989
6868 12266
6869 7160
6872 9101
6875 9276
6876 7979
6876 12252
6877 9601
6877 13657
6879 13431
6880 12465
6881 12155
6882 9503
6883 9797
6883 11396
6884 10811
6885 10518
6885 12854
6886 7959
6886 11376
6887 8119
6887 13099
6887 13988
6888 12857
6888 13188
6889 9085
6889 14101
6889 14226
6890 11353
6890 13045
6891 7664
6891 10051
6894 8273
6894 13884
6895 7735
6896 8328
6897 11004
6898 13892
6898 14100
6899 7359
6899 10114
6899 11848
6899 12298
6900 7924
6900 9624
6901 9269
6901 11937
6901 13122
6902 8887
6902 9526
6902 13868
6904 7214
6904 13538
6905 10159
6905 13543
6907 7316
6907 11539
6908 8654
6908 9509
6909 12446
6910 8215
6910 8845
6910 9832
6912 11753
6915 11412
6916 10016
6918 9475
6918 9573
6920 7158
6923 7655
6923 10764
6923 11154
6924 8856
6924 11352
6925 12577
6925 13720
6926 10242
6926 13227
6927 12824
6928 10175
6928 11706
6928 13902
6929 12583
6930 7065
6930 11447
6932 9921
6933 13843
6934 10119
6934 10436
6935 8503
6936 8117
6936 10386
6937 11980
6938 12279
6939 7043
6940 8646
6940 14117
6941 9934
6941 14277
6942 13353
6942 13673
6944 10915
6946 12054
6947 12266
6949 13662
6950 9720
6950 10654
6951 9150
6952 10186
6952 10256
6952 11069
6952 11886
6953 7880
6953 8851
6954 7283
6954 9545
6955 14146
6956 8764
6957 7612
6957 13366
6958 11493
6959 13368
6959 13412
6960 10698
6960 12707
6961 12127
6962 9969
6962 9989
6963 9717
6964 8852
6964 9162
6964 12282
6964 13152
6964 13166
6966 8213
6966 9091
6967 7802
6969 9986
6970 10218
6971 8701
6972 13647
6973 10172
6975 10791
6977 12537
6978 13089
6978 13958
6979 12502
6981 12656
6982 7868
6982 11712
6983 12655
6984 9159
6985 9539
6986 13701
6987 8681
6988 8459
6988 13470
6989 7421
6990 7410
6990 10492
6990 13511
6991 9088
6991 9579
6993 13714
6994 9119
6994 10474
6995 12297
6996 13695
6998 9684
6998 13348
6999 7747
6999 10990
7001 7413
7001 7506
7001 10780
7001 14200
7002 10102
7002 11869
7002 12304
7003 13550
7004 10309
7005 9769
7007 10592
7007 10792
7007 11309
7007 13831
7008 9303
7008 10559
7008 12944
7008 12975
7009 8124
7010 7369
7010 10924
7012 10701
7014 11449
7015 8115
7015 13150
7015 13354
7016 8010
7016 14052
7018 12895
7022 11535
7024 7750
7024 10798
7024 12893
7025 8589
7026 12489
7027 8774
7027 13342
7028 10574
7028 11335
7028 13424
7028 14308
7029 7936
7029 8336
7030 8141
7032 7277
7032 9089
7033 14070
7036 7696
7036 13044
7037 11747
7037 11895
7038 7671
7039 11358
7039 13798
7040 10020
7042 14011
7045 7210
7046 10041
7048 7406
7048 8293
7049 13775
7050 7436
7050 8282
7051 9640
7051 11137
7053 7353
7053 9995
7053 13699
7054 12490
7054 12955
7055 10237
7055 11457
7055 12990
7056 10307
7058 8418
7058 11885
7059 9264
7059 14362
7062 11012
7065 9350
7066 12547
7069 8267
7069 11133
7070 8126
7071 8197
7071 13373
7072 12006
7072 12755
7073 7274
7073 10159
7073 10774
7074 7946
7074 9225
7074 12011
7075 10837
7076 10962
7077 9070
7078 10588
7078 13558
7079 11779
7080 10240
7081 9906
7081 12329
7082 13448
7083 11885
7084 12598
7084 13219
7085 7213
7085 11078
7085 13598
7086 10554
7086 12548
7086 12657
7086 12957
7087 7718
7087 7861
7087 9467
7087 10513
7087 12809
7088 9946
7089 7340
7089 11113
7089 11935
7089 14258
7090 14003
7091 8005
7092 7867
7093 11060
7094 13794
7097 11891
7098 10293
7098 10483
7100 11586
7102 7654
7102 12886
7104 8065
7105 7900
7106 12608
7106 12967
7106 14123
7107 7673
7107 7878
7107 8955
7107 9897
7107 11865
7108 7735
7108 11358
7109 8581
7109 8936
7110 7230
7111 8046
7111 8302
7112 7135
7113 9175
7113 10611
7115 10089
7116 13451
7117 8652
7120 9808
7123 12293
7124 9876
7125 9554
7126 11970
7127 9846
7128 7514
7128 9331
7129 14297
7130 14093
7132 13051
7135 8616
7135 12239
7136 7609
7136 8640
7137 9805
7137 12069
7138 8277
7138 8643
7138 8936
7138 12816
7139 7756
7139 8489
7139 12921
7140 10894
7141 10707
7142 12771
7143 9275
7143 11348
7143 13261
7143 13580
7143 13713
7144 7305
7145 8133
7146 7310
7146 7812
7149 7172
7149 10571
7151 14232
7152 9278
7152 9564
7152 13306
7153 8639
7153 8758
7153 10138
7153 12313
7153 13124
7154 7440
7154 7525
7154 11097
7155 9875
7156 12402
7157 8232
7157 9616
7158 14030
7160 12686
7161 10109
7161 13216
7162 10370
7164 7531
7165 9897
7166 7666
7166 11959
7168 10330
7168 11357
7168 11855
7169 7871
7169 11817
7169 13139
7170 13327
7172 10533
7173 7510
7173 11480
7174 11704
7174 12503
7175 11654
7176 8962
7178 12110
7179 7214
7179 7724
7179 8787
7179 8937
7179 12426
7180 13162
7180 13947
7181 7861
7182 11528
7182 13431
7183 10574
7185 11675
7185 12778
7185 13319
7186 8898
7186 9684
7186 9794
7186 13374
7186 13406
7187 7730
7188 11111
7188 13922
7189 9088
7189 9972
7189 11788
7189 13594
7190 7912
7190 9764
7190 10462
7190 14077
7191 7813
7194 9436
7194 14197
7195 12587
7196 8394
7196 8845
7196 13227
7197 7587
7198 10341
7203 10208
7203 11147
7203 12986
7204 13776
7205 11914
7205 12748
7206 8715
7206 8964
7206 13877
7207 11252
7207 13670
7208 13231
7210 10001
7210 10833
7210 14259
7216 8464
7216 11524
7217 7511
7217 8638
7217 9731
7218 10823
7218 11392
7219 7812
7220 14180
7221 10065
7222 9936
7224 8871
7226 11400
7227 10228
7227 11267
7227 12990
7229 12714
7230 10733
7232 7718
7232 10612
7233 12175
7233 13155
7234 7560
7234 11496
7235 11096
7236 12577
7237 7409
7239 8761
7239 11810
7239 11977
7240 7353
7241 10526
7241 13735
7243 9263
7244 8561
7245 8295
7246 7608
7246 11295
7246 11597
7249 10226
7251 12024
7253 9470
7253 10169
7253 10287
7253 12672
7254 12719
7254 14093
7255 7507
7255 10163
7256 8631
7257 13129
7258 8167
7259 7442
7259 13929
7260 8781
7260 8858
7260 9167
7261 9768
7261 11166
7261 13183
7262 8602
7262 9284
7263 14063
7264 8063
7264 8707
7264 13521
7267 10246
7267 11830
7268 9991
7268 13970
7268 14188
7269 8214
7269 9312
7269 12091
7269 13909
7270 8482
7270 13571
7272 9240
7272 12627
7272 12985
7273 10906
7273 11282
7275 13020
7276 11878
7277 8699
7277 12264
7278 13572
7281 10477
7281 13525
7283 8361
7283 13046
7284 7687
7284 9699
7284 10293
7284 11737
7284 13971
7287 7497
7287 11346
7288 9778
7290 8422
7290 13265
7291 14219
7292 12407
7293 8244
7294 10729
7294 11373
7297 11916
7298 8141
7298 12580
7299 8612
7299 11808
7300 7856
7302 9796
7303 7991
7304 7594
7304 9499
7306 11991
7307 9572
7307 10415
7307 13494
7308 8794
7308 11006
7309 8175
7309 11282
7311 10913
7312 12977
7313 10109
7313 13935
7316 10035
7317 9571
7317 12626
7320 7509
7321 11696
7321 12352
7323 10368
7323 12433
7324 13856
7326 11689
7329 11540
7330 10424
7331 11107
7331 13982
7332 8592
7332 10426
7332 11920
7333 10798
7334 7895
7334 8088
7334 9921
7334 13351
7336 8742
7336 10048
7336 13404
7337 11477
7338 12827
7339 11842
7339 14109
7340 13958
7342 7825
7342 13666
7344 7523
7345 9972
7345 10087
7346 12080
7347 13988
7348 8170
7348 8411
7349 12298
7349 14063
7350 10918
7351 13649
7352 8335
7354 8745
7354 11925
7355 7367
7355 11438
7356 9215
7357 8435
7358 8160
7360 9436
7360 9597
7360 11737
7360 11880
7362 9656
7362 9793
7363 7753
7363 11589
7363 13542
7364 7430
7364 8056
7364 9567
7367 10981
7367 13985
7371 11195
7371 11925
7371 13084
7372 14232
7373 9702
7374 8706
7374 11456
7375 13169
7378 8504
7379 11913
7379 14311
7380 11825
7381 9043
7382 10037
7383 9385
7383 13896
7384 11422
7384 13783
7384 14022
7387 10568
7388 7467
7389 9477
7389 13633
7389 14104
7390 13976
7391 10030
7391 11018
7393 9904
7395 7495
7395 8211
7395 8506
7395 8630
7395 10863
7396 12812
7397 10979
7397 12902
7398 10844
7399 12606
7401 12257
7401 12679
7401 14044
7402 12578
7402 13692
7403 8952
7408 10993
7408 14110
7409 7658
7410 9780
7410 11799
7411 8375
7411 10696
7411 11512
7412 7556
7412 10302
7412 12558
7413 9061
7413 13135
7414 9159
7414 9430
7414 11139
7414 14178
7415 8999
7415 11250
7415 11688
7415 13974
7416 8615
7419 11216
7419 11528
7419 13869
7423 7561
7423 7994
7423 9657
7424 12405
7426 10644
7427 7650
7427 8297
7427 10673
7427 13947
7429 8316
7429 10076
7429 14214
7431 10302
7432 12798
7432 14066
7432 14127
7434 12776
7435 11192
7435 12525
7435 13327
7436 9559
7438 9867
7439 10763
7441 11549
7441 12628
7442 9710
7443 8311
7443 8748
7443 12388
7444 13528
7445 8570
7446 9594
7446 12958
7447 10135
7447 10630
7447 11171
7448 12030
7449 10064
7449 13293
7450 12632
7451 10305
7452 11725
7454 11217
7455 9378
7456 9246
7457 10267
7458 12508
7458 13636
7459 11784
7460 9024
7460 13602
7461 10864
7461 11407
7461 11720
7461 13791
7462 11881
7462 13498
7463 12275
7464 12136
7468 8095
7468 9330
7468 13142
7469 13629
7470 10866
7471 13622
7472 9885
7472 11495
7472 12426
7472 14086
7473 9537
7473 13295
7474 11036
7474 13112
7477 9178
7478 10591
7479 8729
7479 11698
7480 12938
7480 13640
7481 11878
7481 13592
7482 7762
7482 9253
7482 13668
7484 13730
7486 8489
7486 9869
7486 11525
7487 13191
7488 11109
7488 11946
7489 9729
7491 10022
7491 10692
7491 12427
7491 13347
7493 11069
7495 8091
7496 10384
7496 11124
7496 13767
7497 11167
7498 8758
7499 12617
7499 13565
7501 8323
7501 10634
7502 12128
7502 13699
7503 8734
7505 10476
7505 11104
7507 13022
7508 9388
7508 13300
7509 7805
7509 8829
7510 12779
7513 11160
7514 9055
7514 13726
7515 8073
7515 12111
7515 14330
7516 9325
7516 11537
7518 7844
7518 8260
7518 8697
7519 10125
7519 11369
7520 9895
7520 12679
7520 13689
7520 13731
7522 8029
7522 12054
7523 9712
7524 9265
7525 8864
7526 12550
7526 14160
7527 8349
7527 12527
7530 12384
7530 14196
7533 8012
7534 13231
7535 12550
7535 13807
7535 13915
7536 7911
7536 11964
7536 14153
7538 8692
7538 13825
7538 13868
7539 7788
7539 14301
7540 12547
7540 13875
7542 12225
7543 14357
7544 8381
7545 7789
7545 11618
7545 13590
7548 8091
7548 12349
7549 9275
7550 9693
7552 9431
7553 8467
7553 11255
7554 8571
7555 10227
7557 14352
7559 11617
7559 12106
7560 10229
7561 9360
7561 10849
7562 9955
7562 11362
7562 12440
7563 11747
7564 9552
7565 12278
7566 13622
7567 10257
7568 10884
7569 10936
7569 13325
7570 11565
7572 14208
7574 7640
7574 11959
7575 11171
7576 10097
7577 11791
7577 12474
7578 8217
7578 10819
7579 10720
7579 11351
7580 8458
7580 10934
7580 13456
7581 13576
7582 7892
7584 9261
7586 8468
7587 12181
7588 8335
7589 14050
7590 12051
7591 8144
7592 13023
7594 10648
7595 8132
7595 9542
7598 11722
7599 8220
7599 12461
7599 12545
7600 10593
7600 12183
7600 12448
7601 14227
7603 9698
7604 7907
7604 11399
7604 11677
7605 8835
7607 8176
7610 9479
7610 12336
7612 8367
7612 13075
7614 8900
7614 10883
7615 12785
7616 8993
7617 12781
7618 8633
7619 8284
7619 10595
7620 9110
7621 12693
7622 13019
7625 8471
7625 9965
7625 13977
7626 9065
7627 9235
7630 8399
7630 9808
7632 11147
7633 11105
7634 12431
7634 13452
7635 9570
7637 13149
7637 13436
7638 9122
7640 9917
7640 12951
7641 8557
7642 7716
7642 11668
7643 14150
7644 9693
7646 12221
7648 10280
7648 12175
7648 12400
7649 12896
7650 12457
7652 9488
7653 8971
7654 12784
7657 9625
7658 11297
7660 10554
7661 9040
7662 8028
7662 8902
7663 8835
7663 11219
7664 10591
7665 7757
7666 14344
7667 14024
7669 10036
7669 13109
7671 13621
7673 10384
7675 10080
7675 14191
7676 10802
7677 13235
7678 14191
7679 9095
7681 11776
7682 8079
7682 11114
7683 8368
7683 11383
7684 10243
7686 8485
7686 13032
7688 8136
7689 8505
7690 13690
7691 7936
7692 8776
7692 9646
7692 13408
7693 7752
7693 9478
7693 11807
7694 9141
7695 10379
7695 10918
7695 14297
7697 8364
7697 12090
7697 12173
7698 8835
7698 12078
7699 10373
7699 11781
7699 13008
7699 13210
7700 7766
7700 13154
7702 7811
7702 11966
7703 7935
7703 12128
7703 13778
7704 10535
7704 11384
7704 13809
7705 9119
7706 8069
7707 8125
7707 9199
7707 10877
7708 9294
7708 9814
7708 13168
7710 8342
7711 8404
7711 12696
7712 8919
7712 9141
7715 11070
7715 13537
7717 9614
7717 13837
7718 11853
7718 12989
7719 10334
7719 10442
7720 11580
7721 9199
7721 13812
7721 14184
7722 13188
7723 9246
7723 12379
7724 13517
7724 13599
7724 13918
7727 13152
7728 7888
7728 8033
7728 10934
7728 12827
7729 9742
7731 8274
7733 12359
7734 14251
7735 8645
7735 11094
7736 12026
7736 13073
7737 11274
7737 11961
7737 13087
7738 10425
7738 10840
7739 13602
7740 9017
7741 11054
7743 12447
7745 8498
7745 12145
7745 12489
7745 13083
7746 13357
7747 9347
7750 10080
7752 9610
7755 8326
7756 12352
7756 13489
7757 7938
7757 13151
7758 12838
7759 8321
7760 8502
7764 11931
7765 8107
7765 9407
7765 11053
7766 12987
7767 11734
7768 14108
7770 9706
7771 11089
7772 12082
7772 13198
7773 8998
7774 9464
7776 8340
7776 11484
7776 12770
7777 10811
7777 10921
7778 7785
7778 9333
7780 8957
7781 14080
7782 8097
7783 13827
7785 8992
7786 12652
7787 13651
7789 13637
7791 13817
7792 8420
7794 13551
7795 8003
7795 8210
7795 8503
7795 9716
7795 9960
7796 8910
7796 8929
7796 10455
7796 11918
7796 12559
7797 7832
7797 9700
7798 11061
7798 11828
7799 13519
7799 14236
7800 10313
7801 13781
7801 13869
7803 11954
7803 13520
7805 14350
7806 8206
7806 14281
7807 10623
7807 13413
7808 12870
7810 10991
7812 11568
7813 10581
7813 11869
7814 11264
7814 12743
7815 13379
7816 11043
7817 7928
7817 12599
7821 9281
7821 10190
7821 10697
7822 9385
7824 9348
7824 13470
7824 14154
7825 13261
7826 8299
7828 10732
7829 8773
7830 10133
7831 10353
7831 10527
7831 12217
7833 11802
7834 10854
7835 14319
7837 8921
7837 12498
7838 13091
7840 13137
7841 14320
7842 13619
7843 8465
7843 13906
7844 9121
7845 9409
7845 10557
7846 8910
7847 13854
7847 14229
7848 9365
7849 9636
7849 14108
7850 10774
7851 9165
7853 13856
7854 9563
7854 9627
7854 10814
7855 13527
7856 11366
7857 8939
7858 8442
7860 10478
7861 13235
7862 9333
7862 9637
7863 10424
7863 11661
7863 13204
7864 9365
7865 10102
7867 8874
7870 7995
7870 13749
7875 11326
7875 13215
7877 8440
7878 8563
7878 8748
7878 12437
7879 14321
7881 10035
7882 13582
7883 9178
7883 11132
7883 11171
7883 13352
7884 13186
7885 11525
7886 13632
7887 14038
7888 9132
7889 8428
7889 10987
7890 9390
7892 12172
7892 13775
7895 9463
7896 8170
7896 9240
7896 9973
7896 10639
7897 11939
7897 13210
7897 13990
7898 8879
7898 11460
7899 8611
7900 11535
7900 12135
7901 10591
7902 8949
7902 10731
7904 14158
7905 8203
7905 10430
7905 13226
7905 13861
7906 8595
7906 9524
7907 9662
7909 12483
7910 11774
7911 8867
7911 9558
7911 10372
7911 13713
7912 8339
7913 10963
7914 13922
7917 12510
7918 12599
7920 8582
7921 11405
7925 8260
7925 12319
7926 8700
7926 9490
7927 11204
7927 12412
7927 13473
7928 8967
7929 8324
7929 11843
7931 8327
7931 11079
7931 12880
7932 9666
7932 9671
7933 8424
7933 12037
7936 9015
7936 10343
7936 10882
7936 11196
7936 12024
7936 13458
7936 13586
7937 9774
7937 11833
7937 11875
7938 13179
7939 10524
7941 12195
7943 9312
7943 11264
7944 14187
7945 9745
7947 8866
7947 9967
7948 14217
7949 10798
7950 8407
7950 12097
7951 12196
7952 13468
7953 11246
7955 10889
7955 14004
7956 8927
7956 13124
7957 12435
7958 12228
7959 13009
7961 10895
7963 9497
7964 9274
7965 12350
7965 12918
7967 11609
7971 10504
7971 12448
7971 12531
7971 12820
7971 13121
7971 14117
7972 12077
7972 12484
7973 9681
7975 10025
7975 10338
7975 13887
7976 9385
7976 9463
7979 9777
7980 10138
7980 12278
7980 13565
7981 8990
7983 8979
7983 9302
7984 9003
7984 13223
7985 8373
7985 11356
7986 13781
7987 8333
7987 11900
7988 8251
7988 9592
7989 8158
7990 8155
7991 12156
7991 12529
7992 8447
7992 9760
7993 10759
7995 9603
7995 13156
7996 12212
7997 8641
7997 10782
7998 10701
7999 12064
8000 13241
8001 13216
8001 14149
8002 10088
8002 14306
8003 10628
8004 8186
8004 11700
8004 14008
8005 11081
8005 13227
8008 8456
8008 9635
8008 12505
8009 12386
8010 12196
8011 9501
8011 9691
8012 9653
8013 13736
8018 12815
8018 14299
8020 8717
8020 13801
8021 9407
8023 11490
8023 11635
8024 9677
8024 11817
8026 13934
8027 9007
8027 11144
8028 9585
8028 9703
8030 9812
8030 14241
8031 11237
8032 10765
8032 14339
8033 9123
8033 11108
8033 12122
8033 13574
8035 9814
8035 11571
8037 9084
8037 12317
8038 10945
8039 11629
8040 9956
8041 11302
8041 11570
8041 12410
8042 9774
8044 9987
8045 8335
8045 13517
8046 9595
8046 14166
8047 11279
8048 8300
8048 13906
8049 9470
8049 11376
8051 8736
8054 12621
8054 13084
8057 8692
8058 8915
8059 9389
8059 11253
8062 11870
8064 14118
8065 12064
8066 8181
8066 12427
8066 12982
8068 8861
8068 11785
8068 13143
8069 8970
8069 11879
8070 10143
8072 10034
8075 13157
8076 11460
8076 13603
8077 8078
8077 10658
8078 9147
8079 11217
8080 9998
8082 13567
8084 9208
8086 12806
8086 13740
8087 14255
8090 12447
8090 13873
8091 9754
8091 10937
8093 11611
8094 10237
8095 14163
8096 9685
8096 10097
8098 11399
8099 12943
8099 13511
8100 11260
8103 9266
8103 12863
8103 13369
8104 9132
8105 10976
8106 8508
8106 11705
8106 11830
8106 13211
8107 9473
8108 9388
8109 10302
8109 11026
8112 10911
8114 8442
8114 8796
8114 9094
8114 10258
8114 10881
8115 8539
8115 9088
8115 9536
8115 12473
8115 13122
8117 13258
8118 8171
8118 10697
8119 9937
8119 11166
8119 14198
8120 8294
8120 11839
8120 11878
8121 8568
8121 11979
8122 10256
8122 12001
8122 13053
8123 8603
8123 11050
8123 13053
8124 9964
8126 13101
8128 10680
8129 9182
8129 10128
8131 8686
8132 8557
8133 9333
8133 12738
8134 8615
8135 12077
8136 11330
8136 12523
8138 9663
8139 11840
8139 12630
8140 10849
8143 9778
8144 8218
8144 9578
8146 8713
8146 13264
8147 11527
8147 11694
8148 10072
8149 10203
8150 9342
8153 10912
8153 12602
8155 8222
8155 11433
8156 12703
8156 12862
8156 13628
8157 12575
8158 9792
8158 10031
8158 10218
8158 11640
8160 12432
8162 12200
8162 12416
8162 13774
8166 9003
8167 13174
8167 13625
8168 11147
8168 12578
8169 9440
8169 12437
8169 13557
8170 12253
8171 12792
8172 8702
8172 8817
8173 12138
8173 12806
8173 13143
8174 13406
8175 8310
8175 11309
8176 10056
8178 9365
8179 11535
8180 11162
8182 8189
8183 12628
8184 12857
8184 12883
8184 13383
8185 8599
8185 10451
8186 9418
8186 11040
8186 13047
8188 8415
8188 12758
8188 13331
8191 13467
8192 8858
8192 9832
8193 10053
8193 12064
8194 11902
8196 10832
8197 9811
8197 10352
8198 11825
8198 14166
8201 8352
8202 12059
8203 12048
8204 9154
8204 10087
8204 12403
8205 8929
8205 12056
8206 12567
8207 11614
8207 12761
8207 12926
8208 12241
8209 13205
8210 12886
8211 13246
8212 12049
8213 9594
8213 11757
8215 11395
8215 11566
8215 11791
8215 11813
8216 12891
8217 12254
8218 13578
8219 10551
8219 13935
8222 14357
8223 12463
8224 10180
8224 11851
8226 10600
8226 11908
8227 10603
8228 9181
8228 13187
8229 10460
8231 10967
8232 9202
8232 11902
8232 12222
8233 10682
8235 11308
8235 12337
8235 14182
8236 10513
8236 11150
8236 12896
8238 10921
8238 12869
8239 10268
8239 11550
8239 12541
8241 13532
8242 8757
8242 9820
8242 12741
8243 11384
8243 12247
8243 12757
8243 13747
8244 11263
8244 14131
8248 11911
8248 12135
8248 12293
8250 9353
8251 9454
8251 13209
8252 8505
8252 13280
8253 12818
8254 13565
8255 8346
8255 11055
8255 11637
8255 14213
8256 9235
8256 13521
8257 10498
8258 8550
8258 9269
8258 12663
8259 9612
8259 12350
8260 11612
8261 12581
8263 11600
8263 14340
8265 9570
8267 11099
8268 10911
8269 12988
8269 13466
8270 10815
8270 11319
8270 13525
8272 13435
8273 9662
8273 13984
8273 14277
8274 10475
8274 10864
8275 8390
8275 10670
8275 13361
8277 8577
8277 10597
8277 10800
8281 11716
8281 12664
8282 9111
8282 13184
8282 14180
8282 14346
8283 8747
8283 11038
8286 9589
8286 9653
8287 8479
8287 9611
8287 12438
8287 13777
8288 9989
8289 10530
8291 14349
8294 12779
8294 13654
8295 10333
8295 11209
8297 13027
8299 9477
8300 8404
8302 11625
8303 11840
8304 9616
8304 14154
8305 13381
8306 10065
8306 13736
8307 8316
8307 11585
8309 10248
8310 12520
8311 8482
8311 11218
8311 14254
8314 8591
8315 13067
8316 9588
8316 11778
8316 13257
8319 13884
8320 12115
8322 13930
8323 9541
8324 8592
8324 13134
8326 9644
8326 11283
8327 10187
8327 13277
8327 13938
8328 9432
8328 11263
8328 12596
8328 12844
8329 14040
8330 8997
8330 13018
8332 8564
8332 8690
8333 12020
8334 11309
8334 14095
8337 12562
8337 13105
8338 8882
8340 9391
8340 10758
8341 9301
8342 8561
8342 14230
8343 8677
8343 9735
8344 10701
8344 11001
8344 11842
8345 9242
8347 12588
8349 8534
8350 8905
8350 11707
8350 14132
8351 9500
8352 11323
8352 13303
8354 13288
8355 9377
8356 10854
8356 14224
8358 11086
8360 11080
8360 12645
8362 9700
8362 10981
8363 11300
8363 11655
8365 8939
8366 12931
8367 11342
8368 9792
8369 8925
8374 14262
8376 11117
8377 8641
8377 12696
8382 10611
8385 14360
8387 8881
8387 10382
8387 12016
8387 13606
8388 10994
8388 13043
8389 9792
8389 12048
8389 12852
8390 13798
8392 9159
8393 10846
8393 13671
8395 10574
8399 8923
8399 9065
8399 9775
8399 14355
8401 9079
8401 10536
8401 11236
8402 8771
8402 11901
8403 9787
8403 10809
8403 11686
8405 9553
8405 12044
8407 12448
8408 9098
8408 9110
8408 11009
8408 12805
8411 13107
8412 11419
8412 12986
8414 11924
8414 12814
8416 8429
8417 11016
8418 9123
8419 12929
8420 8625
8420 10919
8423 9129
8424 11964
8424 13537
8425 9420
8425 10519
8425 11316
8426 9493
8426 10253
8427 10779
8427 14270
8429 11774
8430 11779
8432 9177
8434 10012
8435 12231
8436 11337
8437 12259
8438 13482
8439 9938
8440 10707
8441 9615
8441 11475
8441 13639
8442 8594
8443 10243
8445 12144
8446 11133
8447 11241
8447 11561
8450 9193
8450 12409
8450 14242
8450 14359
8451 11209
8451 14321
8452 8495
8452 8900
8452 11541
8453 10049
8454 13673
8454 13827
8455 13171
8457 10462
8460 11733
8460 13809
8461 9215
8462 12741
8463 9311
8464 13356
8466 8515
8468 8532
8469 11713
8469 14360
8470 11501
8470 13367
8471 10770
8471 11631
8472 10741
8473 12317
8475 13197
8478 12632
8479 10144
8483 8717
8483 9485
8483 12479
8485 11358
8486 9357
8487 10119
8487 12751
8488 9207
8489 9151
8489 9818
8489 11191
8489 13589
8490 10426
8490 14102
8491 10632
8491 13821
8492 10732
8492 12546
8494 9542
8494 10957
8495 9451
8495 10015
8496 9608
8496 11549
8497 14093
8498 9502
8499 8926
8500 10019
8501 8534
8504 12911
8505 9458
8505 12041
8507 10371
8510 9426
8512 10430
8514 11923
8515 12241
8518 12181
8518 13856
8522 10595
8522 13126
8524 8987
8524 14085
8525 11891
8525 11976
8526 10516
8526 12257
8527 9540
8529 11053
8529 11158
8529 11578
8530 11003
8532 12676
8533 10976
8533 12134
8534 9079
8534 11350
8535 14102
8537 11854
8538 9381
8538 9978
8539 8554
8540 10470
8541 11446
8547 13175
8548 13519
8550 11140
8550 12478
8551 9580
8551 12966
8553 10933
8554 9673
8554 11359
8555 13491
8556 13689
8558 10365
8559 9778
8559 10523
8559 13856
8560 11253
8561 11710
8562 9845
8562 10102
8562 12715
8563 12022
8563 12544
8566 14181
8567 13526
8569 11936
8570 10305
8572 12684
8572 13648
8572 14165
8573 10891
8574 10059
8574 12366
8575 11690
8578 10537
8582 12446
8583 9388
8584 10439
8586 12546
8587 12292
8588 13271
8589 9534
8589 11370
8589 13307
8590 13781
8591 12795
8592 12379
8593 8687
8593 11206
8594 9064
8594 10477
8594 11079
8595 10387
8596 11887
8597 10233
8597 10377
8598 14020
8598 14186
8600 11431
8600 11641
8600 12141
8600 14271
8601 11496
8601 12253
8602 10504
8602 12879
8604 10817
8604 14274
8606 10666
8607 10847
8607 11202
8607 13921
8608 10943
8610 13534
8613 12402
8615 11035
8616 12884
8616 14345
8618 10393
8619 9140
8619 9899
8619 14155
8620 12195
8620 12725
8621 9170
8621 12295
8621 12625
8622 9453
8622 10501
8622 14202
8623 9811
8623 10000
8624 9335
8625 9316
8626 9077
8626 10242
8628 10053
8631 9083
8631 9977
8632 9500
8633 11567
8634 11669
8635 10111
8636 12372
8636 12948
8637 10045
8637 11598
8638 11106
8641 10524
8642 13737
8643 11527
8644 11937
8645 9839
8645 11171
8645 13100
8646 11072
8647 11291
8648 10235
8648 10623
8648 13572
8649 8777
8649 12228
8650 9338
8650 9345
8651 10545
8652 11215
8655 12660
8655 14246
8656 10363
8657 11767
8657 12409
8658 11667
8658 12029
8658 12469
8658 13222
8658 13689
8661 11715
8662 11532
8664 9812
8664 10528
8667 11072
8668 11249
8669 9363
8671 11718
8671 12093
8671 12430
8672 9604
8673 8698
8673 14309
8674 10516
8674 12320
8674 13174
8675 9900
8680 12307
8682 8940
8682 9766
8684 11775
8685 9468
8685 9784
8692 8933
8693 11420
8694 10470
8694 13067
8695 9268
8695 11654
8696 13838
8697 13283
8698 11288
8700 12863
8701 11346
8702 11222
8702 13756
8703 11406
8703 13566
8704 9620
8704 11746
8705 12102
8705 12555
8708 9435
8713 9528
8715 8993
8716 9994
8716 11442
8717 12090
8717 13714
8719 11074
8719 12517
8720 9750
8720 10551
8720 11941
8721 10964
8721 11365
8722 11339
8723 8818
8723 10078
8723 12156
8723 14134
8724 9502
8725 10991
8725 11727
8726 13241
8730 10186
8731 9048
8732 9780
8733 11523
8734 13995
8735 13360
8736 11112
8736 11994
8736 12329
8736 14307
8738 8848
8739 8819
8740 9121
8741 10598
8741 12290
8741 13335
8741 14082
8742 10307
8742 11215
8742 12428
8743 9214
8743 9674
8744 9240
8744 10625
8744 11639
8744 12013
8745 12465
8746 11248
8748 9330
8748 10277
8748 11502
8749 9297
8750 8860
8754 9544
8754 10074
8754 10362
8755 10848
8756 9983
8758 10356
8760 9846
8760 11751
8761 9824
8761 10366
8761 10480
8762 9446
8763 12498
8764 9463
8766 9528
8767 9405
8767 13773
8767 13861
8768 12243
8770 10244
8771 12793
8774 9184
8774 11461
8774 11684
8775 9862
8775 10255
8776 10157
8777 9795
8777 10096
8777 10674
8778 9654
8778 10849
8779 9611
8779 10313
8779 14261
8780 13416
8781 12371
8782 12639
8785 10931
8786 11630
8788 13453
8789 13053
8789 14109
8791 12420
8792 12039
8793 11997
8794 11153
8795 11818
8796 10022
8797 11882
8800 10042
8800 11952
8800 12167
8801 9044
8801 10663
8801 12808
8802 9312
8802 10094
8802 11117
8802 12111
8802 12477
8804 12008
8805 9202
8805 10847
8805 11500
8807 8905
8808 11337
8809 8841
8810 11065
8810 13303
8811 9206
8811 13038
8812 9372
8812 12244
8812 12615
8813 12644
8813 13696
8814 13123
8818 13877
8819 13523
8819 14097
8820 10082
8822 13218
8823 13531
8824 10288
8824 13964
8825 13034
8827 11099
8828 9619
8830 12809
8831 11274
8832 12038
8832 13157
8834 10008
8835 10946
8835 13604
8837 11655
8838 10831
8839 9079
8839 9195
8840 10472
8840 12995
8842 11331
8842 11973
8843 11599
8844 13412
8845 13637
8845 14058
8846 9181
8846 11545
8847 12636
8848 11889
8849 9763
8853 10721
8854 11044
8854 12236
8854 13024
8855 10936
8855 13358
8856 13123
8856 13463
8857 11664
8858 12412
8859 10306
8863 12349
8866 11935
8867 10242
8868 10996
8869 11155
8870 12919
8871 9886
8871 11894
8871 13372
8872 11352
8873 11259
8874 10603
8874 13233
8874 13847
8875 9534
8876 13082
8879 10977
8881 11491
8883 11066
8884 10332
8885 8977
8886 9918
8886 12965
8887 11052
8887 13087
8890 14282
8891 9689
8891 13190
8892 13810
8895 12997
8895 14062
8896 11100
8897 10829
8898 11858
8900 11354
8901 9543
8902 10937
8903 14244
8904 9838
8905 12591
8908 13498
8909 13091
8910 10353
8910 12014
8910 12065
8910 13601
8916 11130
8916 13535
8919 13140
8919 13680
8923 12628
8924 9540
8924 13285
8925 10186
8926 14166
8927 10599
8928 10110
8929 11901
8931 9536
8931 14324
8934 12208
8936 12975
8938 12781
8940 12379
8942 13349
8944 9897
8944 13092
8945 13878
8946 9643
8950 8968
8953 10708
8953 11030
8953 12634
8954 13870
8958 13255
8960 11162
8961 9626
8963 9723
8964 9530
8966 9786
8968 12879
8969 13076
8970 10433
8970 13681
8970 13758
8971 10085
8971 14082
8973 12551
8973 14319
8975 9103
8976 10607
8978 9656
8979 11134
8979 11259
8980 9373
8980 10235
8981 11837
8985 13993
8986 10500
8986 14326
8987 11008
8989 12346
8991 13822
8993 11630
8993 12558
8996 11759
8999 9740
8999 10559
9000 11421
9000 12360
9001 9789
9001 12249
9004 12214
9005 10291
9007 12693
9009 11651
9010 10460
9011 13280
9012 13145
9013 10703
9014 11921
9015 9540
9015 13006
9018 11355
9018 11693
9019 9661
9019 11769
9019 12669
9020 11990
9020 13001
9021 10577
9021 11487
9022 9048
9024 10071
9025 12679
9026 10481
9027 11815
9027 13495
9028 10442
9028 10959
9030 10615
9031 9703
9033 13752
9036 12982
9036 13920
9037 9608
9040 10685
9042 11077
9042 12310
9044 9945
9044 13964
9045 9239
9046 11420
9046 13365
9047 14150
9048 10632
9048 10837
9048 13133
9048 13284
9052 12319
9053 10656
9055 11532
9055 13159
9056 9392
9056 9511
9058 11422
9061 9803
9061 11947
9061 13028
9062 9834
9062 11305
9064 11515
9064 14228
9066 9176
9069 10726
9069 12054
9069 13740
9072 11584
9072 13103
9073 10186
9073 12148
9073 12976
9074 12330
9075 10728
9077 10819
9077 11092
9077 11856
9078 10145
9079 10082
9079 10206
9079 11384
9079 11859
9080 11686
9080 14146
9081 9325
9081 10708
9081 13426
9082 11770
9084 9531
9084 9961
9085 10415
9086 12829
9090 10310
9091 10526
9092 10819
9097 11137
9097 11609
9099 10999
9099 12167
9100 11362
9101 9338
9101 10244
9102 10132
9102 12808
9103 9241
9103 11490
9103 13128
9104 9571
9104 10166
9104 14197
9106 11355
9107 9432
9108 10959
9109 11868
9111 12607
9114 9366
9114 13115
9116 12724
9117 14000
9120 9963
9120 12497
9122 10421
9123 9608
9123 12169
9124 13643
9125 12868
9128 13113
9129 14094
9131 9270
9131 11518
9131 12190
9131 13007
9131 13279
9131 13589
9132 10651
9132 11991
9134 11615
9138 11623
9139 10908
9139 11149
9140 11498
9141 10325
9141 10349
9141 13024
9144 12896
9146 10031
9148 13564
9149 11723
9152 11279
9152 11803
9153 13908
9155 12617
9155 14143
9158 13645
9159 9383
9160 9849
9160 11354
9160 13724
9161 13134
9162 11041
9163 11276
9164 9275
9166 11390
9167 12930
9167 14103
9168 11029
9168 13063
9169 9409
9170 10026
9170 10815
9170 12478
9172 14349
9173 9340
9174 12478
9175 10866
9176 9873
9177 12324
9177 13974
9179 9694
9179 11182
9179 12110
9180 14256
9181 11529
9182 11660
9182 13798
9182 14237
9183 11828
9185 9198
9185 12003
9186 12392
9186 12815
9187 10206
9187 10318
9187 14155
9188 12541
9189 13867
9190 12660
9192 9388
9192 10856
9194 9890
9194 10796
9195 9539
9195 14126
9198 10860
9200 13109
9202 12242
9203 10018
9203 10212
9203 11586
9204 10193
9206 9980
9207 11390
9207 12849
9209 10860
9211 9355
9211 10953
9212 9886
9212 9891
9213 10291
9213 11818
9214 9315
9214 12884
9214 13401
9215 11534
9217 11374
9218 10201
9218 12029
9219 11669
9220 10740
9221 12034
9221 12467
9223 11640
9223 11697
9224 10371
9224 12704
9225 11535
9226 11520
9226 11857
9228 13513
9228 13825
9229 13597
9230 13014
9230 13661
9231 13597
9231 14124
9232 13846
9233 12494
9234 10961
9234 13380
9235 12230
9235 13571
9237 14133
9239 11230
9240 9558
9240 9654
9241 10108
9241 11374
9241 12328
9242 11992
9243 10648
9243 13164
9244 12343
9245 13444
9246 11399
9246 13312
9248 10511
9251 10753
9251 14360
9253 13192
9254 9334
9254 13992
9258 12627
9260 13227
9263 9845
9263 9877
9264 12152
9264 13179
9265 12711
9266 11830
9267 12441
9267 12791
9269 10718
9269 11846
9270 10664
9270 11641
9270 11678
9272 13550
9273 13380
9274 9517
9274 11234
9275 9464
9276 9285
9276 9962
9276 10049
9276 10803
9276 12335
9277 13080
9277 13652
9277 14278
9278 11525
9279 12645
9280 9600
9280 10747
9281 10940
9283 12689
9284 11417
9284 12260
9288 9577
9288 10566
9289 10081
9291 12912
9291 12996
9291 13156
9293 10330
9294 11594
9294 11855
9295 10548
9296 11240
9296 12513
9300 11618
9300 12784
9300 13185
9302 11370
9304 9957
9304 10926
9308 9997
9308 11243
9309 9470
9309 12649
9309 14069
9311 11978
9312 11456
9314 10521
9315 11371
9316 9557
9318 11822
9318 11864
9319 12092
9320 10420
9320 11365
9321 9561
9322 11740
9323 10493
9323 12835
9324 13140
9324 13526
9325 10683
9326 11257
9326 11405
9329 12593
9333 10913
9333 13076
9336 12448
9338 13851
9339 10537
9340 10687
9340 11185
9342 9725
9342 10239
9342 13358
9342 13421
9348 12550
9348 14206
9353 11162
9359 12286
9359 12780
9360 9881
9360 10236
9360 10934
9360 12477
9362 12991
9365 10981
9367 9386
9367 10902
9370 9840
9373 11066
9373 12754
9374 9520
9374 14148
9374 14251
9375 12632
9375 13306
9376 9765
9376 10749
9377 11181
9378 11831
9379 12585
9380 11258
9381 13883
9382 9410
9382 13335
9384 10064
9384 12015
9391 11792
9392 11589
9392 12563
9396 13611
9397 12716
9397 14259
9400 10468
9400 13187
9400 13727
9403 10893
9407 10215
9407 12386
9407 13231
9408 14016
9409 11411
9410 11754
9412 10987
9413 10570
9413 11208
9413 12118
9413 14329
9414 10379
9414 14107
9415 11283
9415 13332
9417 13215
9417 13471
9419 13474
9421 9817
9423 10583
9423 13036
9426 11773
9427 9473
9427 10446
9428 12977
9429 12290
9430 10693
9431 11997
9431 13439
9433 12214
9434 10528
9434 14074
9435 14096
9436 11128
9437 12064
9439 13863
9440 11980
9441 9532
9442 13305
9444 11924
9447 13475
9448 12313
9448 12649
9449 9976
9452 13767
9453 12755
9454 11426
9455 10137
9456 12701
9461 12982
9461 13364
9462 13143
9464 9670
9464 11272
9464 12211
9465 10861
9466 9607
9467 12404
9467 13604
9468 12662
9468 13316
9469 9730
9469 10483
9469 14036
9470 13128
9471 10717
9472 10143
9472 13931
9473 12734
9476 12770
9477 13587
9478 13079
9479 11948
9480 10566
9480 11703
9482 11491
9484 11569
9485 11327
9486 10009
9488 10300
9489 11585
9489 13854
9491 10853
9492 9848
9494 12662
9496 10381
9497 14356
9500 10195
9500 10209
9500 11618
9500 12507
9501 11602
9501 13117
9502 10294
9503 10003
9503 10446
9503 10887
9503 13137
9507 9790
9509 9908
9509 10137
9510 13333
9510 14340
9514 13360
9515 13441
9517 12120
9518 14274
9519 11785
9521 10048
9522 10768
9522 13926
9523 9897
9523 11556
9523 12047
9526 12690
9527 12713
9527 12755
9528 10923
9528 12354
9528 13036
9528 13583
9529 9593
9530 9821
9530 10535
9531 12973
9532 11118
9533 11713
9534 12024
9535 9799
9535 14018
9537 11177
9540 12834
9541 13711
9542 13664
9543 12507
9544 9829
9545 10887
9546 10784
9549 13212
9549 13230
9549 13589
9549 13829
9549 14323
9550 9858
9550 10114
9551 12546
9554 10195
9554 10345
9555 13112
9555 13182
9557 11030
9560 13431
9561 10146
9561 10735
9561 12185
9562 10798
9562 13421
9563 13536
9564 9693
9564 12909
9564 13061
9565 13549
9567 10151
9567 12367
9568 10893
9568 11147
9570 9581
9570 12309
9571 13509
9572 13764
9575 12443
9576 9982
9577 10241
9577 10461
9577 11395
9577 12072
9577 13786
9578 13081
9579 13228
9582 12209
9582 12939
9582 13584
9583 13956
9589 14009
9590 11216
9591 10978
9593 11197
9594 13782
9595 13755
9597 13831
9598 10612
9598 13354
9599 11572
9600 10316
9601 10412
9604 11237
9606 13755
9608 9691
9609 13301
9610 9822
9610 13165
9611 13480
9612 10705
9613 12370
9613 13231
9615 12519
9618 11258
9618 12186
9618 13372
9621 10956
9622 13222
9623 10450
9623 13783
9624 10533
9624 11068
9625 13427
9626 9854
9626 12620
9628 14362
9629 10212
9630 9806
9630 10998
9630 13390
9630 14177
9631 11226
9632 10837
9633 12522
9634 10936
9634 13461
9636 11977
9637 11134
9638 10357
9638 11626
9639 14050
9641 10028
9641 12038
9642 12380
9643 10336
9643 13929
9644 10808
9645 10175
9645 12949
9646 11660
9649 12096
9650 9756
9650 12278
9654 11120
9657 10419
9658 11259
9659 9785
9660 11165
9661 11533
9661 11661
9662 10211
9662 10399
9662 11649
9662 12028
9662 12650
9662 13108
9663 10610
9664 11935
9664 12142
9665 9726
9665 11208
9670 11886
9673 11842
9675 10858
9675 13372
9675 13727
9677 11650
9677 12622
9677 13971
9678 10517
9679 13682
9679 14017
9680 12263
9681 11903
9681 12841
9681 13969
9682 12319
9684 11970
9686 12785
9687 11254
9687 14190
9689 12986
9689 13126
9689 13177
9692 13683
9692 14330
9693 11867
9695 12716
9696 11519
9697 11945
9697 12124
9698 12850
9699 10007
9699 13601
9702 11951
9703 10359
9703 14334
9704 10464
9704 11699
9704 13492
9705 11752
9706 11416
9707 13835
9708 12025
9709 12509
9712 11191
9712 12397
9716 10510
9716 10823
9717 10976
9718 10400
9718 13136
9719 11763
9720 12588
9721 11706
9721 13612
9723 14101
9724 10267
9725 13768
9727 11149
9728 12248
9729 9954
9729 10150
9732 11979
9732 12887
9733 13145
9735 10392
9735 12461
9737 10037
9737 12964
9741 13962
9742 10409
9743 9947
9744 10444
9746 11116
9747 10206
9748 10228
9749 10942
9749 12971
9749 13504
9757 13006
9758 13416
9759 13930
9761 10250
9763 10048
9763 11912
9764 11787
9765 9908
9765 10855
9767 10137
9767 10854
9767 13611
9768 13724
9769 14301
9770 13471
9771 9961
9774 12475
9777 10162
9777 10364
9780 11596
9780 14192
9781 13823
9781 13937
9783 12957
9784 13258
9787 14003
9790 11733
9790 11847
9791 10653
9793 14115
9794 14037
9795 12137
9798 12944
9800 10856
9801 10519
9802 12540
9805 13854
9807 11576
9808 10331
9808 11389
9809 10703
9809 10898
9810 12794
9811 10187
9813 12411
9814 12321
9814 12515
9821 10852
9821 12275
9826 13187
9826 13453
9827 10713
9831 11993
9832 12115
9834 9990
9835 11074
9837 10000
9839 9927
9839 10766
9839 10908
9839 14074
9840 14139
9841 11475
9841 13621
9842 13689
9843 10862
9844 13043
9847 13680
9850 12016
9853 12420
9854 13231
9855 13571
9856 10844
9857 10526
9857 13832
9859 14163
9860 10442
9862 10762
9862 12890
9863 12778
9863 13815
9864 12930
9865 11772
9866 11639
9867 12085
9869 10639
9869 12108
9870 10686
9870 12176
9871 10537
9872 11337
9873 14060
9874 13817
9875 13221
9876 13561
9878 12272
9883 10942
9883 11060
9885 12931
9887 11251
9888 9978
9888 11918
9889 10024
9891 12572
9891 13875
9893 12827
9894 11058
9894 13199
9895 13440
9896 13412
9897 12165
9901 14307
9903 10853
9903 13649
9904 10164
9904 10242
9904 10902
9905 14092
9906 10250
9910 12417
9910 12762
9911 13291
9912 11590
9912 11719
9912 12687
9914 10938
9914 10988
9915 10743
9916 12235
9917 13351
9917 13810
9918 10966
9918 12132
9920 9927
9922 11383
9922 13256
9925 12622
9926 13604
9927 11947
9927 13027
9927 13270
9928 11376
9929 10917
9930 10312
9930 11156
9932 10177
9932 11560
9933 12323
9935 13075
9937 13170
9939 10063
9939 11442
9941 11888
9943 11801
9943 13598
9944 13080
9945 12005
9946 11491
9948 10589
9948 12908
9951 13604
9954 12110
9954 12234
9955 14322
9956 14218
9959 11464
9961 11348
9961 14028
9965 13056
9966 10003
9966 10789
9966 12300
9968 11757
9969 10513
9969 13308
9971 13319
9975 12600
9977 9996
9977 11429
9977 13414
9978 12950
9979 13201
9979 14180
9980 12552
9980 13034
9980 14296
9985 11250
9987 10294
9987 10347
9989 12310
9989 12403
9990 13074
9991 10968
9993 12411
9994 11117
9994 12097
9995 11660
9995 13855
9997 12369
9999 10025
9999 12212
9999 13779
10000 11798
10000 12377
10003 10707
10003 13238
10007 11580
10014 11644
10016 11916
10017 12076
10017 13718
10018 12444
10018 12986
10019 12433
10020 10516
10020 12931
10023 11248
10026 10693
10026 11492
10026 11547
10027 13746
10028 12587
10028 13664
10029 12373
10033 10176
10034 11842
10037 13153
10040 10148
10043 10413
10044 10683
10046 12268
10046 12976
10047 13520
10048 13591
10049 11830
10049 13391
10049 13410
10050 10702
10050 10773
10053 12401
10054 10469
10056 10108
10057 11686
10058 10276
10060 13009
10062 11558
10063 11566
10065 10289
10069 10346
10071 12430
10073 10082
10074 12921
10074 13560
10075 14294
10076 10543
10076 13209
10076 13712
10077 10720
10077 10992
10078 14096
10079 10299
10081 10281
10081 12423
10082 10972
10082 13440
10082 14298
10083 11467
10083 11621
10083 12303
10083 14083
10087 12028
10087 13170
10090 11016
10090 12400
10096 12088
10098 13524
10103 10795
10104 10811
10107 12370
10107 14160
10109 12877
10112 11587
10114 14262
10115 10310
10115 11153
10116 10155
10117 11181
10117 12396
10118 10553
10118 10646
10119 11748
10119 13826
10120 13074
10121 11546
10121 12619
10122 12380
10126 10870
10126 11945
10127 10916
10131 12743
10131 13162
10132 10257
10132 11343
10133 12065
10133 12250
10134 14020
10135 12211
10136 13207
10141 10729
10142 13625
10146 11005
10149 11473
10151 13926
10152 12103
10153 12784
10153 14359
10155 10330
10156 12097
10157 10645
10158 14128
10159 10519
10160 11927
10161 11026
10163 14007
10164 12640
10166 13135
10168 10943
10170 13349
10172 11899
10173 13848
10174 11214
10175 13927
10180 11133
10180 13697
10183 12889
10184 12967
10186 11695
10192 11250
10192 12700
10193 10970
10194 11730
10198 13757
10199 11532
10200 11116
10200 11176
10200 12144
10200 13386
10202 13041
10204 13029
10205 13692
10206 11659
10207 11373
10209 14022
10211 13187
10212 10215
10213 11856
10213 11952
10214 12061
10217 11626
10218 14246
10218 14343
10219 13747
10221 12739
10221 13553
10222 11775
10222 13033
10223 13472
10225 11368
10225 11750
10226 12267
10227 13097
10228 10952
10230 11564
10231 12985
10231 13136
10232 10269
10232 12908
10233 12789
10236 13203
10237 11033
10241 14340
10242 12102
10243 12304
10244 13949
10245 12971
10252 12561
10253 13629
10255 12376
10257 11322
10258 13676
10260 10921
10261 11983
10261 11998
10261 13753
10264 11247
10265 11981
10267 11836
10268 12231
10268 12747
10269 12155
10270 12229
10272 13007
10273 12228
10277 13335
10279 11690
10279 13350
10279 13884
10280 13394
10281 12644
10283 13029
10284 11525
10284 13621
10290 13745
10291 10876
10291 12553
10294 13214
10296 14125
10296 14272
10298 13294
10299 13489
10299 13992
10303 11311
10303 12700
10306 13920
10307 14210
10308 12926
10311 12492
10311 12841
10314 11084
10315 13022
10317 10715
10317 14050
10318 11039
10319 13484
10319 13976
10320 12766
10321 13881
10322 12723
10323 11345
10324 11113
10326 11315
10326 11946
10327 11988
10327 12535
10329 10579
10329 10805
10330 11562
10331 14325
10333 11203
10334 11743
10334 12046
10335 11681
10337 11030
10338 12207
10338 12456
10338 12992
10339 12545
10343 13905
10349 12724
10350 10540
10351 13231
10352 13718
10353 13208
10355 11007
10356 11185
10358 11861
10358 12347
10359 10851
10360 13461
10361 11683
10362 12600
10363 10960
10364 10839
10364 11027
10366 11787
10366 12534
10367 11452
10368 13880
10369 12250
10374 11166
10374 11237
10376 14098
10377 13264
10378 13020
10381 12862
10383 12692
10385 12854
10386 13843
10387 13094
10388 12582
10393 13312
10394 10789
10394 11947
10395 10985
10395 12862
10395 12943
10396 13326
10397 13679
10399 12139
10400 13740
10402 10873
10403 10415
10403 12205
10404 12764
10409 13402
10414 11849
10416 13769
10417 12772
10419 12748
10421 11784
10421 11837
10421 13682
10425 11522
10425 11776
10425 13659
10428 11380
10430 11161
10430 11513
10434 10878
10434 13845
10434 14211
10436 12073
10436 12698
10437 13269
10442 12379
10445 11526
10448 13721
10450 14103
10450 14173
10451 12594
10451 12980
10454 11049
10456 10612
10456 12630
10457 11545
10458 10967
10458 12539
10458 14020
10461 11889
10462 13815
10465 13099
10466 13262
10468 12090
10469 13011
10470 11064
10470 11516
10472 13533
10478 13173
10479 13253
10480 13122
10480 13522
10483 14361
10486 13662
10486 13716
10489 14206
10490 13384
10491 12563
10495 12212
10497 11546
10497 13428
10499 11930
10499 12202
10500 10834
10501 10719
10501 12517
10501 13719
10502 11645
10503 11145
10504 14013
10505 10587
10505 12376
10508 11387
10510 11195
10510 12154
10511 13856
10512 13866
10513 13487
10514 14349
10516 11413
10519 11075
10521 12302
10522 10672
10528 13356
10532 11684
10535 10739
10535 10768
10535 11190
10536 10966
10537 11969
10537 14158
10544 12275
10544 13621
10546 11031
10550 13011
10552 11282
10552 11843
10552 12804
10552 14203
10555 10940
10556 10620
10557 10806
10559 13515
10560 11685
10560 12079
10561 13382
10562 12115
10564 11092
10564 11883
10564 12053
10565 11850
10565 12157
10566 11072
10566 11250
10566 13233
10566 13750
10568 11187
10570 12941
10571 12920
10571 13330
10572 10790
10573 12990
10574 12875
10575 12479
10575 12702
10575 12793
10575 14018
10576 13316
10576 14096
10577 12599
10578 11560
10581 12521
10583 11514
10583 12471
10583 14350
10586 13033
10587 12067
10588 10824
10589 11705
10589 11931
10590 11592
10590 12524
10591 11500
10591 11509
10594 12040
10594 13249
10599 13658
10599 13992
10600 12528
10604 10778
10605 12035
10606 14190
10607 11921
10608 10690
10608 11635
10609 11750
10611 11032
10611 11086
10612 11956
10612 12953
10625 13563
10626 14092
10627 12781
10631 12671
10633 11774
10634 13410
10637 13873
10639 13696
10646 12980
10647 14098
10648 11479
10650 13182
10651 12318
10651 12769
10652 12292
10652 14178
10653 12255
10654 12439
10656 12534
10657 12809
10659 11629
10660 12762
10662 11515
10662 13709
10665 12411
10667 13468
10668 12975
10668 13019
10669 11428
10670 12972
10671 10890
10673 11103
10674 10994
10674 11151
10675 10808
10678 11186
10678 13823
10680 12850
10681 13142
10682 11637
10684 10707
10684 12888
10684 13546
10685 11830
10692 13679
10692 14077
10693 11022
10693 11522
10693 12181
10693 12472
10693 13132
10693 13556
10693 14043
10694 13768
10698 13013
10699 11616
10702 13931
10707 13328
10708 13227
10709 13212
10709 13260
10711 10807
10711 12800
10711 13013
10712 13532
10713 13825
10715 12107
10717 12335
10720 11571
10720 12607
10720 13897
10721 12276
10724 10800
10724 11605
10724 12693
10727 13364
10729 13688
10730 12773
10730 14193
10731 14324
10732 12547
10735 11312
10738 12651
10742 12405
10744 11922
10747 10847
10754 11757
10755 11503
10755 12736
10757 13137
10757 13413
10760 13165
10763 14002
10767 13737
10767 13914
10769 11422
10771 11636
10775 11295
10777 11421
10777 13818
10778 13689
10783 11384
10784 11208
10786 12573
10790 11060
10791 13954
10793 10923
10793 11705
10795 13384
10797 11891
10797 13456
10797 13947
10799 13657
10803 13036
10804 13976
10805 12678
10805 13098
10806 11916
10806 13450
10808 11837
10808 12977
10810 13824
10811 11249
10812 11006
10814 11648
10814 12731
10814 13895
10819 12193
10821 11113
10821 13828
10824 13531
10824 13626
10826 13821
10830 13711
10833 14076
10835 13216
10838 11708
10838 13181
10839 14197
10840 13105
10841 11362
10842 10929
10843 13296
10845 11638
10849 12411
10851 14135
10855 11184
10855 12840
10858 11611
10863 13208
10863 14151
10865 13454
10866 12444
10866 13078
10866 13812
10868 13039
10868 13601
10869 14324
10872 11594
10873 12220
10874 11983
10874 12977
10874 13807
10877 12742
10877 13571
10880 11706
10881 12017
10884 10925
10887 12461
10888 11430
10890 11385
10891 10895
10899 13787
10899 14164
10903 13031
10905 13205
10907 13557
10909 11470
10909 13065
10910 11387
10914 12606
10914 13285
10918 11446
10919 13065
10920 12942
10920 13528
10922 13323
10924 11031
10925 11782
10927 11072
10927 11357
10927 11990
10928 11643
10929 11906
10931 12042
10931 12942
10931 14115
10932 12211
10934 12510
10934 13163
10935 11514
10935 11796
10936 13562
10936 13784
10937 14220
10940 12193
10941 12600
10944 12155
10944 14142
10945 11407
10945 14352
10949 12667
10950 12284
10954 11025
10956 12617
10957 10985
10958 12427
10958 12469
10959 12772
10960 12946
10961 12114
10962 11785
10966 11449
10966 13456
10967 12235
10969 11838
10971 12069
10971 13555
10973 14197
10975 13254
10977 12664
10977 13607
10977 14005
10979 11040
10981 11942
10981 13442
10982 11529
10982 13088
10984 14024
10988 11563
10988 13791
10989 11371
10990 12182
10994 11240
10994 13504
10996 11347
10997 12644
10997 14320
10999 14141
11003 12762
11003 13140
11007 11392
11007 13207
11007 13513
11008 11148
11010 12937
11010 13730
11012 11065
11013 14121
11014 11406
11016 12081
11020 12401
11020 13763
11022 12449
11023 13201
11027 14055
11028 12847
11029 11712
11029 14082
11035 13331
11035 13957
11037 11999
11038 11283
11038 12715
11039 11985
11043 11076
11047 13277
11048 11926
11050 11995
11051 13362
11051 14149
11052 12536
11053 11955
11054 13005
11055 11453
11057 11099
11058 11789
11058 12086
11059 12077
11060 12035
11061 12164
11062 11166
11066 11640
11067 12249
11069 13979
11071 11381
11071 11499
11072 12865
11073 12792
11073 13779
11076 12011
11080 11669
11082 12560
11091 12473
11093 12364
11093 13681
11098 14212
11100 11458
11102 11291
11102 11663
11102 12054
11109 13523
11109 13850
11110 13330
11110 14096
11112 11954
11113 11690
11113 11739
11115 13809
11123 12899
11128 13292
11131 11306
11131 11817
11132 11932
11133 14252
11134 11170
11136 11346
11136 13583
11137 14170
11139 11850
11140 11396
11140 12146
11140 12843
11142 11685
11143 12670
11143 13370
11145 13338
11145 14333
11146 12715
11147 12748
11149 12322
11151 14137
11152 11930
11154 14224
11157 12816
11159 12066
11162 13544
11163 12181
11164 14350
11165 11877
11167 12749
11167 13277
11167 13928
11169 13428
11171 11562
11172 11513
11173 12565
11177 13186
11178 13069
11181 12432
11184 13124
11185 12166
11186 13028
11186 13893
11188 11250
11188 13990
11189 12435
11189 13816
11191 12088
11192 11213
11192 11444
11193 13395
11195 11870
11195 13072
11196 13428
11199 12787
11201 12792
11202 12477
11202 14217
11205 11871
11207 12383
11209 12446
11212 12485
11213 11475
11218 12383
11218 12451
11219 13148
11221 11602
11221 13052
11222 14190
11223 11848
11224 12687
11225 11829
11225 12530
11225 12960
11225 13196
11226 11323
11226 13787
11228 12594
11228 14034
11233 14200
11235 11552
11237 12152
11240 11667
11240 12799
11243 14339
11244 11323
11245 11531
11249 13468
11250 13545
11253 11912
11257 13831
11261 11340
11262 12109
11262 13060
11264 12849
11265 12826
11267 11432
11267 13697
11268 12231
11276 12378
11276 13829
11280 13718
11283 13632
11285 12681
11286 12300
11286 12456
11286 14138
11288 11543
11290 11808
11293 11794
11295 11384
11295 11452
11295 13950
11297 13643
11298 11554
11299 11552
11300 11723
11300 12407
11300 13263
11302 13986
11303 13023
11303 14052
11304 12389
11306 13278
11306 13310
11307 11404
11308 12454
11308 13593
11310 12961
11314 13506
11315 11447
11317 12083
11318 13433
11318 13588
11320 12742
11324 13628
11325 11419
11325 13466
11326 13787
11332 12883
11335 13731
11337 12234
11338 12789
11341 13679
11343 13295
11344 13602
11345 13028
11347 12802
11349 11805
11349 14183
11350 12023
11353 12698
11354 13426
11355 11442
11357 13475
11361 11667
11364 11700
11364 12671
11366 13972
11367 11598
11374 12012
11375 11701
11378 12161
11381 14246
11382 13581
11384 13785
11387 11928
11388 12564
11388 13332
11389 12832
11390 14133
11393 11860
11394 12499
11396 12285
11396 13937
11397 12064
11401 13185
11402 14023
11404 14208
11406 11834
11407 13932
11409 13823
11411 11987
11414 11619
11414 12870
11414 12926
11419 13800
11421 11816
11423 13590
11424 11831
11431 11924
11434 13591
11438 13551
11439 12514
11439 13810
11440 12290
11440 13719
11441 12379
11446 13910
11447 12095
11448 13677
11449 12740
11452 13377
11453 12034
11453 14198
11455 14196
11456 13113
11456 14109
11457 13203
11458 14106
11461 12831
11468 11616
11469 12339
11469 13978
11472 12478
11473 11999
11473 12287
11473 13857
11475 12041
11475 12856
11476 13900
11478 12837
11479 11614
11479 12959
11481 12288
11482 14042
11483 12972
11484 13077
11486 13723
11488 13605
11491 12870
11492 12379
11493 12214
11502 13300
11502 14256
11503 12362
11504 12053
11507 12540
11508 13024
11510 11581
11511 12410
11511 13449
11512 13764
11513 14223
11514 12297
11515 13056
11515 13196
11516 11696
11517 13830
11518 12974
11518 14015
11520 13527
11522 12167
11522 12677
11523 11606
11539 12360
11540 13503
11543 13056
11546 13772
11548 13999
11553 11795
11554 11860
11554 12567
11556 11674
11556 13845
11560 14007
11566 11789
11567 14026
11569 12026
11569 12387
11569 12564
11569 12766
11569 13491
11570 11712
11573 12920
11573 14015
11574 12572
11575 14238
11576 12647
11576 12972
11576 14160
11577 13472
11580 13125
11582 13710
11583 13185
11584 11632
11584 13400
11591 12088
11598 13147
11599 13017
11599 14292
11604 13024
11605 12527
11606 12794
11608 13067
11609 13199
11611 12267
11611 13811
11612 12650
11614 12032
11615 14353
11616 13103
11616 14069
11617 14059
11618 11821
11623 11967
11623 12934
11632 13139
11634 13948
11638 13949
11639 12266
11640 12191
11642 12168
11643 12438
11646 13039
11647 12806
11652 11842
11652 13639
11656 11857
11660 13244
11660 13308
11661 13275
11662 11807
11662 13596
11663 13205
11663 13832
11664 12916
11668 13184
11669 13650
11671 13379
11673 12311
11675 11877
11676 12224
11681 12831
11682 14166
11684 12365
11686 13389
11687 12530
11687 14295
11693 11745
11694 12096
11697 13605
11698 13173
11699 12109
11702 12110
11702 14051
11703 13738
11703 13924
11707 12389
11707 12833
11707 13483
11712 13041
11714 11947
11719 13750
11719 14310
11720 12051
11724 12974
11725 12154
11728 14221
11730 12202
11732 12560
11734 13114
11739 14193
11740 14035
11742 13091
11743 12901
11745 13653
11750 13903
11751 13710
11751 13833
11753 13170
11754 13135
11755 14302
11756 13780
11759 12135
11762 13341
11763 13716
11764 13710
11768 13779
11771 13982
11777 13384
11777 14355
11778 13564
11779 11942
11784 13018
11784 13821
11785 13591
11786 13856
11787 13058
11787 13757
11789 12458
11794 14313
11800 13660
11801 13116
11809 12291
11809 13003
11811 13486
11817 13838
11828 12628
11830 12773
11831 13231
11832 13120
11833 11872
11833 12053
11833 12708
11837 12163
11837 12389
11837 13250
11837 13395
11837 13470
11838 12617
11839 12019
11840 13864
11842 12954
11843 14313
11846 13003
11850 12695
11852 13569
11857 12376
11858 12869
11862 12148
11863 12086
11870 14087
11871 12099
11872 13965
11875 12152
11877 13912
11879 14008
11880 13220
11880 13367
11881 13896
11886 12426
11892 14062
11904 13026
11909 13568
11910 12588
11911 13006
11912 12932
11913 13063
11914 14184
11917 12457
11919 14279
11923 12125
11925 12509
11930 14285
11934 14209
11936 12909
11940 11993
11945 13656
11945 13692
11946 12909
11946 13702
11947 12452
11949 11963
11951 13191
11952 12808
11952 12939
11954 14019
11958 14219
11961 12413
11964 11991
11964 14018
11965 12041
11966 13172
11966 13800
11969 12013
11976 12638
11976 12963
11976 13638
11978 11986
11980 13412
11984 12181
11984 12503
11984 12588
11984 14349
11989 12689
11990 14171
11993 12532
11994 12426
11995 13635
11997 13800
11999 13070
12002 13486
12003 14041
12003 14270
12004 13071
12006 13972
12014 13542
12014 14335
12016 12271
12017 12660
12018 12526
12018 14060
12021 12701
12021 13637
12022 13388
12029 14340
12033 14252
12036 12226
12041 12715
12043 13195
12045 13389
12047 12521
12050 12305
12053 13203
12053 13671
12056 12864
12057 14210
12058 13791
12059 14314
12062 12589
12063 14100
12064 13149
12065 13218
12071 12714
12072 12704
12073 13144
12074 12594
12077 13104
12077 13375
12078 14150
12081 13308
12083 13575
12085 12434
12085 13004
12086 14287
12088 13677
12091 12774
12092 12207
12096 13856
12108 14339
12110 14175
12112 13096
12115 13559
12117 13547
12118 13417
12125 13983
12131 13196
12132 12531
12138 13225
12138 13953
12141 12754
12141 13173
12141 13526
12144 12906
12148 12395
12150 13116
12153 14080
12154 14000
12155 13182
12157 12561
12158 13099
12160 12269
12164 12369
12167 12377
12168 13735
12169 12376
12169 13446
12171 13412
12171 13725
12175 14063
12176 13648
12177 12735
12179 13325
12185 14317
12186 12408
12194 13231
12196 12986
12200 13297
12210 13793
12211 13112
12211 13127
12213 12681
12214 12855
12214 12980
12214 13041
12215 12354
12216 12633
12218 13090
12218 13501
12222 12928
12227 12902
12230 12584
12231 13022
12235 12265
12235 14087
12240 13703
12244 13877
12249 13231
12251 13118
12254 12473
12254 13254
12254 14339
12255 13613
12260 12735
12263 13939
12268 13367
12272 13550
12273 12580
12273 13440
12273 13886
12275 14166
12276 12816
12278 12713
12279 12977
12279 13526
12283 12723
12286 12492
12286 14091
12287 12438
12290 12908
12291 13131
12295 13307
12296 14040
12297 12411
12299 12653
12299 13701
12301 12846
12301 13797
12303 13634
12304 13254
12306 14051
12307 12456
12312 13775
12326 14136
12332 13720
12335 12919
12340 12495
12349 12674
12354 13762
12355 12816
12357 13135
12360 13963
12366 14082
12371 12902
12376 14011
12377 13614
12382 14057
12383 12541
12387 13400
12387 14072
12388 13781
12389 14065
12392 13933
12393 13765
12396 13723
12400 12813
12401 12670
12404 12984
12404 13033
12405 12415
12412 13841
12415 13584
12417 13014
12420 14262
12422 13308
12424 12452
12426 13428
12426 14002
12429 12485
12430 13411
12436 13904
12440 12675
12443 13637
12451 12516
12455 12562
12455 13248
12455 13845
12455 14044
12459 12504
12463 13481
12465 13448
12466 13129
12467 12507
12469 13002
12470 13941
12472 13973
12474 13987
12475 13605
12481 12687
12486 12837
12487 12874
12488 12826
12494 13043
12496 13345
12496 13525
12499 13218
12501 12729
12509 13710
12513 12635
12515 13480
12515 13603
12517 13745
12520 13535
12523 14212
12526 14227
12528 14004
12529 13250
12533 12991
12547 13442
12557 14141
12559 13469
12566 12738
12568 13919
12569 14001
12576 13129
12584 12792
12584 14270
12594 12612
12595 13092
12598 12673
12603 14206
12605 13155
12611 12760
12613 13651
12614 13448
12615 12795
12615 13199
12617 13424
12619 13487
12622 13392
12632 13725
12634 14205
12639 13413
12641 13386
12643 14336
12644 13250
12646 12903
12649 13980
12652 14146
12658 13935
12664 14181
12671 13664
12675 14118
12678 13877
12680 14290
12681 13744
12683 13067
12683 13412
12687 13504
12687 13948
12688 13985
12688 14254
12689 13806
12691 13343
12692 14234
12693 13665
12694 13005
12695 13427
12701 13669
12711 13160
12711 13709
12712 13194
12712 13459
12715 13645
12721 13330
12722 13251
12724 13018
12728 13976
12735 13537
12736 13368
12739 12797
12739 14168
12742 12954
12743 12978
12745 12934
12745 13109
12746 13618
12750 13999
12758 13392
12758 13783
12759 13336
12765 13963
12774 13871
12778 13636
12779 13659
12782 13336
12793 14013
12797 14198
12809 12839
12810 13283
12814 13564
12819 13997
12824 13238
12827 13589
12828 13966
12829 13324
12830 13184
12833 14036
12836 13233
12842 13438
12842 14240
12843 13434
12845 13347
12849 12909
12850 13463
12852 13702
12855 14228
12861 13706
12864 14096
12865 14142
12867 13061
12870 13517
12874 13770
12875 13230
12876 13314
12881 14324
12882 13613
12884 13755
12886 13337
12892 13321
12902 12917
12907 13848
12914 13752
12919 13755
12920 13623
12923 14239
12928 14221
12935 13317
12936 13864
12943 14196
12944 14141
12953 14048
12958 12980
12959 13673
12960 14129
12961 13954
12965 14171
12969 13739
12970 13158
12970 14306
12973 14180
12980 13130
12985 13695
12990 13653
12994 13080
13010 13363
13015 13762
13018 14320
13020 14119
13021 13763
13027 13710
13029 13815
13031 13932
13032 13074
13032 13210
13035 14125
13037 14121
13048 13445
13048 13708
13052 13125
13055 13828
13059 14163
13060 13144
13062 13423
13064 13222
13065 13754
13065 14011
13066 13400
13067 13282
13079 13302
13079 14345
13093 13537
13103 13164
13107 13223
13111 14218
13113 14036
13116 13340
13118 14223
13131 13284
13138 14063
13141 13824
13144 13284
13145 13408
13146 13870
13146 14257
13151 14286
13157 13162
13157 13716
13166 13617
13167 13516
13168 14021
13174 13550
13174 13921
13177 13719
13182 13391
13188 14284
13195 13674
13203 13275
13204 13358
13204 13844
13205 14137
13207 13678
13210 13663
13213 13329
13219 13639
13230 13238
13234 13665
13236 14325
13238 13630
13246 13384
13247 13354
13247 13479
13248 14041
13249 14197
13251 13281
13253 14089
13264 14358
13270 13373
13274 13500
13279 13749
13280 14011
13283 14293
13284 14313
13296 14199
13297 13531
13298 13395
13300 14070
13304 14045
13313 13432
13317 13979
13346 14281
13356 13891
13357 14056
13364 13452
13364 13860
13368 14007
13369 13702
13378 13395
13391 14160
13413 13658
13419 13535
13420 13967
13424 13668
13424 14018
13426 13927
13435 13719
13436 13814
13446 13599
13458 13823
13474 14110
13485 13588
13509 14089
13510 13658
13513 14212
13525 13982
13526 13768
13526 14167
13529 14231
13535 13621
13554 13697
13563 13689
13566 14246
13567 14117
13570 13924
13572 13961
13582 13801
13583 13951
13589 13732
13589 14073
13592 13760
13608 14219
13617 14123
13627 14104
13628 14178
13631 14047
13633 14337
13634 13898
13677 14013
13682 13730
13687 13741
13691 13913
13699 14167
13701 14173
13705 13810
13709 13800
13710 13716
13734 13875
13740 14228
13751 13896
13765 13951
13769 13960
13774 13793
13776 13800
13784 14275
13788 13893
13789 13917
13799 14146
13811 14325
13816 14320
13824 14238
13842 14336
13845 14195
13849 14003
13855 13960
13871 14233
13872 14244
13884 14289
13898 13954
13899 14220
13930 13976
13950 14067
13958 14147
13980 14245
13981 14166
13983 14101
14016 14248
14019 14321
14027 14360
14033 14275
14045 14245
14052 14198
14054 14124
14055 14115
14069 14314
14097 14359
14122 14177
14126 14354
14159 14282
14184 14315
14261 14321
14323 14337
